"ordre","code","nom","unite_apprentissage_reference","duree_en_heure","isOfficiel","lien","description","formateur_reference","reference","is_imitation_ua"
"1","T.162.111","Comment apprendre à Solicode ?","DWB-UA.162.11","1","1","https://solicode-web-mobile.github.io/autoformations-web/tutos/apprendre-%C3%A0-solicode/","","","DWB-T.162.111","0"
"0","T.122.110","Installation de Visual Studio Code","DWB-UA.122.11","1","1","https://solicode-web-mobile.github.io/autoformations-web/tutos/installation-visual-studio-code/","","","DWB-T.122.110","0"
"1","T.111.121","Repérer les actions du Visiteur","DWB-UA.111.12","1","1","https://solicode-web-mobile.github.io/autoformations-web/tutos/reperer-les-actions-du-visiteur/","","","DWB-T.111.121","0"
"1","T.161.131","Découvrir les langages du Web","DWB-UA.161.13","1","1","https://solicode-web-mobile.github.io/autoformations-web/tutos/langages-du-web/","","","DWB-T.161.131","0"
"1","T.111.131","Repérer les actions de l'Administrateur","DWB-UA.111.13","1","1","https://solicode-web-mobile.github.io/autoformations-web/tutos/reperer-les-actions-de-l-administrateur/","","","DWB-T.111.131","0"
"1","T.161.121","Découvrir le Web et Internet","DWB-UA.161.12","1","1","https://solicode-web-mobile.github.io/autoformations-web/tutos/web-internet/","","","DWB-T.161.121","0"
"1","T.112.111","Distinguer information, donnée et valeur","DWB-UA.112.11","1","1","https://solicode-web-mobile.github.io/autoformations-web/tutos/distinguer-information-donnee-valeur/","","","DWB-T.112.111","0"
"1","T.161.111","Découvrir Google Slides et le partage","DWB-UA.161.11","1","1","https://solicode-web-mobile.github.io/autoformations-web/tutos/partage-google-slides/","","","DWB-T.161.111","0"
"1","T.152.28.1","Tenir son suivi à jour","DWB-UA.152.28","1","1","https://solicode-web-mobile.github.io/autoformations-web/tutos/tenir-suivi-a-jour/","","","DWB-T.152.28.1","0"
"1","T.152.27.1","Faire un compte rendu d'avancement","DWB-UA.152.27","1","1","https://solicode-web-mobile.github.io/autoformations-web/tutos/faire-compte-rendu-avancement/","","","DWB-T.152.27.1","0"
"1","T.152.26.1","Signaler un blocage efficacement","DWB-UA.152.26","1","1","https://solicode-web-mobile.github.io/autoformations-web/tutos/signaler-blocage-efficacement/","","","DWB-T.152.26.1","0"
"1","T.152.25.1","Comparer temps prévu et temps réel","DWB-UA.152.25","1","1","https://solicode-web-mobile.github.io/autoformations-web/tutos/comparer-temps-prevu-reel/","","","DWB-T.152.25.1","0"
"1","T.152.24.1","Utiliser un tableau de suivi","DWB-UA.152.24","1","1","https://solicode-web-mobile.github.io/autoformations-web/tutos/utiliser-tableau-suivi/","","","DWB-T.152.24.1","0"
"1","T.152.23.1","Découper une tâche en actions simples","DWB-UA.152.23","1","1","https://solicode-web-mobile.github.io/autoformations-web/tutos/decouper-tache-actions-simples/","","","DWB-T.152.23.1","0"
"1","T.152.22.1","Créer un planning simple","DWB-UA.152.22","1","1","https://solicode-web-mobile.github.io/autoformations-web/tutos/creer-planning-simple/","","","DWB-T.152.22.1","0"
"1","T.152.21.1","Définir le résultat attendu d'une tâche","DWB-UA.152.21","1","1","https://solicode-web-mobile.github.io/autoformations-web/tutos/definir-resultat-attendu/","","","DWB-T.152.21.1","0"
"1","T.151.151","Lire l'historique du projet avec git log","DWB-UA.151.15","1","1","https://solicode-web-mobile.github.io/autoformations-web/tutos/historique-log/","","","DWB-T.151.151","0"
"1","T.151.141","Créer et configurer un fichier .gitignore","DWB-UA.151.14","1","1","https://solicode-web-mobile.github.io/autoformations-web/tutos/creer-gitignore/","","","DWB-T.151.141","0"
"1","T.151.131","Partager son travail sur Internet avec git push","DWB-UA.151.13","1","1","https://solicode-web-mobile.github.io/autoformations-web/tutos/partager-github/","","","DWB-T.151.131","0"
"1","T.121.111","Afficher son nom avec JavaScript","DWB-UA.121.11","1","1","https://solicode-web-mobile.github.io/autoformations-web/tutos/variables-entr%C3%A9es-sorties/","","","DWB-T.121.111","0"
"1","T.151.121","Les 3 zones de Git expliquées simplement","DWB-UA.151.12","1","1","https://solicode-web-mobile.github.io/autoformations-web/tutos/3-zones-git/","","","DWB-T.151.121","0"
"1","T.151.111","Installer et configurer Git sur son ordinateur","DWB-UA.151.11","1","1","https://solicode-web-mobile.github.io/autoformations-web/tutos/installer-git/","","","DWB-T.151.111","0"
"1","T.141.13.1","Démarrer un environnement complet avec MySQL","DWB-UA.141.13","1","1","https://solicode-web-mobile.github.io/autoformations-web/tutos/demarrer-environnement-complet/","","","DWB-T.141.13.1","0"
"1","T.161.141","Découvrir le métier de développeur","DWB-UA.161.14","1","1","https://solicode-web-mobile.github.io/autoformations-web/tutos/m%C3%A9tier-d%C3%A9veloppeur/","","","DWB-T.161.141","0"
"1","T.141.11.1","Démarrer un serveur statique local","DWB-UA.141.11","1","1","https://solicode-web-mobile.github.io/autoformations-web/tutos/demarrer-serveur-statique/","","","DWB-T.141.11.1","0"
"1","T.121.121","Comprendre les expressions booléennes","DWB-UA.121.12","1","1","https://solicode-web-mobile.github.io/autoformations-web/tutos/comprendre-expressions-booleennes/","","","DWB-T.121.121","0"
"1","T.125.211","Déboguer avec VS Code","DWB-UA.125.21","1","1","https://solicode-web-mobile.github.io/autoformations-web/tutos/deboguer-javascript-vscode/","","","DWB-T.125.211","0"
"1","T.125.161","Séparer l'espace Public et Admin","DWB-UA.125.16","1","1","https://solicode-web-mobile.github.io/autoformations-web/tutos/separer-public-admin/","","","DWB-T.125.161","0"
"1","T.125.151","Réutiliser l'architecture dynamique","DWB-UA.125.15","1","1","https://solicode-web-mobile.github.io/autoformations-web/tutos/reutiliser-architecture-dynamique/","","","DWB-T.125.151","0"
"1","T.125.141","Isoler l'accès à la base de données","DWB-UA.125.14","1","1","https://solicode-web-mobile.github.io/autoformations-web/tutos/isoler-acces-bdd/","","","DWB-T.125.141","0"
"1","T.125.131","Séparer traitement et affichage en PHP","DWB-UA.125.13","1","1","https://solicode-web-mobile.github.io/autoformations-web/tutos/separer-traitement-affichage-php/","","","DWB-T.125.131","0"
"1","T.121.131","Comprendre les tableaux","DWB-UA.121.13","1","1","https://solicode-web-mobile.github.io/autoformations-web/tutos/comprendre-tableaux/","","","DWB-T.121.131","0"
"1","T.125.121","Regrouper les ressources communes","DWB-UA.125.12","1","1","https://solicode-web-mobile.github.io/autoformations-web/tutos/regrouper-ressources-css/","","","DWB-T.125.121","0"
"1","T.125.111","Séparer le HTML, CSS et JavaScript","DWB-UA.125.11","1","1","https://solicode-web-mobile.github.io/autoformations-web/tutos/separer-html-css-js/","","","DWB-T.125.111","0"
"1","T.122.251","Comprendre l'espace disponible","DWB-UA.122.25","1","1","https://solicode-web-mobile.github.io/autoformations-web/tutos/comprendre-espace-disponible/","","","DWB-T.122.251","0"
"1","T.122.241","Réutiliser une classe CSS","DWB-UA.122.24","1","1","https://solicode-web-mobile.github.io/autoformations-web/tutos/reutiliser-classe-css/","","","DWB-T.122.241","0"
"1","T.122.231","Découvrir Flexbox","DWB-UA.122.23","1","1","https://solicode-web-mobile.github.io/autoformations-web/tutos/decouvrir-flexbox/","","","DWB-T.122.231","0"
"1","T.121.141","Comprendre les fonctions","DWB-UA.121.14","1","1","https://solicode-web-mobile.github.io/autoformations-web/tutos/comprendre-fonctions/","","","DWB-T.121.141","0"
"1","T.122.221","Comprendre le dimensionnement réel d'une carte","DWB-UA.122.22","1","1","https://solicode-web-mobile.github.io/autoformations-web/tutos/dimensionnement-reel-carte/","","","DWB-T.122.221","0"
"1","T.122.211","Syntaxe CSS","DWB-UA.122.21","1","1","https://solicode-web-mobile.github.io/autoformations-web/tutos/syntaxe-css/","","","DWB-T.122.211","0"
"1","T.111.111","Comprendre le contexte et les espaces d'un Blog","DWB-UA.111.11","1","1","https://solicode-web-mobile.github.io/autoformations-web/tutos/comprendre-le-contexte-et-les-espaces-d-un-blog/","","","DWB-T.111.111","0"
"1","T.122.161","Ajouter des attributs de données (Data-Attributes)","DWB-UA.122.15","1","1","https://solicode-web-mobile.github.io/autoformations-web/tutos/ajouter-des-attributs-de-donnees-data-attributes/","","","DWB-T.122.161","0"
"1","T.122.151","Construire un tableau de données (Admin)","DWB-UA.122.14","1","1","https://solicode-web-mobile.github.io/autoformations-web/tutos/construire-un-tableau-de-donnees-admin/","","","DWB-T.122.151","0"
"1","T.122.141","Préparer le formulaire","DWB-UA.122.13","1","1","https://solicode-web-mobile.github.io/autoformations-web/tutos/preparer-le-formulaire/","","","DWB-T.122.141","0"
"1","T.122.121","En-tête, Navigation et Pied de page","DWB-UA.122.12","1","1","https://solicode-web-mobile.github.io/autoformations-web/tutos/en-tete-navigation-pied-de-page/","","","DWB-T.122.121","0"
"1","T.122.111","Structure d’un document HTML","DWB-UA.122.11","1","1","https://solicode-web-mobile.github.io/autoformations-web/tutos/structure-document-html/","","","DWB-T.122.111","0"
"1","T.141.12.1","Démarrer un environnement PHP (Apache)","DWB-UA.141.12","1","1","https://solicode-web-mobile.github.io/autoformations-web/tutos/demarrer-environnement-php/","","","DWB-T.141.12.1","0"
"1","T.121.161","Comprendre l'ordre et le tri","DWB-UA.121.16","1","1","https://solicode-web-mobile.github.io/autoformations-web/tutos/comprendre-ordre-tri/","","","DWB-T.121.161","0"
"2","T.151.132","Mettre à jour son ordinateur avec git pull","DWB-UA.151.13","1","1","https://solicode-web-mobile.github.io/autoformations-web/tutos/mettre-a-jour-pull/","","","DWB-T.151.132","0"
"2","T.151.142","Les règles de sécurité avant de valider un commit","DWB-UA.151.14","1","1","https://solicode-web-mobile.github.io/autoformations-web/tutos/securite-commit/","","","DWB-T.151.142","0"
"2","T.151.152","Réparer une erreur avant le commit avec git restore","DWB-UA.151.15","1","1","https://solicode-web-mobile.github.io/autoformations-web/tutos/reparer-restore/","","","DWB-T.151.152","0"
"2","T.151.122","La routine locale du développeur (Terminal)","DWB-UA.151.12","1","1","https://solicode-web-mobile.github.io/autoformations-web/tutos/routine-locale/","","","DWB-T.151.122","0"
"2","T.121.172","Définir les entrées et sorties des traitements","DWB-UA.121.17","1","1","https://solicode-web-mobile.github.io/autoformations-web/tutos/definir-entrees-sorties-traitements/","","","DWB-T.121.172","0"
"2","T.122.252","Utiliser des dimensions relatives","DWB-UA.122.25","1","1","https://solicode-web-mobile.github.io/autoformations-web/tutos/dimensions-relatives-css/","","","DWB-T.122.252","0"
"2","T.122.242","Regrouper les règles communes","DWB-UA.122.24","1","1","https://solicode-web-mobile.github.io/autoformations-web/tutos/regrouper-regles-communes/","","","DWB-T.122.242","0"
"2","T.121.122","Construire des conditions","DWB-UA.121.12","1","1","https://solicode-web-mobile.github.io/autoformations-web/tutos/construire-conditions/","","","DWB-T.121.122","0"
"2","T.121.112","Manipuler les variables","DWB-UA.121.11","1","1","https://solicode-web-mobile.github.io/autoformations-web/tutos/manipuler-variables/","","","DWB-T.121.112","0"
"2","T.122.232","Choisir la direction des éléments","DWB-UA.122.23","1","1","https://solicode-web-mobile.github.io/autoformations-web/tutos/direction-elements-flexbox/","","","DWB-T.122.232","0"
"2","T.122.222","Contraindre les dimensions d'une carte","DWB-UA.122.22","1","1","https://solicode-web-mobile.github.io/autoformations-web/tutos/contraindre-dimensions-carte/","","","DWB-T.122.222","0"
"2","T.122.112","Balise, élément et attribut HTML","DWB-UA.122.11","1","1","https://solicode-web-mobile.github.io/autoformations-web/tutos/balise-element-attribut-html/","","","DWB-T.122.112","0"
"2","T.121.142","Créer et appeler une fonction","DWB-UA.121.14","1","1","https://solicode-web-mobile.github.io/autoformations-web/tutos/creer-appeler-fonction/","","","DWB-T.121.142","0"
"2","T.112.121","Identifier les données à conserver","DWB-UA.112.12","1","1","https://solicode-web-mobile.github.io/autoformations-web/tutos/identifier-donnees-a-conserver/","","","DWB-T.112.121","0"
"2","T.111.132","Formaliser les fonctionnalités de l'Administrateur","DWB-UA.111.13","1","1","https://solicode-web-mobile.github.io/autoformations-web/tutos/formaliser-les-fonctionnalites-de-l-administrateur/","","","DWB-T.111.132","0"
"2","T.111.122","Formaliser les fonctionnalités du Visiteur","DWB-UA.111.12","1","1","https://solicode-web-mobile.github.io/autoformations-web/tutos/formaliser-les-fonctionnalites-du-visiteur/","","","DWB-T.111.122","0"
"2","T.111.112","Identifier les acteurs du Blog","DWB-UA.111.11","1","1","https://solicode-web-mobile.github.io/autoformations-web/tutos/identifier-les-acteurs-du-blog/","","","DWB-T.111.112","0"
"2","T.122.212","Liaison HTML–CSS","DWB-UA.122.21","1","1","https://solicode-web-mobile.github.io/autoformations-web/tutos/liaison-html-css/","","","DWB-T.122.212","0"
"2","T.122.122","Le cœur de la page","DWB-UA.122.12","1","1","https://solicode-web-mobile.github.io/autoformations-web/tutos/le-coeur-de-la-page/","","","DWB-T.122.122","0"
"2","T.151.112","Comprendre les concepts de base : Git et GitHub","DWB-UA.151.11","1","1","https://solicode-web-mobile.github.io/autoformations-web/tutos/concepts-base-git-github/","","","DWB-T.151.112","0"
"2","T.122.142","Saisir et nommer les données","DWB-UA.122.13","1","1","https://solicode-web-mobile.github.io/autoformations-web/tutos/saisir-et-nommer-les-donnees/","","","DWB-T.122.142","0"
"2","T.121.152","Identifier les données et les règles","DWB-UA.121.15","1","1","https://solicode-web-mobile.github.io/autoformations-web/tutos/identifier-donnees-regles/","","","DWB-T.121.152","0"
"2","T.121.132","Accéder et modifier les éléments d'un tableau","DWB-UA.121.13","1","1","https://solicode-web-mobile.github.io/autoformations-web/tutos/acceder-modifier-elements-tableau/","","","DWB-T.121.132","0"
"3","T.122.143","Valider et envoyer","DWB-UA.122.13","1","1","https://solicode-web-mobile.github.io/autoformations-web/tutos/valider-et-envoyer/","","","DWB-T.122.143","0"
"3","T.122.123","Les contenus autonomes","DWB-UA.122.12","1","1","https://solicode-web-mobile.github.io/autoformations-web/tutos/les-contenus-autonomes/","","","DWB-T.122.123","0"
"3","T.121.133","Parcourir un tableau","DWB-UA.121.13","1","1","https://solicode-web-mobile.github.io/autoformations-web/tutos/parcourir-tableau/","","","DWB-T.121.133","0"
"3","T.112.122","Identifier et décrire les données d'une maquette","DWB-UA.112.12","1","1","https://solicode-web-mobile.github.io/autoformations-web/tutos/identifier-decrire-donnees-maquette/","","","DWB-T.112.122","0"
"3","T.121.143","Utiliser les paramètres et le retour","DWB-UA.121.14","1","1","https://solicode-web-mobile.github.io/autoformations-web/tutos/utiliser-parametres-retour/","","","DWB-T.121.143","0"
"3","T.121.153","Construire une solution simple","DWB-UA.121.15","1","1","https://solicode-web-mobile.github.io/autoformations-web/tutos/construire-solution-simple/","","","DWB-T.121.153","0"
"3","T.122.213","Sélecteurs","DWB-UA.122.21","1","1","https://solicode-web-mobile.github.io/autoformations-web/tutos/selecteurs/","","","DWB-T.122.213","0"
"3","T.121.123","Construire des boucles","DWB-UA.121.12","1","1","https://solicode-web-mobile.github.io/autoformations-web/tutos/construire-boucles/","","","DWB-T.121.123","0"
"3","T.122.233","Répartir les éléments","DWB-UA.122.23","1","1","https://solicode-web-mobile.github.io/autoformations-web/tutos/repartir-elements-flexbox/","","","DWB-T.122.233","0"
"3","T.121.113","Effectuer des opérations","DWB-UA.121.11","1","1","https://solicode-web-mobile.github.io/autoformations-web/tutos/effectuer-operations","","","DWB-T.121.113","0"
"3","T.151.113","Sauvegarder son code en un clic avec VS Code","DWB-UA.151.11","1","1","https://solicode-web-mobile.github.io/autoformations-web/tutos/sauvegarder-vs-code/","","","DWB-T.151.113","0"
"3","T.121.173","Construire les sous-traitements","DWB-UA.121.17","1","1","https://solicode-web-mobile.github.io/autoformations-web/tutos/construire-sous-traitements/","","","DWB-T.121.173","0"
"3","T.122.253","Découvrir les Media Queries","DWB-UA.122.25","1","1","https://solicode-web-mobile.github.io/autoformations-web/tutos/decouvrir-media-queries/","","","DWB-T.122.253","0"
"3","T.122.113","Informations et textes HTML","DWB-UA.122.11","1","1","https://solicode-web-mobile.github.io/autoformations-web/tutos/informations-textes-html/","","","DWB-T.122.113","0"
"3","T.122.243","Comprendre la cascade CSS","DWB-UA.122.24","1","1","https://solicode-web-mobile.github.io/autoformations-web/tutos/comprendre-cascade-css/","","","DWB-T.122.243","0"
"3","T.122.223","Organiser l'espace dans une carte","DWB-UA.122.22","1","1","https://solicode-web-mobile.github.io/autoformations-web/tutos/organiser-espace-carte/","","","DWB-T.122.223","0"
"4","T.122.224","Maîtriser le contenu dans une carte","DWB-UA.122.22","1","1","https://solicode-web-mobile.github.io/autoformations-web/tutos/maitriser-contenu-carte/","","","DWB-T.122.224","0"
"4","T.122.114","Conteneurs et listes HTML","DWB-UA.122.11","1","1","https://solicode-web-mobile.github.io/autoformations-web/tutos/conteneurs-listes-html/","","","DWB-T.122.114","0"
"4","T.122.254","Adapter le conteneur et les espacements","DWB-UA.122.25","1","1","https://solicode-web-mobile.github.io/autoformations-web/tutos/adapter-conteneur-espacements/","","","DWB-T.122.254","0"
"4","T.121.114","Recevoir des données","DWB-UA.121.11","1","1","https://solicode-web-mobile.github.io/autoformations-web/tutos/recevoir-donnees/","","","DWB-T.121.114","0"
"4","T.121.134","Filtrage et accumulateurs","DWB-UA.121.13","1","1","https://solicode-web-mobile.github.io/autoformations-web/tutos/filtrage-accumulateurs/","","","DWB-T.121.134","0"
"4","T.121.164","Construire le tri par sélection","DWB-UA.121.16","1","1","https://solicode-web-mobile.github.io/autoformations-web/tutos/construire-tri-selection/","","","DWB-T.121.164","0"
"4","T.122.234","Aligner les éléments","DWB-UA.122.23","1","1","https://solicode-web-mobile.github.io/autoformations-web/tutos/aligner-elements-flexbox/","","","DWB-T.122.234","0"
"4","T.121.124","Exercices sur les conditions","DWB-UA.121.12","1","1","https://solicode-web-mobile.github.io/autoformations-web/tutos/exercices-conditions/","","","DWB-T.121.124","0"
"4","T.122.214","Texte & Couleurs","DWB-UA.122.21","1","1","https://solicode-web-mobile.github.io/autoformations-web/tutos/texte-couleurs/","","","DWB-T.122.214","0"
"4","T.121.144","Exercices sur les fonctions","DWB-UA.121.14","1","1","https://solicode-web-mobile.github.io/autoformations-web/tutos/exercices-fonctions/","","","DWB-T.121.144","0"
"4","T.112.123","Construire le dictionnaire de données","DWB-UA.112.12","1","1","https://solicode-web-mobile.github.io/autoformations-web/tutos/construire-dictionnaire-donnees/","","","DWB-T.112.123","0"
"4","T.122.244","Comprendre l'héritage","DWB-UA.122.24","1","1","https://solicode-web-mobile.github.io/autoformations-web/tutos/comprendre-heritage-css/","","","DWB-T.122.244","0"
"4","T.121.174","Exercices de décomposition","DWB-UA.121.17","1","1","https://solicode-web-mobile.github.io/autoformations-web/tutos/exercices-decomposition/","","","DWB-T.121.174","0"
"4","T.121.154","Exercices de résolution algorithmique","DWB-UA.121.15","1","1","https://solicode-web-mobile.github.io/autoformations-web/tutos/exercices-resolution-algorithmique/","","","DWB-T.121.154","0"
"4","T.122.124","Navigation interne par ancres","DWB-UA.122.12","1","1","https://solicode-web-mobile.github.io/autoformations-web/tutos/navigation-interne-par-ancres/","","","DWB-T.122.124","0"
"5","T.122.245","Gérer les états d'un élément","DWB-UA.122.24","1","1","https://solicode-web-mobile.github.io/autoformations-web/tutos/gerer-etats-element/","","","DWB-T.122.245","0"
"5","T.121.115","Exercice : gérer un article","DWB-UA.121.11","1","1","https://solicode-web-mobile.github.io/autoformations-web/tutos/exercice-gerer-article/","","","DWB-T.121.115","0"
"5","T.112.131","Observer les occurrences et repérer les répétitions","DWB-UA.112.13","1","1","https://solicode-web-mobile.github.io/autoformations-web/tutos/observer-occurrences-reperer-repetitions/normal","","","DWB-T.112.131","0"
"5","T.122.235","Faire passer les éléments à la ligne","DWB-UA.122.23","1","1","https://solicode-web-mobile.github.io/autoformations-web/tutos/elements-a-la-ligne-flexbox/","","","DWB-T.122.235","0"
"5","T.121.155","Construire une solution avec plusieurs traitements","DWB-UA.121.15","1","1","https://solicode-web-mobile.github.io/autoformations-web/tutos/construire-solution-plusieurs-traitements/","","","DWB-T.121.155","0"
"5","T.121.135","Construire des algorithmes élémentaires sur un tableau","DWB-UA.121.13","1","1","https://solicode-web-mobile.github.io/autoformations-web/tutos/construire-algorithmes-elementaires-tableau/","","","DWB-T.121.135","0"
"5","T.122.225","Construire une carte d'article homogène","DWB-UA.122.22","1","1","https://solicode-web-mobile.github.io/autoformations-web/tutos/carte-article-homogene/","","","DWB-T.122.225","0"
"5","T.122.115","Liens et chemins relatifs HTML","DWB-UA.122.11","1","1","https://solicode-web-mobile.github.io/autoformations-web/tutos/liens-chemins-relatifs-html/","","","DWB-T.122.115","0"
"5","T.122.255","Adapter les cartes aux petits écrans","DWB-UA.122.25","1","1","https://solicode-web-mobile.github.io/autoformations-web/tutos/adapter-cartes-mobile/","","","DWB-T.122.255","0"
"5","T.121.125","Exercices sur les boucles","DWB-UA.121.12","1","1","https://solicode-web-mobile.github.io/autoformations-web/tutos/exercices-boucles/","","","DWB-T.121.125","0"
"5","T.121.165","Tester et adapter un algorithme de tri","DWB-UA.121.16","1","1","https://solicode-web-mobile.github.io/autoformations-web/tutos/tester-adapter-algorithme-tri/","","","DWB-T.121.165","0"
"5","T.122.215","Arrière-plans & Affichage","DWB-UA.122.21","1","1","https://solicode-web-mobile.github.io/autoformations-web/tutos/arriere-plans-affichage-css/","","","DWB-T.122.215","0"
"5","T.121.145","Transformer les algorithmes élémentaires en fonctions","DWB-UA.121.14","1","1","https://solicode-web-mobile.github.io/autoformations-web/tutos/transformer-algorithmes-fonctions/","","","DWB-T.121.145","0"
"5","T.121.175","Construire et chaîner plusieurs traitements","DWB-UA.121.17","1","1","https://solicode-web-mobile.github.io/autoformations-web/tutos/construire-chainer-plusieurs-traitements/","","","DWB-T.121.175","0"
"6","T.121.126","Construire une pyramide d'étoiles","DWB-UA.121.12","1","1","https://solicode-web-mobile.github.io/autoformations-web/tutos/construire-pyramide-etoiles/","","","DWB-T.121.126","0"
"6","T.122.256","Construire une disposition mobile et bureau","DWB-UA.122.25","1","1","https://solicode-web-mobile.github.io/autoformations-web/tutos/disposition-mobile-bureau/","","","DWB-T.122.256","0"
"6","T.112.132","Découvrir une entité à partir d'un identifiant ou d'une répétition","DWB-UA.112.13","1","1","https://solicode-web-mobile.github.io/autoformations-web/tutos/decouvrir-entite-identifiant-repetition/normal","","","DWB-T.112.132","0"
"6","T.122.246","Centraliser les valeurs visuelles","DWB-UA.122.24","1","1","https://solicode-web-mobile.github.io/autoformations-web/tutos/centraliser-valeurs-visuelles/","","","DWB-T.122.246","0"
"6","T.121.156","Algorithme de synthèse : analyser une collection","DWB-UA.121.15","1","1","https://solicode-web-mobile.github.io/autoformations-web/tutos/algorithme-synthese-analyser-collection/","","","DWB-T.121.156","0"
"6","T.121.116","Échanger deux variables","DWB-UA.121.11","1","1","https://solicode-web-mobile.github.io/autoformations-web/tutos/echanger-deux-variables","","","DWB-T.121.116","0"
"6","T.122.236","Espacer les éléments Flexbox","DWB-UA.122.23","1","1","https://solicode-web-mobile.github.io/autoformations-web/tutos/espacer-elements-flexbox/","","","DWB-T.122.236","0"
"6","T.121.136","Algorithme de synthèse : analyser une collection","DWB-UA.121.13","1","1","https://solicode-web-mobile.github.io/autoformations-web/tutos/algorithme-analyser-collection/","","","DWB-T.121.136","0"
"6","T.122.216","Liens & Listes","DWB-UA.122.21","1","1","https://solicode-web-mobile.github.io/autoformations-web/tutos/liens-listes-css/","","","DWB-T.122.216","0"
"6","T.121.146","Combiner plusieurs fonctions","DWB-UA.121.14","1","1","https://solicode-web-mobile.github.io/autoformations-web/tutos/combiner-plusieurs-fonctions/","","","DWB-T.121.146","0"
"6","T.122.116","Images et figures HTML","DWB-UA.122.11","1","1","https://solicode-web-mobile.github.io/autoformations-web/tutos/images-figures-html/","","","DWB-T.122.116","0"
"6","T.121.176","Algorithme de synthèse : construire un traitement complet","DWB-UA.121.17","1","1","https://solicode-web-mobile.github.io/autoformations-web/tutos/algorithme-synthese-construire-traitement-complet/","","","DWB-T.121.176","0"
"6","T.121.166","Algorithme de synthèse : trier une collection","DWB-UA.121.16","1","1","https://solicode-web-mobile.github.io/autoformations-web/tutos/algorithme-synthese-trier-collection/","","","DWB-T.121.166","0"
"6","T.122.22.6","Projet de synthèse — Modèle de boîte","DWB-UA.122.22","1","1","https://solicode-web-mobile.github.io/autoformations-web/tutos/synthese-cartes-articles/","","","DWB-T.122.22.6","0"
"7","T.112.133","Construire les entités à partir des données","DWB-UA.112.13","1","1","https://solicode-web-mobile.github.io/autoformations-web/tutos/construire-entites-donnees/normal","","","DWB-T.112.133","0"
"7","T.122.117","Tutoriel de Synthèse","DWB-UA.122.11","1","1","https://solicode-web-mobile.github.io/autoformations-web/tutos/tutoriel-synthese/","","","DWB-T.122.117","0"
"7","T.122.237","Répartir l’espace entre les cartes","DWB-UA.122.23","1","1","https://solicode-web-mobile.github.io/autoformations-web/tutos/repartir-espace-cartes/","","","DWB-T.122.237","0"
"7","T.122.247","Construire des styles communs aux pages","DWB-UA.122.24","1","1","https://solicode-web-mobile.github.io/autoformations-web/tutos/styles-communs-pages/","","","DWB-T.122.247","0"
"7","T.122.257","Adopter une approche mobile-first","DWB-UA.122.25","1","1","https://solicode-web-mobile.github.io/autoformations-web/tutos/approche-mobile-first/","","","DWB-T.122.257","0"
"7","T.122.217","Dimensions","DWB-UA.122.21","1","1","https://solicode-web-mobile.github.io/autoformations-web/tutos/dimensions-css/","","","DWB-T.122.217","0"
"8","T.112.141","Déterminer les relations et les cardinalités","DWB-UA.112.14","1","1","https://solicode-web-mobile.github.io/autoformations-web/tutos/determiner-relations-cardinalites/normal","","","DWB-T.112.141","0"
"8","T.112.134","Modéliser une liaison complexe avec un identifiant composé","DWB-UA.112.13","1","1","https://solicode-web-mobile.github.io/autoformations-web/tutos/modeliser-liaison-identifiant-compose/normal","","","DWB-T.112.134","0"
"8","T.122.218","Espacements & Bordures","DWB-UA.122.21","1","1","https://solicode-web-mobile.github.io/autoformations-web/tutos/espacements-bordures/","","","DWB-T.122.218","0"
"8","T.122.258","Projet de synthèse — Blog responsive","DWB-UA.122.25","1","1","https://solicode-web-mobile.github.io/autoformations-web/tutos/synthese-blog-responsive/","","","DWB-T.122.258","0"
"8","T.122.238","Projet de synthèse — Disposition des cartes","DWB-UA.122.23","1","1","https://solicode-web-mobile.github.io/autoformations-web/tutos/synthese-disposition-cartes/","","","DWB-T.122.238","0"
"8","T.122.24.8","Projet de synthèse — Harmonisation du Blog","DWB-UA.122.24","1","1","https://solicode-web-mobile.github.io/autoformations-web/tutos/synthese-harmonisation-blog/","","","DWB-T.122.24.8","0"
"9","T.122.219","Affichage CSS","DWB-UA.122.21","1","1","https://solicode-web-mobile.github.io/autoformations-web/tutos/affichage-css/","","","DWB-T.122.219","0"
"9","T.112.142","Construire le MCD complet","DWB-UA.112.14","1","1","https://solicode-web-mobile.github.io/autoformations-web/tutos/construire-mcd-complet/normal","","","DWB-T.112.142","0"
"10","T.122.21.10","Projet de Synthèse CSS","DWB-UA.122.21","1","1","https://solicode-web-mobile.github.io/autoformations-web/tutos/tutoriel-synthese-css/","","","DWB-T.122.21.10","0"
"10","T.112.151","Transformer les entités en tables","DWB-UA.112.15","1","1","https://solicode-web-mobile.github.io/autoformations-web/tutos/transformer-entites-tables/normal","","","DWB-T.112.151","0"
"11","T.112.152","Transformer les relations en clés étrangères","DWB-UA.112.15","1","1","https://solicode-web-mobile.github.io/autoformations-web/tutos/transformer-relations-cles-etrangeres/normal","","","DWB-T.112.152","0"
"12","T.112.153","Transformer le MCD complet en MLD","DWB-UA.112.15","1","1","https://solicode-web-mobile.github.io/autoformations-web/tutos/transformer-mcd-complet-mld/normal","","","DWB-T.112.153","0"
