-- MySQL dump 10.13  Distrib 8.0.41, for Linux (x86_64)
--
-- Host: localhost    Database: solicode_lms
-- ------------------------------------------------------
-- Server version	8.0.41-0ubuntu0.24.04.1

/*!40101 SET @OLD_CHARACTER_SET_CLIENT=@@CHARACTER_SET_CLIENT */;
/*!40101 SET @OLD_CHARACTER_SET_RESULTS=@@CHARACTER_SET_RESULTS */;
/*!40101 SET @OLD_COLLATION_CONNECTION=@@COLLATION_CONNECTION */;
/*!50503 SET NAMES utf8mb4 */;
/*!40103 SET @OLD_TIME_ZONE=@@TIME_ZONE */;
/*!40103 SET TIME_ZONE='+00:00' */;
/*!40014 SET @OLD_UNIQUE_CHECKS=@@UNIQUE_CHECKS, UNIQUE_CHECKS=0 */;
/*!40014 SET @OLD_FOREIGN_KEY_CHECKS=@@FOREIGN_KEY_CHECKS, FOREIGN_KEY_CHECKS=0 */;
/*!40101 SET @OLD_SQL_MODE=@@SQL_MODE, SQL_MODE='NO_AUTO_VALUE_ON_ZERO' */;
/*!40111 SET @OLD_SQL_NOTES=@@SQL_NOTES, SQL_NOTES=0 */;

--
-- Table structure for table `affectation_projets`
--

DROP TABLE IF EXISTS `affectation_projets`;
/*!40101 SET @saved_cs_client     = @@character_set_client */;
/*!50503 SET character_set_client = utf8mb4 */;
CREATE TABLE `affectation_projets` (
  `id` bigint unsigned NOT NULL AUTO_INCREMENT,
  `date_debut` date NOT NULL,
  `date_fin` date DEFAULT NULL,
  `annee_formation_id` bigint unsigned NOT NULL,
  `groupe_id` bigint unsigned NOT NULL,
  `projet_id` bigint unsigned NOT NULL,
  `description` longtext CHARACTER SET utf8mb4 COLLATE utf8mb4_unicode_ci,
  `reference` varchar(255) CHARACTER SET utf8mb4 COLLATE utf8mb4_unicode_ci NOT NULL,
  `created_at` timestamp NULL DEFAULT NULL,
  `updated_at` timestamp NULL DEFAULT NULL,
  PRIMARY KEY (`id`),
  UNIQUE KEY `affectation_projets_reference_unique` (`reference`),
  KEY `affectation_projets_annee_formation_id_foreign` (`annee_formation_id`),
  KEY `affectation_projets_groupe_id_foreign` (`groupe_id`),
  KEY `affectation_projets_projet_id_foreign` (`projet_id`),
  CONSTRAINT `affectation_projets_annee_formation_id_foreign` FOREIGN KEY (`annee_formation_id`) REFERENCES `annee_formations` (`id`),
  CONSTRAINT `affectation_projets_groupe_id_foreign` FOREIGN KEY (`groupe_id`) REFERENCES `groupes` (`id`),
  CONSTRAINT `affectation_projets_projet_id_foreign` FOREIGN KEY (`projet_id`) REFERENCES `projets` (`id`) ON DELETE CASCADE
) ENGINE=InnoDB AUTO_INCREMENT=10 DEFAULT CHARSET=utf8mb4 COLLATE=utf8mb4_unicode_ci;
/*!40101 SET character_set_client = @saved_cs_client */;

--
-- Dumping data for table `affectation_projets`
--

LOCK TABLES `affectation_projets` WRITE;
/*!40000 ALTER TABLE `affectation_projets` DISABLE KEYS */;
INSERT INTO `affectation_projets` VALUES (2,'2024-12-01','2025-05-01',1,1,21,NULL,'2a6a4671-526e-49bc-8c8c-a649dee4ff9e','2025-02-19 10:17:34','2025-02-19 10:17:34'),(4,'2025-02-17','2025-02-21',1,1,23,NULL,'917c9e57-0c37-415d-a757-0496e97f125d','2025-02-19 10:56:48','2025-02-19 10:56:48'),(6,'2025-02-21','2025-03-01',1,3,25,NULL,'b802bf3e-d76b-4146-a6fc-fa8cebf44867','2025-02-21 10:02:15','2025-02-21 10:02:15'),(7,'2025-02-25','2025-02-26',1,5,26,NULL,'aa278a42-3631-437f-a9e5-0231860e9271','2025-02-25 12:56:04','2025-02-25 12:56:04'),(8,'2025-02-25','2025-02-25',1,3,27,NULL,'7a3a5fa2-35d3-425d-9484-9e85491d512e','2025-02-25 14:51:03','2025-02-25 14:51:03'),(9,'2025-02-27','2025-03-31',1,1,28,NULL,'a7ab5f09-343e-44c7-bc47-09fd8b293a92','2025-02-27 13:06:57','2025-02-27 13:06:57');
/*!40000 ALTER TABLE `affectation_projets` ENABLE KEYS */;
UNLOCK TABLES;

--
-- Table structure for table `annee_formations`
--

DROP TABLE IF EXISTS `annee_formations`;
/*!40101 SET @saved_cs_client     = @@character_set_client */;
/*!50503 SET character_set_client = utf8mb4 */;
CREATE TABLE `annee_formations` (
  `id` bigint unsigned NOT NULL AUTO_INCREMENT,
  `titre` varchar(255) CHARACTER SET utf8mb4 COLLATE utf8mb4_unicode_ci NOT NULL,
  `date_debut` date NOT NULL,
  `date_fin` date NOT NULL,
  `reference` varchar(255) CHARACTER SET utf8mb4 COLLATE utf8mb4_unicode_ci NOT NULL,
  `created_at` timestamp NULL DEFAULT NULL,
  `updated_at` timestamp NULL DEFAULT NULL,
  PRIMARY KEY (`id`),
  UNIQUE KEY `annee_formations_reference_unique` (`reference`)
) ENGINE=InnoDB AUTO_INCREMENT=2 DEFAULT CHARSET=utf8mb4 COLLATE=utf8mb4_unicode_ci;
/*!40101 SET character_set_client = @saved_cs_client */;

--
-- Dumping data for table `annee_formations`
--

LOCK TABLES `annee_formations` WRITE;
/*!40000 ALTER TABLE `annee_formations` DISABLE KEYS */;
INSERT INTO `annee_formations` VALUES (1,'2024-2025','2024-09-01','2025-08-31','2024-2025','2025-02-19 06:39:00','2025-02-19 06:39:00');
/*!40000 ALTER TABLE `annee_formations` ENABLE KEYS */;
UNLOCK TABLES;

--
-- Table structure for table `apprenant_groupe`
--

DROP TABLE IF EXISTS `apprenant_groupe`;
/*!40101 SET @saved_cs_client     = @@character_set_client */;
/*!50503 SET character_set_client = utf8mb4 */;
CREATE TABLE `apprenant_groupe` (
  `created_at` timestamp NULL DEFAULT NULL,
  `updated_at` timestamp NULL DEFAULT NULL,
  `groupe_id` bigint unsigned NOT NULL,
  `apprenant_id` bigint unsigned NOT NULL,
  KEY `apprenant_groupe_groupe_id_foreign` (`groupe_id`),
  KEY `apprenant_groupe_apprenant_id_foreign` (`apprenant_id`),
  CONSTRAINT `apprenant_groupe_apprenant_id_foreign` FOREIGN KEY (`apprenant_id`) REFERENCES `apprenants` (`id`),
  CONSTRAINT `apprenant_groupe_groupe_id_foreign` FOREIGN KEY (`groupe_id`) REFERENCES `groupes` (`id`)
) ENGINE=InnoDB DEFAULT CHARSET=utf8mb4 COLLATE=utf8mb4_unicode_ci;
/*!40101 SET character_set_client = @saved_cs_client */;

--
-- Dumping data for table `apprenant_groupe`
--

LOCK TABLES `apprenant_groupe` WRITE;
/*!40000 ALTER TABLE `apprenant_groupe` DISABLE KEYS */;
INSERT INTO `apprenant_groupe` VALUES (NULL,NULL,1,1),(NULL,NULL,1,2),(NULL,NULL,1,3),(NULL,NULL,1,4),(NULL,NULL,1,5),(NULL,NULL,1,6),(NULL,NULL,1,7),(NULL,NULL,1,8),(NULL,NULL,1,9),(NULL,NULL,1,10),(NULL,NULL,1,11),(NULL,NULL,1,12),(NULL,NULL,1,13),(NULL,NULL,1,14),(NULL,NULL,1,15),(NULL,NULL,1,16),(NULL,NULL,2,17),(NULL,NULL,3,18),(NULL,NULL,4,19),(NULL,NULL,3,20),(NULL,NULL,2,21),(NULL,NULL,2,22),(NULL,NULL,3,23),(NULL,NULL,5,24),(NULL,NULL,4,25),(NULL,NULL,4,26),(NULL,NULL,5,27),(NULL,NULL,3,28),(NULL,NULL,5,29),(NULL,NULL,5,30),(NULL,NULL,2,31),(NULL,NULL,5,32),(NULL,NULL,4,33),(NULL,NULL,1,34),(NULL,NULL,2,35),(NULL,NULL,3,36),(NULL,NULL,4,37),(NULL,NULL,2,38),(NULL,NULL,3,39),(NULL,NULL,5,40),(NULL,NULL,4,41),(NULL,NULL,2,42),(NULL,NULL,3,43),(NULL,NULL,5,44),(NULL,NULL,2,45),(NULL,NULL,3,46),(NULL,NULL,4,47),(NULL,NULL,5,48),(NULL,NULL,5,49),(NULL,NULL,2,50),(NULL,NULL,3,51),(NULL,NULL,2,52),(NULL,NULL,4,53),(NULL,NULL,4,54),(NULL,NULL,2,55),(NULL,NULL,3,56),(NULL,NULL,2,57),(NULL,NULL,4,58),(NULL,NULL,3,59),(NULL,NULL,4,60),(NULL,NULL,5,61),(NULL,NULL,2,62),(NULL,NULL,3,63),(NULL,NULL,5,64),(NULL,NULL,3,65),(NULL,NULL,2,66),(NULL,NULL,5,67),(NULL,NULL,5,68),(NULL,NULL,2,69),(NULL,NULL,3,70),(NULL,NULL,4,71),(NULL,NULL,2,72),(NULL,NULL,3,73),(NULL,NULL,4,74),(NULL,NULL,2,75),(NULL,NULL,3,76),(NULL,NULL,3,77),(NULL,NULL,4,78),(NULL,NULL,1,79),(NULL,NULL,5,80),(NULL,NULL,5,81),(NULL,NULL,3,82),(NULL,NULL,5,83),(NULL,NULL,4,84),(NULL,NULL,1,85),(NULL,NULL,5,86),(NULL,NULL,4,87),(NULL,NULL,2,88),(NULL,NULL,4,89),(NULL,NULL,4,90),(NULL,NULL,5,91),(NULL,NULL,4,92),(NULL,NULL,2,93),(NULL,NULL,3,94),(NULL,NULL,3,95),(NULL,NULL,2,96),(NULL,NULL,4,97);
/*!40000 ALTER TABLE `apprenant_groupe` ENABLE KEYS */;
UNLOCK TABLES;

--
-- Table structure for table `apprenant_konosies`
--

DROP TABLE IF EXISTS `apprenant_konosies`;
/*!40101 SET @saved_cs_client     = @@character_set_client */;
/*!50503 SET character_set_client = utf8mb4 */;
CREATE TABLE `apprenant_konosies` (
  `id` bigint unsigned NOT NULL AUTO_INCREMENT,
  `MatriculeEtudiant` varchar(255) CHARACTER SET utf8mb4 COLLATE utf8mb4_unicode_ci NOT NULL,
  `Nom` varchar(100) CHARACTER SET utf8mb4 COLLATE utf8mb4_unicode_ci NOT NULL,
  `Prenom` varchar(100) CHARACTER SET utf8mb4 COLLATE utf8mb4_unicode_ci NOT NULL,
  `Sexe` char(1) CHARACTER SET utf8mb4 COLLATE utf8mb4_unicode_ci NOT NULL,
  `EtudiantActif` varchar(255) CHARACTER SET utf8mb4 COLLATE utf8mb4_unicode_ci NOT NULL,
  `Diplome` varchar(100) CHARACTER SET utf8mb4 COLLATE utf8mb4_unicode_ci DEFAULT NULL,
  `Principale` varchar(255) CHARACTER SET utf8mb4 COLLATE utf8mb4_unicode_ci DEFAULT NULL,
  `LibelleLong` varchar(255) CHARACTER SET utf8mb4 COLLATE utf8mb4_unicode_ci DEFAULT NULL,
  `CodeDiplome` varchar(50) CHARACTER SET utf8mb4 COLLATE utf8mb4_unicode_ci DEFAULT NULL,
  `DateNaissance` varchar(255) CHARACTER SET utf8mb4 COLLATE utf8mb4_unicode_ci DEFAULT NULL,
  `DateInscription` varchar(255) CHARACTER SET utf8mb4 COLLATE utf8mb4_unicode_ci DEFAULT NULL,
  `LieuNaissance` varchar(255) CHARACTER SET utf8mb4 COLLATE utf8mb4_unicode_ci DEFAULT NULL,
  `CIN` varchar(50) CHARACTER SET utf8mb4 COLLATE utf8mb4_unicode_ci DEFAULT NULL,
  `NTelephone` varchar(15) CHARACTER SET utf8mb4 COLLATE utf8mb4_unicode_ci DEFAULT NULL,
  `Adresse` longtext CHARACTER SET utf8mb4 COLLATE utf8mb4_unicode_ci,
  `Nationalite` varchar(100) CHARACTER SET utf8mb4 COLLATE utf8mb4_unicode_ci DEFAULT NULL,
  `Nom_Arabe` varchar(100) CHARACTER SET utf8mb4 COLLATE utf8mb4_unicode_ci DEFAULT NULL,
  `Prenom_Arabe` varchar(100) CHARACTER SET utf8mb4 COLLATE utf8mb4_unicode_ci DEFAULT NULL,
  `NiveauScolaire` varchar(100) CHARACTER SET utf8mb4 COLLATE utf8mb4_unicode_ci DEFAULT NULL,
  `reference` varchar(255) CHARACTER SET utf8mb4 COLLATE utf8mb4_unicode_ci NOT NULL,
  `created_at` timestamp NULL DEFAULT NULL,
  `updated_at` timestamp NULL DEFAULT NULL,
  PRIMARY KEY (`id`),
  UNIQUE KEY `apprenant_konosies_matriculeetudiant_unique` (`MatriculeEtudiant`),
  UNIQUE KEY `apprenant_konosies_reference_unique` (`reference`)
) ENGINE=InnoDB AUTO_INCREMENT=98 DEFAULT CHARSET=utf8mb4 COLLATE=utf8mb4_unicode_ci;
/*!40101 SET character_set_client = @saved_cs_client */;

--
-- Dumping data for table `apprenant_konosies`
--

LOCK TABLES `apprenant_konosies` WRITE;
/*!40000 ALTER TABLE `apprenant_konosies` DISABLE KEYS */;
INSERT INTO `apprenant_konosies` VALUES (1,'2001071700534','EL BAKALI','AYOUB','H','Oui','.','Oui','DIA_DMB_FQ_1A-Développeur Mobile – mode Bootcamp (1A)-2024','DMB101','17/07/2001 00:00:00','03/09/2024','TANGER','KA68970','0618719073','  ','Marocain','البقالي',' أيوب','Baccalauréat','da57d607-b052-4053-a856-f43780048c27','2025-02-19 06:39:00','2025-02-19 06:39:00'),(2,'2002091500518','EL MRABET','ABDERRAFIE','H','Oui','.','Oui','DIA_DMB_FQ_1A-Développeur Mobile – mode Bootcamp (1A)-2024','DMB101','15/09/2002 00:00:00','03/09/2024','TANGER','KB236275','0606934025','  ','Marocain','المرابط ','عبد الرفيع','2 ème Année du Baccalauréat','3652b2da-debe-4928-9a5b-d6eac11cc3f3','2025-02-19 06:39:00','2025-02-19 06:39:00'),(3,'2000121100478','TAMRAOUI','ABDELOUAHAB','H','Oui','.','Oui','DIA_DMB_FQ_1A-Développeur Mobile – mode Bootcamp (1A)-2024','DMB101','11/12/2000 00:00:00','03/09/2024','ANEZI TIZNIT','KB204510','0675260017','  ','Marocain','التمراوي','عبدالوهاب','Bac+3','7b6db939-1e70-4a52-9fb2-7b4e7fd933c1','2025-02-19 06:39:01','2025-02-19 06:39:01'),(4,'2004111400137','BOUSSAKLA','YAHYA','H','Oui','.','Oui','DIA_DMB_FQ_1A-Développeur Mobile – mode Bootcamp (1A)-2024','DMB101','14/11/2004 00:00:00','03/09/2024','Meknès ','K603005','0602967632','  ','Marocain','بوسكلة ','يحيى ','Baccalauréat','bec3bc1f-2d19-4c07-a229-2e06cafadcb4','2025-02-19 06:39:01','2025-02-19 06:39:01'),(5,'2003101000330','EL BOUZIDI','AYOUB','H','Oui','.','Oui','DIA_DMB_FQ_1A-Développeur Mobile – mode Bootcamp (1A)-2024','DMB101','10/10/2003 00:00:00','03/09/2024','Ksar el Kebir larache ','K616044','0696176900','  ','Marocain','البوزيدي ','أيوب','Baccalauréat','81dbfaca-7cab-4b07-bec7-8117ea3953f7','2025-02-19 06:39:01','2025-02-19 06:39:01'),(6,'2003102500428','CHABBAH','AYMEN','H','Oui','.','Oui','DIA_DMB_FQ_1A-Développeur Mobile – mode Bootcamp (1A)-2024','DMB101','25/10/2003 00:00:00','03/09/2024','Tunis','K603422','0612593011','  ','Marocain','الشباح','ايمن ','Baccalauréat','4c58466b-a50d-4066-a48d-8cd87cbcb6b0','2025-02-19 06:39:01','2025-02-19 06:39:01'),(7,'2003103100364','AOULAD AMAR','SAMIR','H','Oui','.','Oui','DIA_DMB_FQ_1A-Développeur Mobile – mode Bootcamp (1A)-2024','DMB101','31/01/2003 00:00:00','03/09/2024','MTIOUA CHEFCHAOUEN','KB233260','0718087106','  ','Marocain',' اولاد عمر','سمير','3 ème année de  l\'\'Enseignement  Secondaire Collégial','e5e4d60f-3353-4f87-86fc-61a3859f16e8','2025-02-19 06:39:02','2025-02-19 06:39:02'),(8,'1995022200188','BOUGTOUB','SAMIA','F','Oui','.','Oui','DIA_DMB_FQ_1A-Développeur Mobile – mode Bootcamp (1A)-2024','DMB101','22/02/1995 00:00:00','03/09/2024','TAOUNATE','ZT129442','0697022588','  ','Marocain',' بوكطوب','سامية','Baccalauréat','7e5c9f64-c19d-4a27-8d74-30f004fda6d3','2025-02-19 06:39:02','2025-02-19 06:39:02'),(9,'2001020300395','TRIBAK EL YEDRI','AYOUB','H','Oui','.','Oui','DIA_DMB_FQ_1A-Développeur Mobile – mode Bootcamp (1A)-2024','DMB101','03/02/2001 00:00:00','03/09/2024','Tanger','K560805','0644419837','  ','Marocain','الطريباق اليدري','ايوب','Baccalauréat','d0e80356-7dad-46e5-bcf7-9e79038c793a','2025-02-19 06:39:02','2025-02-19 06:39:02'),(10,'2005033100082','DEHBI','DINA','F','Oui','.','Oui','DIA_DMB_FQ_1A-Développeur Mobile – mode Bootcamp (1A)-2024','DMB101','31/03/2005 00:00:00','03/09/2024','Tanger','K579926','0677803740','  ','Marocain','الدهبي','دينة','Bac+3','e549c169-3ea2-4750-adb6-85dfb5e1468e','2025-02-19 06:39:03','2025-02-19 06:39:03'),(11,'1999111900447','AMAZU','AYOUB','H','Oui','.','Oui','DIA_DMB_FQ_1A-Développeur Mobile – mode Bootcamp (1A)-2024','DMB101','19/11/1999 00:00:00','03/09/2024','TANGER','KB182049','0654574954','  ','Marocain','أمزو','أيوب','Baccalauréat','f56177a5-7006-4b06-a04d-701e017e51d2','2025-02-19 06:39:03','2025-02-19 06:39:03'),(12,'2001072700235','BARDICH','OUSSAMA-MOUAD','H','Oui','.','Oui','DIA_DMB_FQ_1A-Développeur Mobile – mode Bootcamp (1A)-2024','DMB101','27/07/2001 00:00:00','03/09/2024','27/07/2001 ERRACHIDIA','EE659437','0624658021','  ','Marocain','برديش','اسامة معاذ','Baccalauréat','9b5078ef-6d44-4ae9-91c6-a44204cdadbf','2025-02-19 06:39:03','2025-02-19 06:39:03'),(13,'2005020600263','BENNANI KABCHI','MOHAMMED AMINE','H','Oui','.','Oui','DIA_DMB_FQ_1A-Développeur Mobile – mode Bootcamp (1A)-2024','DMB101','06/02/2005 00:00:00','03/09/2024','6/2/2005','K608583','0777314569','  ','Marocain','بناني كبشي','محمد أمين','Baccalauréat','54e5ad7f-e24c-4d07-8b6d-a4df55599e6a','2025-02-19 06:39:03','2025-02-19 06:39:03'),(14,'2004092600325','SUIRITA','FAHD','H','Oui','.','Oui','DIA_DMB_FQ_1A-Développeur Mobile – mode Bootcamp (1A)-2024','DMB101','26/09/2004 00:00:00','06/09/2024','TANGER','KB252879','0614027656','  ','Marocain','اسويرطا','فهد','Baccalauréat','2dadb55a-14ab-4a7b-b284-abba77ca767b','2025-02-19 06:39:04','2025-02-19 06:39:04'),(15,'2004101300111','ZOUBAIR','DOUAE','F','Oui','.','Oui','DIA_DMB_FQ_1A-Développeur Mobile – mode Bootcamp (1A)-2024','DMB101','13/10/2004 00:00:00','10/09/2024','Ksar el kebir','LB253283','0772209937','  ','Marocain','الزبير','دعاء','Baccalauréat','bf2acb6b-2a3f-4ce4-9a92-93fa348bf560','2025-02-19 06:39:04','2025-02-19 06:39:04'),(16,'2005061300261','AZIZI','ZAKARIA','H','Oui','.','Oui','DIA_DMB_FQ_1A-Développeur Mobile – mode Bootcamp (1A)-2024','DMB101','13/06/2005 00:00:00','10/09/2024','BNI MALAK','KB282310','0658368005','  ','Marocain','عزيزي','زكرياء','Baccalauréat','1f8d8156-307e-4271-b940-d7c8397971bf','2025-02-19 06:39:04','2025-02-19 06:39:04'),(17,'199208010257','JABER','FATIMA ZOHRA','F','Oui','.','Oui','DIA_DWB_FQ_1A-Développeur Web – mode Bootcamp (1A)-2024','DWB101','01/08/1992 00:00:00','10/09/2024','DAR CHAOUI','KB100213','0553651458',' HAY EL HANAA 02 RUE 28 N 9 TANGER ','Marocain','جابر','فاطمة الزهرة','Baccalauréat','a529caad-d3ea-45fc-88fd-fa5428dad56e','2025-02-19 06:39:04','2025-02-19 06:39:04'),(18,'2000091000575','ABOULMAJD','KENZA','F','Oui','.','Oui','DIA_DWB_FQ_1A-Développeur Web – mode Bootcamp (1A)-2024','DWB102','10/09/2000 00:00:00','10/09/2024','FES','CD705561','0691347878','  ','Marocain','ابو المجد','كنزة','Baccalauréat','6632fc70-755e-43ed-8e6e-ea0efc88f22c','2025-02-19 06:39:05','2025-02-19 06:39:05'),(19,'2005080200411','MEZGUELDI','TASNIM','F','Oui','.','Oui','DIA_DWB_FQ_1A-Développeur Web – mode Bootcamp (1A)-2024','DWB103','02/08/2005 00:00:00','10/09/2024','TANGER TANGER ASSILAH','KB259490','0616896016','  ','Marocain','المزكلدي','تسنيم','Baccalauréat','9846bad5-9fb4-4046-9077-6fcdde4a03a1','2025-02-19 06:39:05','2025-02-19 06:39:05'),(20,'2003091500522','BENMOUNA','SAFAE','F','Oui','.','Oui','DIA_DWB_FQ_1A-Développeur Web – mode Bootcamp (1A)-2024','DWB102','15/09/2003 00:00:00','10/09/2024','OUJDA','F678226','0700834538','  ','Marocain','بنمونة','صفاء','Baccalauréat','7e40238b-604b-4313-82e0-29723f60ad1e','2025-02-19 06:39:05','2025-02-19 06:39:05'),(21,'2002062000595','SRIFI','FIRDAOUS','F','Oui','.','Oui','DIA_DWB_FQ_1A-Développeur Web – mode Bootcamp (1A)-2024','DWB101','20/06/2002 00:00:00','10/09/2024','TANGER','K596306','0608497260','  ','Marocain','السريفي','فردوس','Baccalauréat','c5611f70-9392-49a4-a12b-6142f7999d69','2025-02-19 06:39:06','2025-02-19 06:39:06'),(22,'2005030700237','EL HADIQ','FARAH','F','Oui','.','Oui','DIA_DWB_FQ_1A-Développeur Web – mode Bootcamp (1A)-2024','DWB101','07/03/2005 00:00:00','10/09/2024','FES','CD754991','0710498065','  ','Marocain','الحادق','فرح','Baccalauréat','c65b5aba-9dd6-4b29-b563-14faa6011079','2025-02-19 06:39:06','2025-02-19 06:39:06'),(23,'2006060500234','EL MALKI','HAFSA','F','Oui','.','Oui','DIA_DWB_FQ_1A-Développeur Web – mode Bootcamp (1A)-2024','DWB102','05/06/2006 00:00:00','10/09/2024','TANGER','KB277986','0626507879','  ','Marocain','المالكي','حفصة','Baccalauréat','b67d3102-6cdf-495b-941e-7dd68cc6f066','2025-02-19 06:39:06','2025-02-19 06:39:06'),(24,'2005091300370','TAHAYEKT','MARIAM','F','Oui','.','Oui','DIA_DWB_FQ_1A-Développeur Web – mode Bootcamp (1A)-2024','DWB104','13/09/2005 00:00:00','10/09/2024','CHEFCHAOUEN','LC381718','0675383275','  ','Marocain','تحايكت','مريم','Baccalauréat','636ba25f-71db-47a5-99ec-0827b54af83c','2025-02-19 06:39:06','2025-02-19 06:39:06'),(25,'2004070800377','SNABI','HAFSSA','F','Oui','.','Oui','DIA_DWB_FQ_1A-Développeur Web – mode Bootcamp (1A)-2024','DWB103','08/07/2004 00:00:00','10/09/2024','Tanger','KB253756','0674811975','  ','Marocain','الصنابي','حفصة','Baccalauréat','7db69d2d-4ca4-46e3-b761-317428dbf459','2025-02-19 06:39:07','2025-02-19 06:39:07'),(26,'2002070700490','EL AISSAOUI','HAFSA','F','Oui','.','Oui','DIA_DWB_FQ_1A-Développeur Web – mode Bootcamp (1A)-2024','DWB103','07/07/2002 00:00:00','10/09/2024','Centre guercif','ZG163327','0716888603','  ','Marocain','العيساوي','حفصة','Baccalauréat','fba26733-f1f4-4afe-8125-6f932debb039','2025-02-19 06:39:07','2025-02-19 06:39:07'),(27,'2003092300431','EL GHOUAL','FATIN','F','Oui','.','Oui','DIA_DWB_FQ_1A-Développeur Web – mode Bootcamp (1A)-2024','DWB104','23/09/2003 00:00:00','10/09/2024','TANGER','KB212400','0630100965','  ','Marocain','الغوال','فاتن','Baccalauréat','44cceed4-9eed-4b98-9053-0b69dacbaafa','2025-02-19 06:39:07','2025-02-19 06:39:07'),(28,'2006112500208','KESKSU','SALMA','F','Oui','.','Oui','DIA_DWB_FQ_1A-Développeur Web – mode Bootcamp (1A)-2024','DWB102','25/11/2006 00:00:00','10/09/2024','tanger','K621631','0604126702','  ','Marocain','كسكسو','سلمى','Baccalauréat','dc03b728-1755-4e09-9e57-1a5485261ae2','2025-02-19 06:39:08','2025-02-19 06:39:08'),(29,'2005033100084','IZMAN','KHOULOUD','F','Oui','.','Oui','DIA_DWB_FQ_1A-Développeur Web – mode Bootcamp (1A)-2024','DWB104','31/03/2005 00:00:00','10/09/2024','Tanger','K602378','0651131422','  ','Marocain','ازمان','خلود','Baccalauréat','49058165-417a-49d8-aa63-897d51ddd514','2025-02-19 06:39:08','2025-02-19 06:39:08'),(30,'2004032900285','GRIYECH','IKRAM','F','Oui','.','Oui','DIA_DWB_FQ_1A-Développeur Web – mode Bootcamp (1A)-2024','DWB104','29/03/2004 00:00:00','10/09/2024','TANGER','K629991','0707920836','  ','Marocain','اكريش','إكرام','Baccalauréat','e13e7f53-6c26-4db3-941a-a42610a074f6','2025-02-19 06:39:08','2025-02-19 06:39:08'),(31,'2004071200353','ALIMI','CHOUROUK','F','Oui','.','Oui','DIA_DWB_FQ_1A-Développeur Web – mode Bootcamp (1A)-2024','DWB101','12/07/2004 00:00:00','10/09/2024','LIBYE','K635411','0606872629','  ','Marocain','عليمي','شروق','Baccalauréat','72ac5782-527c-45d9-9640-7b4cd8c630a8','2025-02-19 06:39:08','2025-02-19 06:39:08'),(32,'2003101300193',' BAKKALI','OUMAIMA','F','Oui','.','Oui','DIA_DWB_FQ_1A-Développeur Web – mode Bootcamp (1A)-2024','DWB104','13/10/2003 00:00:00','10/09/2024','Tanger','K606558','0606965930','  ','Marocain','البقالي','أميمة ','Baccalauréat','5c267db9-a42c-444f-a4f0-b13bc1ccde93','2025-02-19 06:39:09','2025-02-19 06:39:09'),(33,'2000082400499','HAD-DAD','YASMINE','F','Oui','.','Oui','DIA_DWB_FQ_1A-Développeur Web – mode Bootcamp (1A)-2024','DWB103','24/08/2000 00:00:00','10/09/2024','TANGER','KB204518','0645675082','  ','Marocain','الحداد','ياسمين','Baccalauréat','ceea8339-4f2f-4654-8208-62ed823c61ea','2025-02-19 06:39:09','2025-02-19 06:39:09'),(34,'2003102600434','JARANE','HAMZA','H','Oui','.','Oui','DIA_DMB_FQ_1A-Développeur Mobile – mode Bootcamp (1A)-2024','DMB101','26/10/2003 00:00:00','11/09/2024','Tiznit (M)','J585462','0772263996','  ','Marocain','جران','حمزة','1 ère Année du Baccalauréat','638ea89c-0669-4f94-bd68-655a92436324','2025-02-19 06:39:09','2025-02-19 06:39:09'),(35,'2006122800190','CHADDADE','MAROUA','F','Oui','.','Oui','DIA_DWB_FQ_1A-Développeur Web – mode Bootcamp (1A)-2024','DWB101','28/12/2006 00:00:00','11/09/2024','Tanger','K636019','0698752286','  ','Marocain','الشدادي','مروة','Baccalauréat','a3275964-3f72-4bfd-a51b-77a3733dc8ed','2025-02-19 06:39:10','2025-02-19 06:39:10'),(36,'2003062400115','DELLAL','FATIMA ZAHRAE','F','Oui','.','Oui','DIA_DWB_FQ_1A-Développeur Web – mode Bootcamp (1A)-2024','DWB102','24/06/2003 00:00:00','11/09/2024','TANGER','KB239504','0629269102','  ','Marocain','الدلال','فاطمة الزهراء','Baccalauréat','8d46b732-8bd6-4db8-a901-336ae7c0f870','2025-02-19 06:39:10','2025-02-19 06:39:10'),(37,'2003081600401','SAHSAH','DEKRA','F','Oui','.','Oui','DIA_DWB_FQ_1A-Développeur Web – mode Bootcamp (1A)-2024','DWB103','16/08/2003 00:00:00','11/09/2024','Charf mghogha Tanger Assilah','K603219','0633181922','  ','Marocain','صحصح','ذكرى','Baccalauréat','5a682556-aa5d-4f7e-87d2-8e316611b8d8','2025-02-19 06:39:10','2025-02-19 06:39:10'),(38,'2005012100388','AMJAR','KHADIJA','F','Oui','.','Oui','DIA_DWB_FQ_1A-Développeur Web – mode Bootcamp (1A)-2024','DWB101','21/01/2005 00:00:00','11/09/2024','DOUAR ICHOKEN C.R AOUNAN CHAFCHAWAN','KB283035','0610778267','  ','Marocain','امجار','خديجة','Baccalauréat','003f25bb-1561-4d52-8c9e-306fb12b6ca3','2025-02-19 06:39:10','2025-02-19 06:39:10'),(39,'2002082000188','BOUZINE','ROKAYA','F','Oui','.','Oui','DIA_DWB_FQ_1A-Développeur Web – mode Bootcamp (1A)-2024','DWB102','20/08/2002 00:00:00','11/09/2024','Tanger','K590225','0767515588','  ','Marocain','بوزين','رقية','Baccalauréat','62e8c7bd-6e08-4497-a91a-fc4ce2c037df','2025-02-19 06:39:11','2025-02-19 06:39:11'),(40,'2002072200491','EL ALAMI','JAMILA','F','Oui','.','Oui','DIA_DWB_FQ_1A-Développeur Web – mode Bootcamp (1A)-2024','DWB104','22/07/2002 00:00:00','11/09/2024','FES','K595498','0644342521','  ','Marocain','العلمي','جميلة','2 ème Année du Baccalauréat','030507a4-f4cb-48d9-b03a-abb0d676c198','2025-02-19 06:39:11','2025-02-19 06:39:11'),(41,'2005080900382','KHALLOUK','NARJIS','F','Oui','.','Oui','DIA_DWB_FQ_1A-Développeur Web – mode Bootcamp (1A)-2024','DWB103','09/08/2005 00:00:00','11/09/2024','TANGER TANGER ASSILAH','KB260719','0620799800','  ','Marocain','خلوق','نرجس','2 ème Année du Baccalauréat','dc4ba507-e16b-4655-875a-f76cabdccc5d','2025-02-19 06:39:11','2025-02-19 06:39:11'),(42,'2002020200313','IBOUHA','MOHAMED AMINE','H','Oui','.','Oui','DIA_DWB_FQ_1A-Développeur Web – mode Bootcamp (1A)-2024','DWB101','02/02/2002 00:00:00','11/09/2024','TIMEZGADIOUINE CHICHAOUA','JM92956','0674880979','  ','Marocain','ابوها','محمد امين','Baccalauréat','2e37f534-e0a7-469c-8197-a773d3aa3711','2025-02-19 06:39:11','2025-02-19 06:39:11'),(43,'2006012400147','EL ACHIRI','MOHAMED AYMANE','H','Oui','.','Oui','DIA_DWB_FQ_1A-Développeur Web – mode Bootcamp (1A)-2024','DWB102','24/01/2006 00:00:00','11/09/2024','TANGER','KB254941','0707407425','  ','Marocain','العشيري','محمد أيمن','Baccalauréat','11b69551-c36e-493e-9819-65bb21e3bddb','2025-02-19 06:39:12','2025-02-19 06:39:12'),(44,'2003082800517','EL-MARNYSY','MONIR','H','Oui','.','Oui','DIA_DWB_FQ_1A-Développeur Web – mode Bootcamp (1A)-2024','DWB104','28/08/2003 00:00:00','11/09/2024','TIMEZGANA TAOUNATE','K603955','0616970245','  ','Marocain','المرنيسي','منير','Baccalauréat','406c37d4-7299-480f-b944-9ca7aef89cdd','2025-02-19 06:39:12','2025-02-19 06:39:12'),(45,'2002080500022','SATOU','MOHAMEDAMINE','H','Oui','.','Oui','DIA_DWB_FQ_1A-Développeur Web – mode Bootcamp (1A)-2024','DWB101','05/08/2002 00:00:00','11/09/2024','ALIA MOHAMADIA','Wb207126','0600000000','  ','Marocain','سطو','محمد امين','Baccalauréat','4b3bd3ac-a567-4023-95e4-0986c5a2571a','2025-02-19 06:39:12','2025-02-19 06:39:12'),(46,'2005041700169','BOULAICH AZIFI','MOHAMED LARBI','H','Oui','.','Oui','DIA_DWB_FQ_1A-Développeur Web – mode Bootcamp (1A)-2024','DWB102','17/04/2005 00:00:00','11/09/2024','TANGER TANGER ASSILAH','K619076','0694327686','  ','Marocain','بوالعيش العزيفي','محمد العربي','Baccalauréat','b2570a77-509d-466b-9c62-c9d4e460a2f0','2025-02-19 06:39:13','2025-02-19 06:39:13'),(47,'2006053000194','EL EMRANI','BILAL','H','Oui','.','Oui','DIA_DWB_FQ_1A-Développeur Web – mode Bootcamp (1A)-2024','DWB103','30/05/2006 00:00:00','11/09/2024','TANGER TANGER ASSILAH','K591199','0627052454','  ','Marocain','العمراني','بلال','Baccalauréat','138747c8-68b9-47f0-b371-728aae9ffc67','2025-02-19 06:39:13','2025-02-19 06:39:13'),(48,'2001063000326','MACHRAA','SOUKAYNA','F','Oui','.','Oui','DIA_DWB_FQ_1A-Développeur Web – mode Bootcamp (1A)-2024','DWB104','30/06/2001 00:00:00','11/09/2024','SIDI MOKHFI TAOUNATE','ZT306390','0604773687','  ','Marocain','المشرع','سكينة','Baccalauréat','1c5c40c0-b3bd-4e66-941a-89968a05907a','2025-02-19 06:39:13','2025-02-19 06:39:13'),(49,'2004100500309','BELHADJ','YAHYA','H','Oui','.','Oui','DIA_DWB_FQ_1A-Développeur Web – mode Bootcamp (1A)-2024','DWB104','05/10/2004 00:00:00','11/09/2024','TANGER','K581923','0681321347','  ','Marocain','بلحاج','يحيى','Baccalauréat','cedee0f8-8d83-4ead-b841-9b1af7feefb0','2025-02-19 06:39:13','2025-02-19 06:39:13'),(50,'2000111700200','EL KHOBZI','ZAID','H','Oui','.','Oui','DIA_DWB_FQ_1A-Développeur Web – mode Bootcamp (1A)-2024','DWB101','17/11/2000 00:00:00','11/09/2024','ASILAH TANGER ASSILAH','KA66802','0675652406','  ','Marocain','الخبزي','زيد','Baccalauréat','02601921-1412-4ab2-ae6c-756085536bf1','2025-02-19 06:39:14','2025-02-19 06:39:14'),(51,'2005070900328','EL AOUAMI BADISSI','YOUSSEF','H','Oui','.','Oui','DIA_DWB_FQ_1A-Développeur Web – mode Bootcamp (1A)-2024','DWB102','09/07/2005 00:00:00','11/09/2024','TANGER','k594219','0679714341','  ','Marocain','العوامي بديسي','يوسف','Baccalauréat','ea1d19ff-216b-4ff8-aa75-6e7053c9b1b8','2025-02-19 06:39:14','2025-02-19 06:39:14'),(52,'2004062300205','AZIZ','SOUFIANE','H','Oui','.','Oui','DIA_DWB_FQ_1A-Développeur Web – mode Bootcamp (1A)-2024','DWB101','23/06/2004 00:00:00','11/09/2024','INEZGANE INEZGANE AIT MELLOUL','JB523272','0633895448','  ','Marocain','عزيز ','سفيان ','Baccalauréat','c1204116-a68e-40a7-a348-f1d81a03bcd7','2025-02-19 06:39:14','2025-02-19 06:39:14'),(53,'2002052000565','BENALI','ILYES','H','Oui','.','Oui','DIA_DWB_FQ_1A-Développeur Web – mode Bootcamp (1A)-2024','DWB103','20/05/2002 00:00:00','11/09/2024','OUJDA','F667989','0615237362','  ','Marocain','بنعلي','إلياس','Baccalauréat','5322c379-dd18-44ae-a74c-a5cb67cd435b','2025-02-19 06:39:14','2025-02-19 06:39:14'),(54,'2001062100454','JALYTA','AYOUB','H','Oui','.','Oui','DIA_DWB_FQ_1A-Développeur Web – mode Bootcamp (1A)-2024','DWB103','21/06/2001 00:00:00','11/09/2024','Taza','ZG162231','0618869886','  ','Marocain','جليطة','أيوب','Baccalauréat','4e43d945-6753-4976-9e66-179b8fc84f28','2025-02-19 06:39:15','2025-02-19 06:39:15'),(55,'2000030200512','HALTOUT','MOHAMED','H','Oui','.','Oui','DIA_DWB_FQ_1A-Développeur Web – mode Bootcamp (1A)-2024','DWB101','02/03/2000 00:00:00','11/09/2024','Tanger','KB185781','0695490856','  ','Marocain','حلتوت','محمد','Bac+3','c9636b29-070f-4e28-8797-c42b84a839ba','2025-02-19 06:39:15','2025-02-19 06:39:15'),(56,'2001110100697','AIT BRAHIM','SOUFYAN','H','Oui','.','Oui','DIA_DWB_FQ_1A-Développeur Web – mode Bootcamp (1A)-2024','DWB102','01/11/2001 00:00:00','11/09/2024','TAMGALOUNA IGHIL NOMGOUN TINGHIR','PA262008','0636889433','  ','Marocain','ايت ابراهيم','سفيان','Baccalauréat','5185965c-df56-4a0d-8c3c-53405b9964e1','2025-02-19 06:39:15','2025-02-19 06:39:15'),(57,'2001010800600','AFILAL','MOHAMMED','H','Oui','.','Oui','DIA_DWB_FQ_1A-Développeur Web – mode Bootcamp (1A)-2024','DWB101','08/01/2001 00:00:00','11/09/2024','Tanger','KB203673','0682564814','  ','Marocain','أفيلال','محمد','Bac+3','9c737da7-ca03-4bde-909e-dfa36b1a2b9b','2025-02-19 06:39:15','2025-02-19 06:39:15'),(58,'1999091200359','AOULAD EL HADJ','AZEDDINE','H','Oui','.','Oui','DIA_DWB_FQ_1A-Développeur Web – mode Bootcamp (1A)-2024','DWB103','12/09/1999 00:00:00','11/09/2024','Tetouan','Kb187876','0652025541','  ','Marocain','أولاد الحاج','عزالدين','Baccalauréat','1ea77dbd-53c6-4fe4-b0a6-007ad5536138','2025-02-19 06:39:16','2025-02-19 06:39:16'),(59,'2003060300207','AIT BENALLA','HICHAME','H','Oui','.','Oui','DIA_DWB_FQ_1A-Développeur Web – mode Bootcamp (1A)-2024','DWB102','03/06/2003 00:00:00','11/09/2024','Midelt','VA152035','0631318173','  ','Marocain','ايت بن علا','هشام','Baccalauréat','20979b03-86f4-4f44-90e7-9c48cd13782c','2025-02-19 06:39:16','2025-02-19 06:39:16'),(60,'2003031800469','GHARRAFI','AYOUB','H','Oui','.','Oui','DIA_DWB_FQ_1A-Développeur Web – mode Bootcamp (1A)-2024','DWB103','18/03/2003 00:00:00','11/09/2024','TAZA EL JADIDA TAZA ','K607356','0624377604','  ','Marocain','غرافي','أيوب','2 ème Année du Baccalauréat','4d313a98-3b3d-4e2f-bd12-4995050787b7','2025-02-19 06:39:16','2025-02-19 06:39:16'),(61,'2002070100527','LAANTIT','OMAR','H','Oui','.','Oui','DIA_DWB_FQ_1A-Développeur Web – mode Bootcamp (1A)-2024','DWB104','01/07/2002 00:00:00','11/09/2024','TANGER','KB234566','0680843898','  ','Marocain','العنتيت','عمر','Baccalauréat','a7a9da61-ea4f-476c-9d4a-e91019d8093b','2025-02-19 06:39:16','2025-02-19 06:39:16'),(62,'2003110300494','BEN YEKHLEF','ANOUAR','H','Oui','.','Oui','DIA_DWB_FQ_1A-Développeur Web – mode Bootcamp (1A)-2024','DWB101','08/11/2003 00:00:00','11/09/2024','TANGER','KB248149','0771300601','  ','Marocain',' بن يخلف','أنوار','Baccalauréat','f7ed3f83-af43-4386-a837-31583a9ed42d','2025-02-19 06:39:17','2025-02-19 06:39:17'),(63,'2004022600411','EL BAKHTI','MOSTAFA','H','Oui','.','Oui','DIA_DWB_FQ_1A-Développeur Web – mode Bootcamp (1A)-2024','DWB102','26/02/2004 00:00:00','11/09/2024','MOULAY AHMED CHERIF AL HOCEIMA','KB237115','0625208157','  ','Marocain','الباختي','مصطفى','Baccalauréat','761e9040-ddd3-48c1-a577-4920369f6c68','2025-02-19 06:39:17','2025-02-19 06:39:17'),(64,'2002111900253','BOULHAK','TAHA','H','Oui','.','Oui','DIA_DWB_FQ_1A-Développeur Web – mode Bootcamp (1A)-2024','DWB104','19/11/2002 00:00:00','11/09/2024','Casablanca ','BW32219','0644949915','  ','Marocain','بولحاق','طه','Baccalauréat','7771ce74-fdc9-45f4-aacf-1d2d4600116d','2025-02-19 06:39:17','2025-02-19 06:39:17'),(65,'2004100400424','ASSEFRI','MOHAMED EL HABIB','H','Oui','.','Oui','DIA_DWB_FQ_1A-Développeur Web – mode Bootcamp (1A)-2024','DWB102','04/10/2004 00:00:00','11/09/2024','CHTOUKA AIT BAHA','JH97997','0691949106','  ','Marocain','اسفري','محمد الحبيب','2 ème Année du Baccalauréat','ac6b4671-7cf7-408b-85bf-3dc3662ad3b9','2025-02-19 06:39:17','2025-02-19 06:39:17'),(66,'2006020500252','MALLOULI','ABDELHAY','H','Oui','.','Oui','DIA_DWB_FQ_1A-Développeur Web – mode Bootcamp (1A)-2024','DWB101','05/02/2006 00:00:00','11/09/2024','CHARF MGHOGHA TANGER ASSILAH','K622187','0635848683','  ','Marocain','الملولي','عبد الحي','Baccalauréat','7bd27b0d-53c9-4d25-885b-cbbee7297b0f','2025-02-19 06:39:18','2025-02-19 06:39:18'),(67,'2004060300401','EL CADI','MOHAMMAD','H','Oui','.','Oui','DIA_DWB_FQ_1A-Développeur Web – mode Bootcamp (1A)-2024','DWB104','03/06/2004 00:00:00','11/09/2024','TIGHDOUINE EL HAOUZ','EE986147','0644334262','  ','Marocain','القاضي','محماد','Baccalauréat','ef2b3608-86c7-4e13-93c8-749122212c24','2025-02-19 06:39:18','2025-02-19 06:39:18'),(68,'2005042700308','BELCAID','YASSIR','H','Oui','.','Oui','DIA_DWB_FQ_1A-Développeur Web – mode Bootcamp (1A)-2024','DWB104','27/04/2005 00:00:00','11/09/2024','TANGER TANGER ASSILAH','K633592','0620513773','  ','Marocain','بلقائد','ياسر','Baccalauréat','9ef26ef3-f349-4ece-bbdb-b752085e7827','2025-02-19 06:39:18','2025-02-19 06:39:18'),(69,'2002071400245','GATTOA','YASSIR','H','Oui','.','Oui','DIA_DWB_FQ_1A-Développeur Web – mode Bootcamp (1A)-2024','DWB101','14/07/2002 00:00:00','11/09/2024','AIN CHKEFF MOULAY YACOUB','K586609','0772529274','  ','Marocain','كطوع','ياسر','Baccalauréat','448c3a7d-cf9a-4049-b49c-cd009ac3c174','2025-02-19 06:39:19','2025-02-19 06:39:19'),(70,'2006011300310','BOUZINE','ADAM','H','Oui','.','Oui','DIA_DWB_FQ_1A-Développeur Web – mode Bootcamp (1A)-2024','DWB102','13/01/2006 00:00:00','11/09/2024','tanger','K626619','0691599532','  ','Marocain','بوزين','آدم','Baccalauréat','edbe8f58-fea7-436f-8ad8-fc8aed67097c','2025-02-19 06:39:19','2025-02-19 06:39:19'),(71,'2005081500441','KARKICH','MOHAMMED JALAL','H','Oui','.','Oui','DIA_DWB_FQ_1A-Développeur Web – mode Bootcamp (1A)-2024','DWB103','15/08/2005 00:00:00','11/09/2024','TANGER','K584912','0619787558','  ','Marocain','كركيش','محمد جلال','Baccalauréat','871e845d-c3a7-4ecb-b357-16754449e9e6','2025-02-19 06:39:19','2025-02-19 06:39:19'),(72,'2005121600129','EL MEAYOUF','MOHAMMED','H','Oui','.','Oui','DIA_DWB_FQ_1A-Développeur Web – mode Bootcamp (1A)-2024','DWB101','16/12/2005 00:00:00','11/09/2024','TANGER','KB263851','0646576115','  ','Marocain','المعيوف','محمد','Baccalauréat','3fcc37a7-8d42-4291-8517-b6ae15f6570d','2025-02-19 06:39:19','2025-02-19 06:39:19'),(73,'2004053100124','ZOUHEIR','MOHAMMED AMINE','H','Oui','.','Oui','DIA_DWB_FQ_1A-Développeur Web – mode Bootcamp (1A)-2024','DWB102','31/05/2004 00:00:00','11/09/2024','Meknès','K609135','0694131442','  ','Marocain','زوهير','محمد أمين','Baccalauréat','ac514527-a981-47de-b23c-f9765d61bd94','2025-02-19 06:39:20','2025-02-19 06:39:20'),(74,'2003040200523','GOUM','ILIAS','H','Oui','.','Oui','DIA_DWB_FQ_1A-Développeur Web – mode Bootcamp (1A)-2024','DWB103','02/04/2003 00:00:00','11/09/2024','CASABLANCA','BW38275','0772547631','  ','Marocain','كوم','إلياس','2 ème Année du Baccalauréat','2881994a-8139-4853-8d77-8cea81f40fd7','2025-02-19 06:39:20','2025-02-19 06:39:20'),(75,'2003020200494','DAOUIB','YASSINE','H','Oui','.','Oui','DIA_DWB_FQ_1A-Développeur Web – mode Bootcamp (1A)-2024','DWB101','02/02/2003 00:00:00','11/09/2024','TANGER','KB236620','0625230742','  ','Marocain','الدويب','ياسين','Baccalauréat','5ece3422-90f8-4a6f-9cbf-7efb419726a9','2025-02-19 06:39:20','2025-02-19 06:39:20'),(76,'2001062700220','OUSKOUR','ABDELALI','H','Oui','.','Oui','DIA_DWB_FQ_1A-Développeur Web – mode Bootcamp (1A)-2024','DWB102','27/06/2001 00:00:00','12/09/2024','SIDI ALI BEN HAMMOUCH EL JADIDA','MA153457','0680351726','  ','Marocain','اسكور','عبد العالي','Baccalauréat','d02d37eb-28c6-4602-a1c4-1a0acb1ed17d','2025-02-19 06:39:21','2025-02-19 06:39:21'),(77,'2003111200520','EL OUAHABI','ALI','H','Oui','.','Oui','DIA_DWB_FQ_1A-Développeur Web – mode Bootcamp (1A)-2024','DWB102','12/11/2003 00:00:00','12/09/2024','Tanger','K590405','0699227120','  ','Marocain','الوهابي','علي','Baccalauréat','77c90088-1a8b-4e24-ac8e-5825570ef4bd','2025-02-19 06:39:21','2025-02-19 06:39:21'),(78,'2003060900458','TALHI','SAAD','H','Oui','.','Oui','DIA_DWB_FQ_1A-Développeur Web – mode Bootcamp (1A)-2024','DWB103','09/06/2003 00:00:00','12/09/2024','Martil ','LE34251','0770924478','  ','Marocain','الطلحي ','سعد','2 ème Année du Baccalauréat','dfa05228-813e-40d6-97bc-3b857eb4cc1b','2025-02-19 06:39:21','2025-02-19 06:39:21'),(79,'2001061800423','MEZZIANE','MOHAMED','H','Oui','.','Oui','DIA_DMB_FQ_1A-Développeur Mobile – mode Bootcamp (1A)-2024','DMB101','18/06/2001 00:00:00','12/09/2024','TRIPOLI LIBIYE','KB220754','0642014890','  ','Marocain','مزيان ','محمد','Baccalauréat','705db845-2ad2-4d5c-b52c-b99d213ddd41','2025-02-19 06:39:21','2025-02-19 06:39:21'),(80,'2005021800362','KHARBACH','BASMA','F','Oui','.','Oui','DIA_DWB_FQ_1A-Développeur Web – mode Bootcamp (1A)-2024','DWB104','18/02/2005 00:00:00','12/09/2024','TETOUAN','L695053','0641220898','  ','Marocain','خرباش','بسمة','Baccalauréat','38e568f4-0f80-418d-ac1a-08b02a633765','2025-02-19 06:39:22','2025-02-19 06:39:22'),(81,'2006122000219','ECH-CHARYF','NOUR','H','Oui','.','Oui','DIA_DWB_FQ_1A-Développeur Web – mode Bootcamp (1A)-2024','DWB104','20/12/2006 00:00:00','12/09/2024','El Maarif','KB293957','0697000625','  ','Marocain','الشريف','نور','1 ère Année du Baccalauréat','f4f71901-aa96-44d8-afaf-010846b1b923','2025-02-19 06:39:22','2025-02-19 06:39:22'),(82,'2003032100431','MOHAMED ABOUAMASHA','AMIN','H','Oui','.','Oui','DIA_DWB_FQ_1A-Développeur Web – mode Bootcamp (1A)-2024','DWB102','21/03/2003 00:00:00','12/09/2024','DAMIETTE EGYPTE','CR800607','0655487582','  ','Marocain','محمد أبو عماشة','أمين','Baccalauréat','5d00a4e4-4b3b-4db5-9bfd-ae2d853c8238','2025-02-19 06:39:22','2025-02-19 06:39:22'),(83,'2005071000199','EL AFIA','AYMANE','H','Oui','.','Oui','DIA_DWB_FQ_1A-Développeur Web – mode Bootcamp (1A)-2024','DWB104','10/07/2005 00:00:00','13/09/2024','Bni arouss larache','K634810','0682052251','  ','Marocain','العافية','ايمن','Baccalauréat','94104360-d4b5-4a5f-a1cb-456f9832bee4','2025-02-19 06:39:22','2025-02-19 06:39:22'),(84,'2002031500411','EZ ZIYANI','MOHAMED','H','Oui','.','Oui','DIA_DWB_FQ_1A-Développeur Web – mode Bootcamp (1A)-2024','DWB103','15/03/2002 00:00:00','13/09/2024','ZAKORA','IC172914','0640854788','  ','Marocain','الزياني','محمد','Baccalauréat','092173af-f7a3-4db2-9480-a782939ef17d','2025-02-19 06:39:23','2025-02-19 06:39:23'),(85,'2004081900451','BASRI','YAHYA','H','Oui','.','Oui','DIA_DMB_FQ_1A-Développeur Mobile – mode Bootcamp (1A)-2024','DMB101','19/08/2004 00:00:00','18/09/2024','RABAT','AE296379','0649042360','  ','Marocain','بصري','يحيى','Baccalauréat','3b78c90c-cf28-4257-bbf9-05d8e898ed26','2025-02-19 06:39:23','2025-02-19 06:39:23'),(86,'2004082600364','JOHRATI','HAMZA','H','Oui','.','Oui','DIA_DWB_FQ_1A-Développeur Web – mode Bootcamp (1A)-2024','DWB104','26/08/2004 00:00:00','19/09/2024','TANGER','KB239217','0675899873','  ','Marocain','جوهراتي','حمزة','Baccalauréat','93db9975-57a9-4113-9907-65aa66ce0bf1','2025-02-19 06:39:23','2025-02-19 06:39:23'),(87,'2005031700141','CHALKHOUNE','HAMZA','H','Oui','.','Oui','DIA_DWB_FQ_1A-Développeur Web – mode Bootcamp (1A)-2024','DWB103','17/03/2005 00:00:00','19/09/2024','Tanger','K614429','0707421993','  ','Marocain','شلخون','حمزة','2 ème Année du Baccalauréat','9f50826b-fc99-40db-b337-757b397c1de2','2025-02-19 06:39:23','2025-02-19 06:39:23'),(88,'2003092500486','ALILECH','ASSIA','F','Oui','.','Oui','DIA_DWB_FQ_1A-Développeur Web – mode Bootcamp (1A)-2024','DWB101','25/09/2003 00:00:00','19/09/2024','Tanger','K634060','0638417033','  ','Marocain','اعليلش','آسية','Baccalauréat','1e8955d0-d924-439b-bd5e-2e010cabadaf','2025-02-19 06:39:24','2025-02-19 06:39:24'),(89,'2003041800456','ES-SAOUDY','SALAH EDDINE','H','Oui','.','Oui','DIA_DWB_FQ_1A-Développeur Web – mode Bootcamp (1A)-2024','DWB103','18/04/2003 00:00:00','19/09/2024','FES','KB245729','0616709650','  ','Marocain','السعودي','صلاح الدين','2 ème Année du Baccalauréat','8d8d89e9-d885-4203-beb2-f9c8415d42ed','2025-02-19 06:39:24','2025-02-19 06:39:24'),(90,'2004030400296','CHEKKOUR','HAMIDA','F','Oui','.','Oui','DIA_DWB_FQ_1A-Développeur Web – mode Bootcamp (1A)-2024','DWB103','04/03/2004 00:00:00','19/09/2024','TANGER','KB256006','0695909601','  ','Marocain','شقور','حميدة','Baccalauréat','2cd95864-20dc-4212-b573-225fca25ef2e','2025-02-19 06:39:24','2025-02-19 06:39:24'),(91,'2000121300148','SENTOUSSI','MOHAMED KARAM','H','Oui','.','Oui','DIA_DWB_FQ_1A-Développeur Web – mode Bootcamp (1A)-2024','DWB104','18/04/1994 00:00:00','24/09/2024','TANGER','KB97185','0657233782','  ','Marocain','سنتوسي','محمد كرم','2 ème Année du Baccalauréat','299248dd-2e9b-4344-bc18-8a8477edb253','2025-02-19 06:39:24','2025-02-19 06:39:24'),(92,'2006072000243','BOULAICH AZIFI','IKRAM','F','Oui','.','Oui','DIA_DWB_FQ_1A-Développeur Web – mode Bootcamp (1A)-2024','DWB103','20/07/2006 00:00:00','24/09/2024','TANGER','K641913','0631884846','  ','Marocain','بوالعيش العزيفي','إكرام','Baccalauréat','6fabab6e-31da-45dd-86ac-81993bf2c799','2025-02-19 06:39:25','2025-02-19 06:39:25'),(93,'2005110600345','BERRAK','KHANSAE','F','Oui','.','Oui','DIA_DWB_FQ_1A-Développeur Web – mode Bootcamp (1A)-2024','DWB101','06/11/2005 00:00:00','24/09/2024','TANGER','K644023','0675331541','  ','Marocain','البراق','خنساء','Baccalauréat','a6e9dc1a-1e46-40a8-841f-3272a5a64e11','2025-02-19 06:39:25','2025-02-19 06:39:25'),(94,'2002050100315','RANBOK','IMANE','F','Oui','.','Oui','DIA_DWB_FQ_1A-Développeur Web – mode Bootcamp (1A)-2024','DWB102','01/05/2002 00:00:00','24/09/2024','Tanger','KB227906','0629598008','  ','Marocain','الرنبوق','إيمان','Baccalauréat','33052fa7-084a-4c17-a7a5-7e3d66d251bd','2025-02-19 06:39:25','2025-02-19 06:39:25'),(95,'2004113000260','EL HAOUARI','YAACOUB','H','Oui','.','Oui','DIA_DWB_FQ_1A-Développeur Web – mode Bootcamp (1A)-2024','DWB102','30/11/2004 00:00:00','24/09/2024','TANGER TANGER ASSILAH','KB255430','0706796886','  ','Marocain','الهواري','يعقوب','Baccalauréat','4f744205-fa63-4ed4-b49b-a111fb6ebfd7','2025-02-19 06:39:25','2025-02-19 06:39:25'),(96,'2004010600347','EL KHOURAIB','ZAYNAB','F','Oui','.','Oui','DIA_DWB_FQ_1A-Développeur Web – mode Bootcamp (1A)-2024','DWB101','06/01/2004 00:00:00','27/09/2024','ASSILAH','KA71320','0681960952','  ','Marocain','الخرب','زينب','Baccalauréat','56f842f2-ea38-4597-a0e7-84af62d80394','2025-02-19 06:39:26','2025-02-19 06:39:26'),(97,'2005080900373','KESKSU','ADNANE','H','Oui','.','Oui','DIA_DWB_FQ_1A-Développeur Web – mode Bootcamp (1A)-2024','DWB103','09/08/2005 00:00:00','30/09/2024','TANGER','K608143','0688199181','  ','Marocain','كسكسو','عدنان','Baccalauréat','f0a86945-ac32-4a7e-afc4-d29f2f27be45','2025-02-19 06:39:26','2025-02-19 06:39:26');
/*!40000 ALTER TABLE `apprenant_konosies` ENABLE KEYS */;
UNLOCK TABLES;

--
-- Table structure for table `apprenants`
--

DROP TABLE IF EXISTS `apprenants`;
/*!40101 SET @saved_cs_client     = @@character_set_client */;
/*!50503 SET character_set_client = utf8mb4 */;
CREATE TABLE `apprenants` (
  `id` bigint unsigned NOT NULL AUTO_INCREMENT,
  `nom` varchar(255) CHARACTER SET utf8mb4 COLLATE utf8mb4_unicode_ci NOT NULL,
  `prenom` varchar(255) CHARACTER SET utf8mb4 COLLATE utf8mb4_unicode_ci NOT NULL,
  `prenom_arab` varchar(255) CHARACTER SET utf8mb4 COLLATE utf8mb4_unicode_ci NOT NULL,
  `nom_arab` varchar(255) CHARACTER SET utf8mb4 COLLATE utf8mb4_unicode_ci NOT NULL,
  `tele_num` varchar(255) CHARACTER SET utf8mb4 COLLATE utf8mb4_unicode_ci NOT NULL,
  `profile_image` varchar(255) CHARACTER SET utf8mb4 COLLATE utf8mb4_unicode_ci DEFAULT NULL,
  `matricule` varchar(255) CHARACTER SET utf8mb4 COLLATE utf8mb4_unicode_ci NOT NULL,
  `sexe` char(255) CHARACTER SET utf8mb4 COLLATE utf8mb4_unicode_ci NOT NULL,
  `actif` tinyint(1) NOT NULL DEFAULT '1',
  `diplome` varchar(100) CHARACTER SET utf8mb4 COLLATE utf8mb4_unicode_ci DEFAULT NULL,
  `date_naissance` date DEFAULT NULL,
  `date_inscription` date DEFAULT NULL,
  `lieu_naissance` varchar(255) CHARACTER SET utf8mb4 COLLATE utf8mb4_unicode_ci DEFAULT NULL,
  `cin` varchar(50) CHARACTER SET utf8mb4 COLLATE utf8mb4_unicode_ci DEFAULT NULL,
  `adresse` longtext CHARACTER SET utf8mb4 COLLATE utf8mb4_unicode_ci,
  `created_at` timestamp NULL DEFAULT NULL,
  `updated_at` timestamp NULL DEFAULT NULL,
  `niveaux_scolaire_id` bigint unsigned DEFAULT NULL,
  `nationalite_id` bigint unsigned DEFAULT NULL,
  `user_id` bigint unsigned DEFAULT NULL,
  `reference` varchar(255) CHARACTER SET utf8mb4 COLLATE utf8mb4_unicode_ci NOT NULL,
  PRIMARY KEY (`id`),
  UNIQUE KEY `apprenants_matricule_unique` (`matricule`),
  UNIQUE KEY `apprenants_reference_unique` (`reference`),
  KEY `apprenants_niveaux_scolaire_id_foreign` (`niveaux_scolaire_id`),
  KEY `apprenants_nationalite_id_foreign` (`nationalite_id`),
  KEY `apprenants_user_id_foreign` (`user_id`),
  CONSTRAINT `apprenants_nationalite_id_foreign` FOREIGN KEY (`nationalite_id`) REFERENCES `nationalites` (`id`),
  CONSTRAINT `apprenants_niveaux_scolaire_id_foreign` FOREIGN KEY (`niveaux_scolaire_id`) REFERENCES `niveaux_scolaires` (`id`),
  CONSTRAINT `apprenants_user_id_foreign` FOREIGN KEY (`user_id`) REFERENCES `users` (`id`)
) ENGINE=InnoDB AUTO_INCREMENT=98 DEFAULT CHARSET=utf8mb4 COLLATE=utf8mb4_unicode_ci;
/*!40101 SET character_set_client = @saved_cs_client */;

--
-- Dumping data for table `apprenants`
--

LOCK TABLES `apprenants` WRITE;
/*!40000 ALTER TABLE `apprenants` DISABLE KEYS */;
INSERT INTO `apprenants` VALUES (1,'EL BAKALI','AYOUB','البقالي',' أيوب','0618719073',NULL,'2001071700534','H',1,'.','2001-07-17','2024-09-03','TANGER','KA68970','  ','2025-02-19 06:39:00','2025-02-19 06:39:00',1,1,5,'7dddf987-72ce-4599-b061-699e2580bf41'),(2,'EL MRABET','ABDERRAFIE','المرابط ','عبد الرفيع','0606934025',NULL,'2002091500518','H',1,'.','2002-09-15','2024-09-03','TANGER','KB236275','  ','2025-02-19 06:39:01','2025-02-19 06:39:01',2,1,6,'4923f0d1-a1fd-49a6-93a3-680b41c850df'),(3,'TAMRAOUI','ABDELOUAHAB','التمراوي','عبدالوهاب','0675260017',NULL,'2000121100478','H',1,'.','2000-12-11','2024-09-03','ANEZI TIZNIT','KB204510','  ','2025-02-19 06:39:01','2025-02-19 06:39:01',3,1,7,'7b47f278-b039-45c7-a826-5657479d2119'),(4,'BOUSSAKLA','YAHYA','بوسكلة ','يحيى ','0602967632',NULL,'2004111400137','H',1,'.','2004-11-14','2024-09-03','Meknès ','K603005','  ','2025-02-19 06:39:01','2025-02-19 06:39:01',1,1,8,'6d88bb23-d5e8-42fa-8b29-74a1c510aa6c'),(5,'EL BOUZIDI','AYOUB','البوزيدي ','أيوب','0696176900',NULL,'2003101000330','H',1,'.','2003-10-10','2024-09-03','Ksar el Kebir larache ','K616044','  ','2025-02-19 06:39:01','2025-02-19 06:39:01',1,1,9,'0e3a4e2e-6757-4cc0-b663-fff28f289b3c'),(6,'CHABBAH','AYMEN','الشباح','ايمن ','0612593011',NULL,'2003102500428','H',1,'.','2003-10-25','2024-09-03','Tunis','K603422','  ','2025-02-19 06:39:02','2025-02-19 06:39:02',1,1,10,'db5cf505-0912-4902-8ada-72a5f3f410e9'),(7,'AOULAD AMAR','SAMIR',' اولاد عمر','سمير','0718087106',NULL,'2003103100364','H',1,'.','2003-01-31','2024-09-03','MTIOUA CHEFCHAOUEN','KB233260','  ','2025-02-19 06:39:02','2025-02-19 06:39:02',4,1,11,'12df046d-3369-447f-98a4-f08f27c5dca7'),(8,'BOUGTOUB','SAMIA',' بوكطوب','سامية','0697022588',NULL,'1995022200188','F',1,'.','1995-02-22','2024-09-03','TAOUNATE','ZT129442','  ','2025-02-19 06:39:02','2025-02-19 06:39:02',1,1,12,'9f74a9d4-4a13-4d34-8b75-978d15a8f370'),(9,'TRIBAK EL YEDRI','AYOUB','الطريباق اليدري','ايوب','0644419837',NULL,'2001020300395','H',1,'.','2001-02-03','2024-09-03','Tanger','K560805','  ','2025-02-19 06:39:03','2025-02-19 06:39:03',1,1,13,'23a4bbff-8f35-4056-829e-c4f5657ce15a'),(10,'DEHBI','DINA','الدهبي','دينة','0677803740',NULL,'2005033100082','F',1,'.','2005-03-31','2024-09-03','Tanger','K579926','  ','2025-02-19 06:39:03','2025-02-19 06:39:03',3,1,14,'9e7aa08c-f9d5-4f42-b05f-9302d068009a'),(11,'AMAZU','AYOUB','أمزو','أيوب','0654574954',NULL,'1999111900447','H',1,'.','1999-11-19','2024-09-03','TANGER','KB182049','  ','2025-02-19 06:39:03','2025-02-19 06:39:03',1,1,15,'624c9466-da23-49e5-84b8-7dd9cb376cb1'),(12,'BARDICH','OUSSAMA-MOUAD','برديش','اسامة معاذ','0624658021',NULL,'2001072700235','H',1,'.','2001-07-27','2024-09-03','27/07/2001 ERRACHIDIA','EE659437','  ','2025-02-19 06:39:03','2025-02-19 06:39:03',1,1,16,'36bf6b24-95cc-4f3c-b41d-4ea651531367'),(13,'BENNANI KABCHI','MOHAMMED AMINE','بناني كبشي','محمد أمين','0777314569',NULL,'2005020600263','H',1,'.','2005-02-06','2024-09-03','6/2/2005','K608583','  ','2025-02-19 06:39:04','2025-02-19 06:39:04',1,1,17,'75dbecfd-d19e-4c32-ba64-eb1213ebc718'),(14,'SUIRITA','FAHD','اسويرطا','فهد','0614027656',NULL,'2004092600325','H',1,'.','2004-09-26','2024-09-06','TANGER','KB252879','  ','2025-02-19 06:39:04','2025-02-19 06:39:04',1,1,18,'5c683be1-2007-45fe-910a-c02156847d5c'),(15,'ZOUBAIR','DOUAE','الزبير','دعاء','0772209937',NULL,'2004101300111','F',1,'.','2004-10-13','2024-09-10','Ksar el kebir','LB253283','  ','2025-02-19 06:39:04','2025-02-19 06:39:04',1,1,19,'6a6c0cb6-aaf3-4181-9d65-9317c95de7dd'),(16,'AZIZI','ZAKARIA','عزيزي','زكرياء','0658368005',NULL,'2005061300261','H',1,'.','2005-06-13','2024-09-10','BNI MALAK','KB282310','  ','2025-02-19 06:39:04','2025-02-19 06:39:04',1,1,20,'fe6ae8a9-5b52-4579-b2e8-bb2924ba296c'),(17,'JABER','FATIMA ZOHRA','جابر','فاطمة الزهرة','0553651458',NULL,'199208010257','F',1,'.','1992-08-01','2024-09-10','DAR CHAOUI','KB100213',' HAY EL HANAA 02 RUE 28 N 9 TANGER ','2025-02-19 06:39:05','2025-02-19 06:39:05',1,1,21,'ce7a59ee-3f35-479b-b854-c8315966054c'),(18,'ABOULMAJD','KENZA','ابو المجد','كنزة','0691347878',NULL,'2000091000575','F',1,'.','2000-09-10','2024-09-10','FES','CD705561','  ','2025-02-19 06:39:05','2025-02-19 06:39:05',1,1,22,'c64bcfc3-c63d-40ff-b122-b340ca6c0b1e'),(19,'MEZGUELDI','TASNIM','المزكلدي','تسنيم','0616896016',NULL,'2005080200411','F',1,'.','2005-08-02','2024-09-10','TANGER TANGER ASSILAH','KB259490','  ','2025-02-19 06:39:05','2025-02-19 06:39:05',1,1,23,'9046a4ec-1fa7-4c54-9fc9-180a50509171'),(20,'BENMOUNA','SAFAE','بنمونة','صفاء','0700834538',NULL,'2003091500522','F',1,'.','2003-09-15','2024-09-10','OUJDA','F678226','  ','2025-02-19 06:39:06','2025-02-19 06:39:06',1,1,24,'7e0491d6-ffec-46dc-9941-989a98955776'),(21,'SRIFI','FIRDAOUS','السريفي','فردوس','0608497260',NULL,'2002062000595','F',1,'.','2002-06-20','2024-09-10','TANGER','K596306','  ','2025-02-19 06:39:06','2025-02-19 06:39:06',1,1,25,'dbbdae9d-0596-4a36-bfc3-5b4b97cbb4b0'),(22,'EL HADIQ','FARAH','الحادق','فرح','0710498065',NULL,'2005030700237','F',1,'.','2005-03-07','2024-09-10','FES','CD754991','  ','2025-02-19 06:39:06','2025-02-19 06:39:06',1,1,26,'dd644c99-4f57-4195-821a-ea70ae894403'),(23,'EL MALKI','HAFSA','المالكي','حفصة','0626507879',NULL,'2006060500234','F',1,'.','2006-06-05','2024-09-10','TANGER','KB277986','  ','2025-02-19 06:39:06','2025-02-19 06:39:06',1,1,27,'654d87dc-00ea-4b09-aa93-b9577a0ff385'),(24,'TAHAYEKT','MARIAM','تحايكت','مريم','0675383275',NULL,'2005091300370','F',1,'.','2005-09-13','2024-09-10','CHEFCHAOUEN','LC381718','  ','2025-02-19 06:39:07','2025-02-19 06:39:07',1,1,28,'b96d47b7-f751-4360-86ec-5ba76e7a62b7'),(25,'SNABI','HAFSSA','الصنابي','حفصة','0674811975',NULL,'2004070800377','F',1,'.','2004-07-08','2024-09-10','Tanger','KB253756','  ','2025-02-19 06:39:07','2025-02-19 06:39:07',1,1,29,'32fa688a-d5ae-4fb6-9674-f48d8f0ab03f'),(26,'EL AISSAOUI','HAFSA','العيساوي','حفصة','0716888603',NULL,'2002070700490','F',1,'.','2002-07-07','2024-09-10','Centre guercif','ZG163327','  ','2025-02-19 06:39:07','2025-02-19 06:39:07',1,1,30,'d62dd476-e03c-4aba-8f0d-ff6fcb6985c0'),(27,'EL GHOUAL','FATIN','الغوال','فاتن','0630100965',NULL,'2003092300431','F',1,'.','2003-09-23','2024-09-10','TANGER','KB212400','  ','2025-02-19 06:39:08','2025-02-19 06:39:08',1,1,31,'30ee9743-a06c-400e-866a-698f0ce133bc'),(28,'KESKSU','SALMA','كسكسو','سلمى','0604126702',NULL,'2006112500208','F',1,'.','2006-11-25','2024-09-10','tanger','K621631','  ','2025-02-19 06:39:08','2025-02-19 06:39:08',1,1,32,'4701a591-02d2-46ad-87f3-11a9848a6ce8'),(29,'IZMAN','KHOULOUD','ازمان','خلود','0651131422',NULL,'2005033100084','F',1,'.','2005-03-31','2024-09-10','Tanger','K602378','  ','2025-02-19 06:39:08','2025-02-19 06:39:08',1,1,33,'0689fea5-3651-4977-a1bc-f22f7e2c4a76'),(30,'GRIYECH','IKRAM','اكريش','إكرام','0707920836',NULL,'2004032900285','F',1,'.','2004-03-29','2024-09-10','TANGER','K629991','  ','2025-02-19 06:39:08','2025-02-19 06:39:08',1,1,34,'f11e0743-b6e3-4c39-8cd0-a5dc04645d3e'),(31,'ALIMI','CHOUROUK','عليمي','شروق','0606872629',NULL,'2004071200353','F',1,'.','2004-07-12','2024-09-10','LIBYE','K635411','  ','2025-02-19 06:39:09','2025-02-19 06:39:09',1,1,35,'7192b8b5-ddb6-46d1-8e0c-bf84d3917dca'),(32,' BAKKALI','OUMAIMA','البقالي','أميمة ','0606965930',NULL,'2003101300193','F',1,'.','2003-10-13','2024-09-10','Tanger','K606558','  ','2025-02-19 06:39:09','2025-02-19 06:39:09',1,1,36,'22ca9df4-8df0-4378-a9d1-7d98fb8eb047'),(33,'HAD-DAD','YASMINE','الحداد','ياسمين','0645675082',NULL,'2000082400499','F',1,'.','2000-08-24','2024-09-10','TANGER','KB204518','  ','2025-02-19 06:39:09','2025-02-19 06:39:09',1,1,37,'ac51e41d-a084-486b-a4a4-90fe5356e652'),(34,'JARANE','HAMZA','جران','حمزة','0772263996',NULL,'2003102600434','H',1,'.','2003-10-26','2024-09-11','Tiznit (M)','J585462','  ','2025-02-19 06:39:10','2025-02-19 06:39:10',5,1,38,'25fdb7b0-fb00-4627-8cb7-b44dfe26ff84'),(35,'CHADDADE','MAROUA','الشدادي','مروة','0698752286',NULL,'2006122800190','F',1,'.','2006-12-28','2024-09-11','Tanger','K636019','  ','2025-02-19 06:39:10','2025-02-19 06:39:10',1,1,39,'0ea0eb9c-b35d-479c-a839-983aff6a17f9'),(36,'DELLAL','FATIMA ZAHRAE','الدلال','فاطمة الزهراء','0629269102',NULL,'2003062400115','F',1,'.','2003-06-24','2024-09-11','TANGER','KB239504','  ','2025-02-19 06:39:10','2025-02-19 06:39:10',1,1,40,'c6be8c8d-d3ed-4adf-8848-44b6305fda9c'),(37,'SAHSAH','DEKRA','صحصح','ذكرى','0633181922',NULL,'2003081600401','F',1,'.','2003-08-16','2024-09-11','Charf mghogha Tanger Assilah','K603219','  ','2025-02-19 06:39:10','2025-02-19 06:39:10',1,1,41,'ae9ff47f-e673-4e4a-b9df-25a2c561776a'),(38,'AMJAR','KHADIJA','امجار','خديجة','0610778267',NULL,'2005012100388','F',1,'.','2005-01-21','2024-09-11','DOUAR ICHOKEN C.R AOUNAN CHAFCHAWAN','KB283035','  ','2025-02-19 06:39:11','2025-02-19 06:39:11',1,1,42,'8f61218b-7f99-4505-962c-da1fbfb6cf06'),(39,'BOUZINE','ROKAYA','بوزين','رقية','0767515588',NULL,'2002082000188','F',1,'.','2002-08-20','2024-09-11','Tanger','K590225','  ','2025-02-19 06:39:11','2025-02-19 06:39:11',1,1,43,'9c4c668c-ad92-44ce-a6c2-cc1165f21f7c'),(40,'EL ALAMI','JAMILA','العلمي','جميلة','0644342521',NULL,'2002072200491','F',1,'.','2002-07-22','2024-09-11','FES','K595498','  ','2025-02-19 06:39:11','2025-02-19 06:39:11',2,1,44,'afbdd220-3015-4219-8b38-cda8891ca895'),(41,'KHALLOUK','NARJIS','خلوق','نرجس','0620799800',NULL,'2005080900382','F',1,'.','2005-08-09','2024-09-11','TANGER TANGER ASSILAH','KB260719','  ','2025-02-19 06:39:11','2025-02-19 06:39:11',2,1,45,'b73e98a2-7706-4df0-a413-643d6355989e'),(42,'IBOUHA','MOHAMED AMINE','ابوها','محمد امين','0674880979',NULL,'2002020200313','H',1,'.','2002-02-02','2024-09-11','TIMEZGADIOUINE CHICHAOUA','JM92956','  ','2025-02-19 06:39:12','2025-02-19 06:39:12',1,1,46,'b53b5445-0cff-45dd-bf08-edc1c88fc444'),(43,'EL ACHIRI','MOHAMED AYMANE','العشيري','محمد أيمن','0707407425',NULL,'2006012400147','H',1,'.','2006-01-24','2024-09-11','TANGER','KB254941','  ','2025-02-19 06:39:12','2025-02-19 06:39:12',1,1,47,'7ac48a4a-4d98-4a2d-9b4a-a998cb03fd5c'),(44,'EL-MARNYSY','MONIR','المرنيسي','منير','0616970245',NULL,'2003082800517','H',1,'.','2003-08-28','2024-09-11','TIMEZGANA TAOUNATE','K603955','  ','2025-02-19 06:39:12','2025-02-19 06:39:12',1,1,48,'78e1d876-cee4-4766-92a8-90e93a2095ed'),(45,'SATOU','MOHAMEDAMINE','سطو','محمد امين','0600000000',NULL,'2002080500022','H',1,'.','2002-08-05','2024-09-11','ALIA MOHAMADIA','Wb207126','  ','2025-02-19 06:39:13','2025-02-19 06:39:13',1,1,49,'60c75b73-14b5-4c75-9f97-203d8adc7489'),(46,'BOULAICH AZIFI','MOHAMED LARBI','بوالعيش العزيفي','محمد العربي','0694327686',NULL,'2005041700169','H',1,'.','2005-04-17','2024-09-11','TANGER TANGER ASSILAH','K619076','  ','2025-02-19 06:39:13','2025-02-19 06:39:13',1,1,50,'5f3e4482-a52b-4b1e-ab55-44f458990831'),(47,'EL EMRANI','BILAL','العمراني','بلال','0627052454',NULL,'2006053000194','H',1,'.','2006-05-30','2024-09-11','TANGER TANGER ASSILAH','K591199','  ','2025-02-19 06:39:13','2025-02-19 06:39:13',1,1,51,'24309f68-462a-49ef-ae28-ad8ea9303aa9'),(48,'MACHRAA','SOUKAYNA','المشرع','سكينة','0604773687',NULL,'2001063000326','F',1,'.','2001-06-30','2024-09-11','SIDI MOKHFI TAOUNATE','ZT306390','  ','2025-02-19 06:39:13','2025-02-19 06:39:13',1,1,52,'70a881da-cf81-4b3f-87d4-ed6cc70678cc'),(49,'BELHADJ','YAHYA','بلحاج','يحيى','0681321347',NULL,'2004100500309','H',1,'.','2004-10-05','2024-09-11','TANGER','K581923','  ','2025-02-19 06:39:14','2025-02-19 06:39:14',1,1,53,'08786f9e-2bd1-408d-9e7a-7b79a8e58625'),(50,'EL KHOBZI','ZAID','الخبزي','زيد','0675652406',NULL,'2000111700200','H',1,'.','2000-11-17','2024-09-11','ASILAH TANGER ASSILAH','KA66802','  ','2025-02-19 06:39:14','2025-02-19 06:39:14',1,1,54,'0becfaf6-7e3c-43b6-821d-f7b261cd99ca'),(51,'EL AOUAMI BADISSI','YOUSSEF','العوامي بديسي','يوسف','0679714341',NULL,'2005070900328','H',1,'.','2005-07-09','2024-09-11','TANGER','k594219','  ','2025-02-19 06:39:14','2025-02-19 06:39:14',1,1,55,'717ef72e-14d4-4f77-ad32-bd6b41ac336d'),(52,'AZIZ','SOUFIANE','عزيز ','سفيان ','0633895448',NULL,'2004062300205','H',1,'.','2004-06-23','2024-09-11','INEZGANE INEZGANE AIT MELLOUL','JB523272','  ','2025-02-19 06:39:14','2025-02-19 06:39:14',1,1,56,'bd8be138-1225-48f9-b7ed-936a6c5180b1'),(53,'BENALI','ILYES','بنعلي','إلياس','0615237362',NULL,'2002052000565','H',1,'.','2002-05-20','2024-09-11','OUJDA','F667989','  ','2025-02-19 06:39:15','2025-02-19 06:39:15',1,1,57,'20a5b366-4d79-4d0b-b198-e2817d092205'),(54,'JALYTA','AYOUB','جليطة','أيوب','0618869886',NULL,'2001062100454','H',1,'.','2001-06-21','2024-09-11','Taza','ZG162231','  ','2025-02-19 06:39:15','2025-02-19 06:39:15',1,1,58,'0f9dd1f8-d017-4b05-80d9-3dbe94d7bf08'),(55,'HALTOUT','MOHAMED','حلتوت','محمد','0695490856',NULL,'2000030200512','H',1,'.','2000-03-02','2024-09-11','Tanger','KB185781','  ','2025-02-19 06:39:15','2025-02-19 06:39:15',3,1,59,'8d1a95f4-1aa2-420a-8676-e2f961e103ba'),(56,'AIT BRAHIM','SOUFYAN','ايت ابراهيم','سفيان','0636889433',NULL,'2001110100697','H',1,'.','2001-11-01','2024-09-11','TAMGALOUNA IGHIL NOMGOUN TINGHIR','PA262008','  ','2025-02-19 06:39:15','2025-02-19 06:39:15',1,1,60,'182cb40c-4e66-4613-bb30-05a4444abce7'),(57,'AFILAL','MOHAMMED','أفيلال','محمد','0682564814',NULL,'2001010800600','H',1,'.','2001-01-08','2024-09-11','Tanger','KB203673','  ','2025-02-19 06:39:16','2025-02-19 06:39:16',3,1,61,'7a4dc32f-4bba-4c52-a198-65da2b04b7a8'),(58,'AOULAD EL HADJ','AZEDDINE','أولاد الحاج','عزالدين','0652025541',NULL,'1999091200359','H',1,'.','1999-09-12','2024-09-11','Tetouan','Kb187876','  ','2025-02-19 06:39:16','2025-02-19 06:39:16',1,1,62,'a913a21a-c5a8-4f92-98d7-48ba5ad6146d'),(59,'AIT BENALLA','HICHAME','ايت بن علا','هشام','0631318173',NULL,'2003060300207','H',1,'.','2003-06-03','2024-09-11','Midelt','VA152035','  ','2025-02-19 06:39:16','2025-02-19 06:39:16',1,1,63,'8624b3df-a316-46c4-bf15-3553de642550'),(60,'GHARRAFI','AYOUB','غرافي','أيوب','0624377604',NULL,'2003031800469','H',1,'.','2003-03-18','2024-09-11','TAZA EL JADIDA TAZA ','K607356','  ','2025-02-19 06:39:16','2025-02-19 06:39:16',2,1,64,'0f508164-75b2-43d7-a247-a3ccfcce3b5f'),(61,'LAANTIT','OMAR','العنتيت','عمر','0680843898',NULL,'2002070100527','H',1,'.','2002-07-01','2024-09-11','TANGER','KB234566','  ','2025-02-19 06:39:17','2025-02-19 06:39:17',1,1,65,'ae8a1be9-806a-4646-adaf-d13bce7c5915'),(62,'BEN YEKHLEF','ANOUAR',' بن يخلف','أنوار','0771300601',NULL,'2003110300494','H',1,'.','2003-11-08','2024-09-11','TANGER','KB248149','  ','2025-02-19 06:39:17','2025-02-19 06:39:17',1,1,66,'272aae0d-f82d-40a1-b534-c7e99c7180cb'),(63,'EL BAKHTI','MOSTAFA','الباختي','مصطفى','0625208157',NULL,'2004022600411','H',1,'.','2004-02-26','2024-09-11','MOULAY AHMED CHERIF AL HOCEIMA','KB237115','  ','2025-02-19 06:39:17','2025-02-19 06:39:17',1,1,67,'9f96004a-a673-4dd3-9b00-c85ae8e7e622'),(64,'BOULHAK','TAHA','بولحاق','طه','0644949915',NULL,'2002111900253','H',1,'.','2002-11-19','2024-09-11','Casablanca ','BW32219','  ','2025-02-19 06:39:17','2025-02-19 06:39:17',1,1,68,'c72f9126-8f6e-4244-b367-88bcd4b3c48d'),(65,'ASSEFRI','MOHAMED EL HABIB','اسفري','محمد الحبيب','0691949106',NULL,'2004100400424','H',1,'.','2004-10-04','2024-09-11','CHTOUKA AIT BAHA','JH97997','  ','2025-02-19 06:39:18','2025-02-19 06:39:18',2,1,69,'c12f15ed-bb74-4202-a5d3-1f35bf8b1756'),(66,'MALLOULI','ABDELHAY','الملولي','عبد الحي','0635848683',NULL,'2006020500252','H',1,'.','2006-02-05','2024-09-11','CHARF MGHOGHA TANGER ASSILAH','K622187','  ','2025-02-19 06:39:18','2025-02-19 06:39:18',1,1,70,'9d1a60e1-22cd-412a-a391-fa077bcf11fd'),(67,'EL CADI','MOHAMMAD','القاضي','محماد','0644334262',NULL,'2004060300401','H',1,'.','2004-06-03','2024-09-11','TIGHDOUINE EL HAOUZ','EE986147','  ','2025-02-19 06:39:18','2025-02-19 06:39:18',1,1,71,'e309c22e-c60a-4fd7-af9d-29b3ff35fc63'),(68,'BELCAID','YASSIR','بلقائد','ياسر','0620513773',NULL,'2005042700308','H',1,'.','2005-04-27','2024-09-11','TANGER TANGER ASSILAH','K633592','  ','2025-02-19 06:39:19','2025-02-19 06:39:19',1,1,72,'8d197d41-23ac-4209-babe-ead0656bbd91'),(69,'GATTOA','YASSIR','كطوع','ياسر','0772529274',NULL,'2002071400245','H',1,'.','2002-07-14','2024-09-11','AIN CHKEFF MOULAY YACOUB','K586609','  ','2025-02-19 06:39:19','2025-02-19 06:39:19',1,1,73,'88bfba1e-7413-498e-948a-915d36389e9f'),(70,'BOUZINE','ADAM','بوزين','آدم','0691599532',NULL,'2006011300310','H',1,'.','2006-01-13','2024-09-11','tanger','K626619','  ','2025-02-19 06:39:19','2025-02-19 06:39:19',1,1,74,'b26a0955-568d-4135-8c7a-d058f7200527'),(71,'KARKICH','MOHAMMED JALAL','كركيش','محمد جلال','0619787558',NULL,'2005081500441','H',1,'.','2005-08-15','2024-09-11','TANGER','K584912','  ','2025-02-19 06:39:19','2025-02-19 06:39:19',1,1,75,'7855e587-a9fa-4a0a-8094-b82491e8f70f'),(72,'EL MEAYOUF','MOHAMMED','المعيوف','محمد','0646576115',NULL,'2005121600129','H',1,'.','2005-12-16','2024-09-11','TANGER','KB263851','  ','2025-02-19 06:39:20','2025-02-19 06:39:20',1,1,76,'88f106ae-31a2-43d5-b8f4-8c32ebd9fce0'),(73,'ZOUHEIR','MOHAMMED AMINE','زوهير','محمد أمين','0694131442',NULL,'2004053100124','H',1,'.','2004-05-31','2024-09-11','Meknès','K609135','  ','2025-02-19 06:39:20','2025-02-19 06:39:20',1,1,77,'3cf68651-9bdc-4485-a981-73b6e8780133'),(74,'GOUM','ILIAS','كوم','إلياس','0772547631',NULL,'2003040200523','H',1,'.','2003-04-02','2024-09-11','CASABLANCA','BW38275','  ','2025-02-19 06:39:20','2025-02-19 06:39:20',2,1,78,'310c8f0e-fefc-4f2d-ac2e-e627c31cf5b1'),(75,'DAOUIB','YASSINE','الدويب','ياسين','0625230742',NULL,'2003020200494','H',1,'.','2003-02-02','2024-09-11','TANGER','KB236620','  ','2025-02-19 06:39:21','2025-02-19 06:39:21',1,1,79,'dd2f30ac-275b-45c8-9323-61e8ff8a1fcb'),(76,'OUSKOUR','ABDELALI','اسكور','عبد العالي','0680351726',NULL,'2001062700220','H',1,'.','2001-06-27','2024-09-12','SIDI ALI BEN HAMMOUCH EL JADIDA','MA153457','  ','2025-02-19 06:39:21','2025-02-19 06:39:21',1,1,80,'b59f8a23-c26b-4cc9-8b4c-75355dfcb037'),(77,'EL OUAHABI','ALI','الوهابي','علي','0699227120',NULL,'2003111200520','H',1,'.','2003-11-12','2024-09-12','Tanger','K590405','  ','2025-02-19 06:39:21','2025-02-19 06:39:21',1,1,81,'0bc8449c-6e61-420f-b00e-f21960deb748'),(78,'TALHI','SAAD','الطلحي ','سعد','0770924478',NULL,'2003060900458','H',1,'.','2003-06-09','2024-09-12','Martil ','LE34251','  ','2025-02-19 06:39:21','2025-02-19 06:39:21',2,1,82,'c24e27ed-ead9-44a1-8e63-05c1fae506cc'),(79,'MEZZIANE','MOHAMED','مزيان ','محمد','0642014890',NULL,'2001061800423','H',1,'.','2001-06-18','2024-09-12','TRIPOLI LIBIYE','KB220754','  ','2025-02-19 06:39:22','2025-02-19 06:39:22',1,1,83,'cebcc403-e167-434f-9a11-73917f86a8f3'),(80,'KHARBACH','BASMA','خرباش','بسمة','0641220898',NULL,'2005021800362','F',1,'.','2005-02-18','2024-09-12','TETOUAN','L695053','  ','2025-02-19 06:39:22','2025-02-19 06:39:22',1,1,84,'fdcc4a54-e040-40c4-b935-00bcd44212cd'),(81,'ECH-CHARYF','NOUR','الشريف','نور','0697000625',NULL,'2006122000219','H',1,'.','2006-12-20','2024-09-12','El Maarif','KB293957','  ','2025-02-19 06:39:22','2025-02-19 06:39:22',5,1,85,'c2fdfec6-6cc9-4312-8d4a-fccdd9ae27ff'),(82,'MOHAMED ABOUAMASHA','AMIN','محمد أبو عماشة','أمين','0655487582',NULL,'2003032100431','H',1,'.','2003-03-21','2024-09-12','DAMIETTE EGYPTE','CR800607','  ','2025-02-19 06:39:22','2025-02-19 06:39:22',1,1,86,'59c63e79-832f-4ec9-b1a6-28b847f5fe97'),(83,'EL AFIA','AYMANE','العافية','ايمن','0682052251',NULL,'2005071000199','H',1,'.','2005-07-10','2024-09-13','Bni arouss larache','K634810','  ','2025-02-19 06:39:23','2025-02-19 06:39:23',1,1,87,'cf7b63f9-9f9b-4b54-84a3-5cf9b654bfcc'),(84,'EZ ZIYANI','MOHAMED','الزياني','محمد','0640854788',NULL,'2002031500411','H',1,'.','2002-03-15','2024-09-13','ZAKORA','IC172914','  ','2025-02-19 06:39:23','2025-02-19 06:39:23',1,1,88,'e5986dcd-2d6b-4b95-baaf-ea0453be0a59'),(85,'BASRI','YAHYA','بصري','يحيى','0649042360',NULL,'2004081900451','H',1,'.','2004-08-19','2024-09-18','RABAT','AE296379','  ','2025-02-19 06:39:23','2025-02-19 06:39:23',1,1,89,'4c9984f8-cc30-4b86-b1a7-f95f4b56819b'),(86,'JOHRATI','HAMZA','جوهراتي','حمزة','0675899873',NULL,'2004082600364','H',1,'.','2004-08-26','2024-09-19','TANGER','KB239217','  ','2025-02-19 06:39:23','2025-02-19 06:39:23',1,1,90,'178528b2-0e21-40f2-aa00-c7b781c5fdde'),(87,'CHALKHOUNE','HAMZA','شلخون','حمزة','0707421993',NULL,'2005031700141','H',1,'.','2005-03-17','2024-09-19','Tanger','K614429','  ','2025-02-19 06:39:24','2025-02-19 06:39:24',2,1,91,'9958d79c-64cd-4552-8603-adcae4649af5'),(88,'ALILECH','ASSIA','اعليلش','آسية','0638417033',NULL,'2003092500486','F',1,'.','2003-09-25','2024-09-19','Tanger','K634060','  ','2025-02-19 06:39:24','2025-02-19 06:39:24',1,1,92,'1af64681-b760-43f5-b44a-701cc3e83892'),(89,'ES-SAOUDY','SALAH EDDINE','السعودي','صلاح الدين','0616709650',NULL,'2003041800456','H',1,'.','2003-04-18','2024-09-19','FES','KB245729','  ','2025-02-19 06:39:24','2025-02-19 06:39:24',2,1,93,'c3e37764-7fa9-4b97-9138-de454ebe15b0'),(90,'CHEKKOUR','HAMIDA','شقور','حميدة','0695909601',NULL,'2004030400296','F',1,'.','2004-03-04','2024-09-19','TANGER','KB256006','  ','2025-02-19 06:39:24','2025-02-19 06:39:24',1,1,94,'4e112a58-c22c-4198-bcea-dedf30dcd515'),(91,'SENTOUSSI','MOHAMED KARAM','سنتوسي','محمد كرم','0657233782',NULL,'2000121300148','H',1,'.','1994-04-18','2024-09-24','TANGER','KB97185','  ','2025-02-19 06:39:25','2025-02-19 06:39:25',2,1,95,'856c8bb3-600a-49a9-896f-b6e8186b528a'),(92,'BOULAICH AZIFI','IKRAM','بوالعيش العزيفي','إكرام','0631884846',NULL,'2006072000243','F',1,'.','2006-07-20','2024-09-24','TANGER','K641913','  ','2025-02-19 06:39:25','2025-02-19 06:39:25',1,1,96,'7029cc60-927c-4ef1-a72f-6be615f58491'),(93,'BERRAK','KHANSAE','البراق','خنساء','0675331541',NULL,'2005110600345','F',1,'.','2005-11-06','2024-09-24','TANGER','K644023','  ','2025-02-19 06:39:25','2025-02-19 06:39:25',1,1,97,'a656f9a8-41ef-47c4-877b-416909be7820'),(94,'RANBOK','IMANE','الرنبوق','إيمان','0629598008',NULL,'2002050100315','F',1,'.','2002-05-01','2024-09-24','Tanger','KB227906','  ','2025-02-19 06:39:25','2025-02-19 06:39:25',1,1,98,'d39e82ea-3531-42e5-8008-2e49fcc136b5'),(95,'EL HAOUARI','YAACOUB','الهواري','يعقوب','0706796886',NULL,'2004113000260','H',1,'.','2004-11-30','2024-09-24','TANGER TANGER ASSILAH','KB255430','  ','2025-02-19 06:39:26','2025-02-19 06:39:26',1,1,99,'bba5114e-dea4-4f02-8ac6-6b740472b4fb'),(96,'EL KHOURAIB','ZAYNAB','الخرب','زينب','0681960952',NULL,'2004010600347','F',1,'.','2004-01-06','2024-09-27','ASSILAH','KA71320','  ','2025-02-19 06:39:26','2025-02-19 06:39:26',1,1,100,'04deadb7-0a80-40eb-9329-5ab9a6cc4e5d'),(97,'KESKSU','ADNANE','كسكسو','عدنان','0688199181',NULL,'2005080900373','H',1,'.','2005-08-09','2024-09-30','TANGER','K608143','  ','2025-02-19 06:39:26','2025-02-19 06:39:26',1,1,101,'1ae79d3a-96c7-4c38-982a-32d7744f9d65');
/*!40000 ALTER TABLE `apprenants` ENABLE KEYS */;
UNLOCK TABLES;

--
-- Table structure for table `cache`
--

DROP TABLE IF EXISTS `cache`;
/*!40101 SET @saved_cs_client     = @@character_set_client */;
/*!50503 SET character_set_client = utf8mb4 */;
CREATE TABLE `cache` (
  `key` varchar(255) CHARACTER SET utf8mb4 COLLATE utf8mb4_unicode_ci NOT NULL,
  `value` mediumtext CHARACTER SET utf8mb4 COLLATE utf8mb4_unicode_ci NOT NULL,
  `expiration` int NOT NULL,
  PRIMARY KEY (`key`)
) ENGINE=InnoDB DEFAULT CHARSET=utf8mb4 COLLATE=utf8mb4_unicode_ci;
/*!40101 SET character_set_client = @saved_cs_client */;

--
-- Dumping data for table `cache`
--

LOCK TABLES `cache` WRITE;
/*!40000 ALTER TABLE `cache` DISABLE KEYS */;
INSERT INTO `cache` VALUES ('spatie.permission.cache','a:3:{s:5:\"alias\";a:6:{s:1:\"a\";s:2:\"id\";s:1:\"b\";s:4:\"name\";s:1:\"c\";s:10:\"guard_name\";s:1:\"d\";s:13:\"controller_id\";s:1:\"g\";s:9:\"reference\";s:1:\"r\";s:5:\"roles\";}s:11:\"permissions\";a:544:{i:0;a:6:{s:1:\"a\";i:1;s:1:\"b\";s:9:\"show-role\";s:1:\"c\";s:3:\"web\";s:1:\"d\";i:1;s:1:\"g\";s:36:\"76b8d861-3b04-4832-a7bf-05989f5a680c\";s:1:\"r\";a:1:{i:0;i:3;}}i:1;a:6:{s:1:\"a\";i:2;s:1:\"b\";s:10:\"index-role\";s:1:\"c\";s:3:\"web\";s:1:\"d\";i:1;s:1:\"g\";s:36:\"1f6373be-fbd0-43f1-b5e5-fc7c8f99376d\";s:1:\"r\";a:1:{i:0;i:3;}}i:2;a:6:{s:1:\"a\";i:3;s:1:\"b\";s:9:\"edit-role\";s:1:\"c\";s:3:\"web\";s:1:\"d\";i:1;s:1:\"g\";s:36:\"c340987f-1dc2-489e-8e22-107f2bec43d1\";s:1:\"r\";a:1:{i:0;i:3;}}i:3;a:6:{s:1:\"a\";i:4;s:1:\"b\";s:11:\"update-role\";s:1:\"c\";s:3:\"web\";s:1:\"d\";i:1;s:1:\"g\";s:36:\"b6cb6821-02af-40e6-b40f-885458de7991\";s:1:\"r\";a:1:{i:0;i:3;}}i:4;a:6:{s:1:\"a\";i:5;s:1:\"b\";s:15:\"dataCalcul-role\";s:1:\"c\";s:3:\"web\";s:1:\"d\";i:1;s:1:\"g\";s:36:\"4bf4cb3e-12c3-4c3a-a874-4b47f8eb153d\";s:1:\"r\";a:1:{i:0;i:3;}}i:5;a:6:{s:1:\"a\";i:6;s:1:\"b\";s:11:\"create-role\";s:1:\"c\";s:3:\"web\";s:1:\"d\";i:1;s:1:\"g\";s:36:\"8679d0f5-e6f1-4bc7-aae8-707933d6e7a3\";s:1:\"r\";a:1:{i:0;i:3;}}i:6;a:6:{s:1:\"a\";i:7;s:1:\"b\";s:10:\"store-role\";s:1:\"c\";s:3:\"web\";s:1:\"d\";i:1;s:1:\"g\";s:36:\"ed0cfafe-9f1c-49b0-a85f-85cc5e5c4f60\";s:1:\"r\";a:1:{i:0;i:3;}}i:7;a:6:{s:1:\"a\";i:8;s:1:\"b\";s:12:\"destroy-role\";s:1:\"c\";s:3:\"web\";s:1:\"d\";i:1;s:1:\"g\";s:36:\"86e81a02-c677-4d67-b06b-85f490fe17d4\";s:1:\"r\";a:1:{i:0;i:3;}}i:8;a:6:{s:1:\"a\";i:9;s:1:\"b\";s:11:\"import-role\";s:1:\"c\";s:3:\"web\";s:1:\"d\";i:1;s:1:\"g\";s:36:\"9df5747f-3d15-4adc-8992-6f6cc3811a7f\";s:1:\"r\";a:1:{i:0;i:3;}}i:9;a:6:{s:1:\"a\";i:10;s:1:\"b\";s:11:\"export-role\";s:1:\"c\";s:3:\"web\";s:1:\"d\";i:1;s:1:\"g\";s:36:\"4ac2e862-8bb5-4134-b135-a19ee1698047\";s:1:\"r\";a:1:{i:0;i:3;}}i:10;a:6:{s:1:\"a\";i:11;s:1:\"b\";s:9:\"show-user\";s:1:\"c\";s:3:\"web\";s:1:\"d\";i:2;s:1:\"g\";s:36:\"607a6b59-cd20-4ec1-9922-c0503bc3309a\";s:1:\"r\";a:1:{i:0;i:3;}}i:11;a:6:{s:1:\"a\";i:12;s:1:\"b\";s:10:\"index-user\";s:1:\"c\";s:3:\"web\";s:1:\"d\";i:2;s:1:\"g\";s:36:\"5e1f3e29-925b-4a5f-a893-c9ad54dcac49\";s:1:\"r\";a:1:{i:0;i:3;}}i:12;a:6:{s:1:\"a\";i:13;s:1:\"b\";s:9:\"edit-user\";s:1:\"c\";s:3:\"web\";s:1:\"d\";i:2;s:1:\"g\";s:36:\"6077bc34-3d61-4abc-bc71-b938c579f77e\";s:1:\"r\";a:1:{i:0;i:3;}}i:13;a:6:{s:1:\"a\";i:14;s:1:\"b\";s:11:\"update-user\";s:1:\"c\";s:3:\"web\";s:1:\"d\";i:2;s:1:\"g\";s:36:\"527e0b0a-ab35-4418-92a6-c2fcac99e41b\";s:1:\"r\";a:1:{i:0;i:3;}}i:14;a:6:{s:1:\"a\";i:15;s:1:\"b\";s:15:\"dataCalcul-user\";s:1:\"c\";s:3:\"web\";s:1:\"d\";i:2;s:1:\"g\";s:36:\"bb837578-fec2-4d06-a893-1f32d4f6780d\";s:1:\"r\";a:1:{i:0;i:3;}}i:15;a:6:{s:1:\"a\";i:16;s:1:\"b\";s:11:\"create-user\";s:1:\"c\";s:3:\"web\";s:1:\"d\";i:2;s:1:\"g\";s:36:\"65afa6fa-b54c-4abd-82e1-f243a7ba539a\";s:1:\"r\";a:1:{i:0;i:3;}}i:16;a:6:{s:1:\"a\";i:17;s:1:\"b\";s:10:\"store-user\";s:1:\"c\";s:3:\"web\";s:1:\"d\";i:2;s:1:\"g\";s:36:\"94e68531-46d4-4a05-98db-5d30838aca48\";s:1:\"r\";a:1:{i:0;i:3;}}i:17;a:6:{s:1:\"a\";i:18;s:1:\"b\";s:12:\"destroy-user\";s:1:\"c\";s:3:\"web\";s:1:\"d\";i:2;s:1:\"g\";s:36:\"a0d3bd7d-9b18-430d-8430-edf455e7c900\";s:1:\"r\";a:1:{i:0;i:3;}}i:18;a:6:{s:1:\"a\";i:19;s:1:\"b\";s:11:\"import-user\";s:1:\"c\";s:3:\"web\";s:1:\"d\";i:2;s:1:\"g\";s:36:\"28f1005a-68bc-42eb-a17a-a251fa1740e2\";s:1:\"r\";a:1:{i:0;i:3;}}i:19;a:6:{s:1:\"a\";i:20;s:1:\"b\";s:11:\"export-user\";s:1:\"c\";s:3:\"web\";s:1:\"d\";i:2;s:1:\"g\";s:36:\"b2a21998-857a-4500-b47a-d17e34f20a1a\";s:1:\"r\";a:1:{i:0;i:3;}}i:20;a:6:{s:1:\"a\";i:21;s:1:\"b\";s:17:\"initPassword-user\";s:1:\"c\";s:3:\"web\";s:1:\"d\";i:2;s:1:\"g\";s:36:\"150a2ec4-8f81-487f-86f7-39f284fd9293\";s:1:\"r\";a:1:{i:0;i:3;}}i:21;a:5:{s:1:\"a\";i:22;s:1:\"b\";s:15:\"show-permission\";s:1:\"c\";s:3:\"web\";s:1:\"d\";i:3;s:1:\"g\";s:36:\"b527404b-bd0a-4f10-8b89-b06663102842\";}i:22;a:5:{s:1:\"a\";i:23;s:1:\"b\";s:16:\"index-permission\";s:1:\"c\";s:3:\"web\";s:1:\"d\";i:3;s:1:\"g\";s:36:\"bff8b04a-1520-4d13-9421-ae2d762977e5\";}i:23;a:5:{s:1:\"a\";i:24;s:1:\"b\";s:15:\"edit-permission\";s:1:\"c\";s:3:\"web\";s:1:\"d\";i:3;s:1:\"g\";s:36:\"42346057-ae05-4294-9340-de85fc54abe3\";}i:24;a:5:{s:1:\"a\";i:25;s:1:\"b\";s:17:\"update-permission\";s:1:\"c\";s:3:\"web\";s:1:\"d\";i:3;s:1:\"g\";s:36:\"0fa52d9f-097f-43cb-b791-dc1869741309\";}i:25;a:5:{s:1:\"a\";i:26;s:1:\"b\";s:21:\"dataCalcul-permission\";s:1:\"c\";s:3:\"web\";s:1:\"d\";i:3;s:1:\"g\";s:36:\"d2877c09-8b90-424c-8da3-50c852aac096\";}i:26;a:5:{s:1:\"a\";i:27;s:1:\"b\";s:17:\"create-permission\";s:1:\"c\";s:3:\"web\";s:1:\"d\";i:3;s:1:\"g\";s:36:\"e5aeaec5-3172-4df7-b5a3-632d585a6720\";}i:27;a:5:{s:1:\"a\";i:28;s:1:\"b\";s:16:\"store-permission\";s:1:\"c\";s:3:\"web\";s:1:\"d\";i:3;s:1:\"g\";s:36:\"8b1a58e5-1f87-4d5e-bca0-7efe2b03dd56\";}i:28;a:5:{s:1:\"a\";i:29;s:1:\"b\";s:18:\"destroy-permission\";s:1:\"c\";s:3:\"web\";s:1:\"d\";i:3;s:1:\"g\";s:36:\"a4adcd1d-0908-49eb-9568-3b34e2e62724\";}i:29;a:5:{s:1:\"a\";i:30;s:1:\"b\";s:17:\"import-permission\";s:1:\"c\";s:3:\"web\";s:1:\"d\";i:3;s:1:\"g\";s:36:\"ec729d60-085d-42db-8a61-3ecdc335c614\";}i:30;a:5:{s:1:\"a\";i:31;s:1:\"b\";s:17:\"export-permission\";s:1:\"c\";s:3:\"web\";s:1:\"d\";i:3;s:1:\"g\";s:36:\"96b0a360-d260-409e-a433-e7098f5ae951\";}i:31;a:5:{s:1:\"a\";i:32;s:1:\"b\";s:15:\"create-sysColor\";s:1:\"c\";s:3:\"web\";s:1:\"d\";i:4;s:1:\"g\";s:36:\"ef1d98db-61ea-4ed7-85e0-b24fe935d328\";}i:32;a:5:{s:1:\"a\";i:33;s:1:\"b\";s:14:\"store-sysColor\";s:1:\"c\";s:3:\"web\";s:1:\"d\";i:4;s:1:\"g\";s:36:\"f829eac2-0c6e-43c5-abbd-ef4e036bad0c\";}i:33;a:5:{s:1:\"a\";i:34;s:1:\"b\";s:13:\"edit-sysColor\";s:1:\"c\";s:3:\"web\";s:1:\"d\";i:4;s:1:\"g\";s:36:\"75045ea3-eb23-422c-8e3b-79519cd84a8e\";}i:34;a:5:{s:1:\"a\";i:35;s:1:\"b\";s:15:\"update-sysColor\";s:1:\"c\";s:3:\"web\";s:1:\"d\";i:4;s:1:\"g\";s:36:\"6ddbaf27-2eb1-4d18-92e6-0416f1d244fa\";}i:35;a:5:{s:1:\"a\";i:36;s:1:\"b\";s:16:\"destroy-sysColor\";s:1:\"c\";s:3:\"web\";s:1:\"d\";i:4;s:1:\"g\";s:36:\"f27ab8e9-fa8b-438a-9eab-ffe21d066502\";}i:36;a:5:{s:1:\"a\";i:37;s:1:\"b\";s:21:\"getSysColors-sysColor\";s:1:\"c\";s:3:\"web\";s:1:\"d\";i:4;s:1:\"g\";s:36:\"2198e4de-be85-4ba1-8ad6-9aca80845872\";}i:37;a:5:{s:1:\"a\";i:38;s:1:\"b\";s:14:\"index-sysColor\";s:1:\"c\";s:3:\"web\";s:1:\"d\";i:4;s:1:\"g\";s:36:\"aee3f354-5d3e-431f-9cef-d333f5bcd4a7\";}i:38;a:5:{s:1:\"a\";i:39;s:1:\"b\";s:13:\"show-sysColor\";s:1:\"c\";s:3:\"web\";s:1:\"d\";i:4;s:1:\"g\";s:36:\"7a2ffafe-c49c-461e-82a2-d9716fe9c0d6\";}i:39;a:5:{s:1:\"a\";i:40;s:1:\"b\";s:15:\"import-sysColor\";s:1:\"c\";s:3:\"web\";s:1:\"d\";i:4;s:1:\"g\";s:36:\"29718ba0-2e9f-43ce-a2a2-1e664885ca79\";}i:40;a:5:{s:1:\"a\";i:41;s:1:\"b\";s:15:\"export-sysColor\";s:1:\"c\";s:3:\"web\";s:1:\"d\";i:4;s:1:\"g\";s:36:\"7e0f3d2c-9ec8-4f04-8507-33fc2d9e1c46\";}i:41;a:5:{s:1:\"a\";i:42;s:1:\"b\";s:16:\"create-sysModule\";s:1:\"c\";s:3:\"web\";s:1:\"d\";i:5;s:1:\"g\";s:36:\"57a9c29b-9cd0-48d5-a7c9-3e2fc8de69c4\";}i:42;a:5:{s:1:\"a\";i:43;s:1:\"b\";s:15:\"store-sysModule\";s:1:\"c\";s:3:\"web\";s:1:\"d\";i:5;s:1:\"g\";s:36:\"1aebdb18-5427-4177-9cff-031d667fe2d2\";}i:43;a:5:{s:1:\"a\";i:44;s:1:\"b\";s:14:\"edit-sysModule\";s:1:\"c\";s:3:\"web\";s:1:\"d\";i:5;s:1:\"g\";s:36:\"d2abc8ed-1684-4150-a38c-8df24d844f76\";}i:44;a:5:{s:1:\"a\";i:45;s:1:\"b\";s:16:\"update-sysModule\";s:1:\"c\";s:3:\"web\";s:1:\"d\";i:5;s:1:\"g\";s:36:\"4d9676bc-b272-4eaa-bf42-5daeeeb859ea\";}i:45;a:5:{s:1:\"a\";i:46;s:1:\"b\";s:17:\"destroy-sysModule\";s:1:\"c\";s:3:\"web\";s:1:\"d\";i:5;s:1:\"g\";s:36:\"9d5da7ed-84dc-4916-a2e0-2689a92a8540\";}i:46;a:5:{s:1:\"a\";i:47;s:1:\"b\";s:23:\"getSysModules-sysModule\";s:1:\"c\";s:3:\"web\";s:1:\"d\";i:5;s:1:\"g\";s:36:\"a165dc13-5802-429e-bfca-6c59458ccf5c\";}i:47;a:5:{s:1:\"a\";i:48;s:1:\"b\";s:15:\"index-sysModule\";s:1:\"c\";s:3:\"web\";s:1:\"d\";i:5;s:1:\"g\";s:36:\"5a3fa9cf-551e-49d4-b9b5-f55e3f8cf71a\";}i:48;a:5:{s:1:\"a\";i:49;s:1:\"b\";s:14:\"show-sysModule\";s:1:\"c\";s:3:\"web\";s:1:\"d\";i:5;s:1:\"g\";s:36:\"d36a746a-16e2-4bb8-a090-90d7634a5216\";}i:49;a:5:{s:1:\"a\";i:50;s:1:\"b\";s:16:\"import-sysModule\";s:1:\"c\";s:3:\"web\";s:1:\"d\";i:5;s:1:\"g\";s:36:\"303cee50-b543-4db2-8e0a-ef35fb97ff77\";}i:50;a:5:{s:1:\"a\";i:51;s:1:\"b\";s:16:\"export-sysModule\";s:1:\"c\";s:3:\"web\";s:1:\"d\";i:5;s:1:\"g\";s:36:\"8e50a0dd-6e8d-41f1-ad74-9389356e69e3\";}i:51;a:5:{s:1:\"a\";i:52;s:1:\"b\";s:18:\"show-sysController\";s:1:\"c\";s:3:\"web\";s:1:\"d\";i:6;s:1:\"g\";s:36:\"f5d6aa40-a4d1-4755-b0f9-2dfe21dc13a9\";}i:52;a:5:{s:1:\"a\";i:53;s:1:\"b\";s:19:\"index-sysController\";s:1:\"c\";s:3:\"web\";s:1:\"d\";i:6;s:1:\"g\";s:36:\"82cc1309-af65-4b46-9d9e-9dffd1c14b3c\";}i:53;a:5:{s:1:\"a\";i:54;s:1:\"b\";s:18:\"edit-sysController\";s:1:\"c\";s:3:\"web\";s:1:\"d\";i:6;s:1:\"g\";s:36:\"aabf74aa-99c1-45b3-aa36-02775f5b9945\";}i:54;a:5:{s:1:\"a\";i:55;s:1:\"b\";s:20:\"update-sysController\";s:1:\"c\";s:3:\"web\";s:1:\"d\";i:6;s:1:\"g\";s:36:\"84b96459-9ee6-4c00-8f81-f75149f3115d\";}i:55;a:5:{s:1:\"a\";i:56;s:1:\"b\";s:24:\"dataCalcul-sysController\";s:1:\"c\";s:3:\"web\";s:1:\"d\";i:6;s:1:\"g\";s:36:\"ad9ecbd9-a38d-4111-87ff-d6567249fcac\";}i:56;a:5:{s:1:\"a\";i:57;s:1:\"b\";s:20:\"create-sysController\";s:1:\"c\";s:3:\"web\";s:1:\"d\";i:6;s:1:\"g\";s:36:\"46fd99da-4893-4e98-86f5-9c7760dce0c4\";}i:57;a:5:{s:1:\"a\";i:58;s:1:\"b\";s:19:\"store-sysController\";s:1:\"c\";s:3:\"web\";s:1:\"d\";i:6;s:1:\"g\";s:36:\"6e8094ae-0691-42c5-9dca-04716070d2f9\";}i:58;a:5:{s:1:\"a\";i:59;s:1:\"b\";s:21:\"destroy-sysController\";s:1:\"c\";s:3:\"web\";s:1:\"d\";i:6;s:1:\"g\";s:36:\"51287b5a-04fc-4de4-be99-e3db76414e42\";}i:59;a:5:{s:1:\"a\";i:60;s:1:\"b\";s:20:\"import-sysController\";s:1:\"c\";s:3:\"web\";s:1:\"d\";i:6;s:1:\"g\";s:36:\"85483f5f-f007-4eb0-9a1e-3c05f9f93585\";}i:60;a:5:{s:1:\"a\";i:61;s:1:\"b\";s:20:\"export-sysController\";s:1:\"c\";s:3:\"web\";s:1:\"d\";i:6;s:1:\"g\";s:36:\"841f9f04-7024-463f-9f96-a1a85f21a307\";}i:61;a:5:{s:1:\"a\";i:62;s:1:\"b\";s:18:\"show-featureDomain\";s:1:\"c\";s:3:\"web\";s:1:\"d\";i:7;s:1:\"g\";s:36:\"76f23f6e-385c-43fb-8c7f-42d5316bdc43\";}i:62;a:5:{s:1:\"a\";i:63;s:1:\"b\";s:19:\"index-featureDomain\";s:1:\"c\";s:3:\"web\";s:1:\"d\";i:7;s:1:\"g\";s:36:\"95e3ffd0-1665-403f-80ab-a9b85f18d89d\";}i:63;a:5:{s:1:\"a\";i:64;s:1:\"b\";s:18:\"edit-featureDomain\";s:1:\"c\";s:3:\"web\";s:1:\"d\";i:7;s:1:\"g\";s:36:\"0c5e993a-3867-4253-9aef-01c38764ff74\";}i:64;a:5:{s:1:\"a\";i:65;s:1:\"b\";s:20:\"update-featureDomain\";s:1:\"c\";s:3:\"web\";s:1:\"d\";i:7;s:1:\"g\";s:36:\"2a26cca7-7642-4d9c-be6e-bf5035f556a9\";}i:65;a:5:{s:1:\"a\";i:66;s:1:\"b\";s:24:\"dataCalcul-featureDomain\";s:1:\"c\";s:3:\"web\";s:1:\"d\";i:7;s:1:\"g\";s:36:\"2e972ebf-3bf3-488f-ad6a-108db76e576d\";}i:66;a:5:{s:1:\"a\";i:67;s:1:\"b\";s:20:\"create-featureDomain\";s:1:\"c\";s:3:\"web\";s:1:\"d\";i:7;s:1:\"g\";s:36:\"0bdece04-fd55-4b37-a850-9abbe009467d\";}i:67;a:5:{s:1:\"a\";i:68;s:1:\"b\";s:19:\"store-featureDomain\";s:1:\"c\";s:3:\"web\";s:1:\"d\";i:7;s:1:\"g\";s:36:\"08f370d1-b691-4a2b-b343-275cc8853d74\";}i:68;a:5:{s:1:\"a\";i:69;s:1:\"b\";s:21:\"destroy-featureDomain\";s:1:\"c\";s:3:\"web\";s:1:\"d\";i:7;s:1:\"g\";s:36:\"0d4c4b8e-7393-4185-adfb-3f5097bcd04f\";}i:69;a:5:{s:1:\"a\";i:70;s:1:\"b\";s:20:\"import-featureDomain\";s:1:\"c\";s:3:\"web\";s:1:\"d\";i:7;s:1:\"g\";s:36:\"a8f1324d-fd5a-4da7-9288-aecd12dcec21\";}i:70;a:5:{s:1:\"a\";i:71;s:1:\"b\";s:20:\"export-featureDomain\";s:1:\"c\";s:3:\"web\";s:1:\"d\";i:7;s:1:\"g\";s:36:\"74b5d069-fe6b-4faa-8a68-76c9f4818a2f\";}i:71;a:5:{s:1:\"a\";i:72;s:1:\"b\";s:12:\"show-feature\";s:1:\"c\";s:3:\"web\";s:1:\"d\";i:8;s:1:\"g\";s:36:\"8de8927d-061d-4d40-a3b6-5274d5aa5e64\";}i:72;a:5:{s:1:\"a\";i:73;s:1:\"b\";s:13:\"index-feature\";s:1:\"c\";s:3:\"web\";s:1:\"d\";i:8;s:1:\"g\";s:36:\"1738d4ad-2448-4c24-ae48-eac774506826\";}i:73;a:5:{s:1:\"a\";i:74;s:1:\"b\";s:12:\"edit-feature\";s:1:\"c\";s:3:\"web\";s:1:\"d\";i:8;s:1:\"g\";s:36:\"27c0984b-c511-445c-883a-a8791cc9a40b\";}i:74;a:5:{s:1:\"a\";i:75;s:1:\"b\";s:14:\"update-feature\";s:1:\"c\";s:3:\"web\";s:1:\"d\";i:8;s:1:\"g\";s:36:\"5705328b-e51f-469b-bcb6-0e43448286ca\";}i:75;a:5:{s:1:\"a\";i:76;s:1:\"b\";s:18:\"dataCalcul-feature\";s:1:\"c\";s:3:\"web\";s:1:\"d\";i:8;s:1:\"g\";s:36:\"2c7a4590-36c2-4155-89e7-eeb14e5f820c\";}i:76;a:5:{s:1:\"a\";i:77;s:1:\"b\";s:14:\"create-feature\";s:1:\"c\";s:3:\"web\";s:1:\"d\";i:8;s:1:\"g\";s:36:\"de1f19d5-8376-4e62-8662-b62ab5475233\";}i:77;a:5:{s:1:\"a\";i:78;s:1:\"b\";s:13:\"store-feature\";s:1:\"c\";s:3:\"web\";s:1:\"d\";i:8;s:1:\"g\";s:36:\"d80da3e7-1814-4c03-8b7c-25c337bc51ea\";}i:78;a:5:{s:1:\"a\";i:79;s:1:\"b\";s:15:\"destroy-feature\";s:1:\"c\";s:3:\"web\";s:1:\"d\";i:8;s:1:\"g\";s:36:\"fd830893-6469-4fa3-8f08-644681eb8a7d\";}i:79;a:5:{s:1:\"a\";i:80;s:1:\"b\";s:14:\"import-feature\";s:1:\"c\";s:3:\"web\";s:1:\"d\";i:8;s:1:\"g\";s:36:\"f7aa45a4-2e0e-4462-b2b9-bb1fdfb1b5be\";}i:80;a:5:{s:1:\"a\";i:81;s:1:\"b\";s:14:\"export-feature\";s:1:\"c\";s:3:\"web\";s:1:\"d\";i:8;s:1:\"g\";s:36:\"5eb1ee9c-f27f-4f0e-b26e-ebea5aa69816\";}i:81;a:5:{s:1:\"a\";i:82;s:1:\"b\";s:22:\"create-apprenantKonosy\";s:1:\"c\";s:3:\"web\";s:1:\"d\";i:9;s:1:\"g\";s:36:\"cfcb2da3-a99d-4d63-9935-b38890de964a\";}i:82;a:5:{s:1:\"a\";i:83;s:1:\"b\";s:21:\"store-apprenantKonosy\";s:1:\"c\";s:3:\"web\";s:1:\"d\";i:9;s:1:\"g\";s:36:\"92880a48-d391-419e-b740-4da6ebc9c4f0\";}i:83;a:5:{s:1:\"a\";i:84;s:1:\"b\";s:20:\"edit-apprenantKonosy\";s:1:\"c\";s:3:\"web\";s:1:\"d\";i:9;s:1:\"g\";s:36:\"afe33e0e-1201-477e-9d2f-1bc3956cf6e5\";}i:84;a:5:{s:1:\"a\";i:85;s:1:\"b\";s:22:\"update-apprenantKonosy\";s:1:\"c\";s:3:\"web\";s:1:\"d\";i:9;s:1:\"g\";s:36:\"68112255-815c-4d6e-9a3b-7ba0ab673e12\";}i:85;a:5:{s:1:\"a\";i:86;s:1:\"b\";s:23:\"destroy-apprenantKonosy\";s:1:\"c\";s:3:\"web\";s:1:\"d\";i:9;s:1:\"g\";s:36:\"1e6e402d-189c-4607-b203-5d712308562d\";}i:86;a:5:{s:1:\"a\";i:87;s:1:\"b\";s:36:\"getApprenantKonosies-apprenantKonosy\";s:1:\"c\";s:3:\"web\";s:1:\"d\";i:9;s:1:\"g\";s:36:\"1c15f452-ae68-453f-99f7-4c7cfc0f301c\";}i:87;a:5:{s:1:\"a\";i:88;s:1:\"b\";s:21:\"index-apprenantKonosy\";s:1:\"c\";s:3:\"web\";s:1:\"d\";i:9;s:1:\"g\";s:36:\"e055f8a2-5976-454b-bc01-06eb7b373f7c\";}i:88;a:5:{s:1:\"a\";i:89;s:1:\"b\";s:20:\"show-apprenantKonosy\";s:1:\"c\";s:3:\"web\";s:1:\"d\";i:9;s:1:\"g\";s:36:\"83e18c11-37ee-44a2-8c46-fbd31fccf17d\";}i:89;a:5:{s:1:\"a\";i:90;s:1:\"b\";s:22:\"import-apprenantKonosy\";s:1:\"c\";s:3:\"web\";s:1:\"d\";i:9;s:1:\"g\";s:36:\"15aa12bf-f8d1-4973-9bc8-bc2026a23765\";}i:90;a:5:{s:1:\"a\";i:91;s:1:\"b\";s:22:\"export-apprenantKonosy\";s:1:\"c\";s:3:\"web\";s:1:\"d\";i:9;s:1:\"g\";s:36:\"0abf47c6-d8b9-481b-868e-f2a84916fa86\";}i:91;a:6:{s:1:\"a\";i:92;s:1:\"b\";s:12:\"show-filiere\";s:1:\"c\";s:3:\"web\";s:1:\"d\";i:10;s:1:\"g\";s:36:\"1f02cc86-1118-4586-ac7a-d8e46aa1b4a3\";s:1:\"r\";a:1:{i:0;i:3;}}i:92;a:6:{s:1:\"a\";i:93;s:1:\"b\";s:13:\"index-filiere\";s:1:\"c\";s:3:\"web\";s:1:\"d\";i:10;s:1:\"g\";s:36:\"7088984f-24be-4ddb-a8a8-74b397f35c12\";s:1:\"r\";a:1:{i:0;i:3;}}i:93;a:6:{s:1:\"a\";i:94;s:1:\"b\";s:12:\"edit-filiere\";s:1:\"c\";s:3:\"web\";s:1:\"d\";i:10;s:1:\"g\";s:36:\"7b7e8fd2-ecdc-4ae7-867c-2da13c129902\";s:1:\"r\";a:1:{i:0;i:3;}}i:94;a:6:{s:1:\"a\";i:95;s:1:\"b\";s:14:\"update-filiere\";s:1:\"c\";s:3:\"web\";s:1:\"d\";i:10;s:1:\"g\";s:36:\"061dcdd9-3b7a-4f7d-830f-36e9711b4dbf\";s:1:\"r\";a:1:{i:0;i:3;}}i:95;a:6:{s:1:\"a\";i:96;s:1:\"b\";s:18:\"dataCalcul-filiere\";s:1:\"c\";s:3:\"web\";s:1:\"d\";i:10;s:1:\"g\";s:36:\"008cd4e6-365b-4213-a44e-a7d0a423253c\";s:1:\"r\";a:1:{i:0;i:3;}}i:96;a:5:{s:1:\"a\";i:97;s:1:\"b\";s:14:\"create-filiere\";s:1:\"c\";s:3:\"web\";s:1:\"d\";i:10;s:1:\"g\";s:36:\"cc3f22f9-e6f2-4a53-9519-fd630a7c91e6\";}i:97;a:5:{s:1:\"a\";i:98;s:1:\"b\";s:13:\"store-filiere\";s:1:\"c\";s:3:\"web\";s:1:\"d\";i:10;s:1:\"g\";s:36:\"2f1ab517-33f5-41a9-9334-4f4fc7cef5fe\";}i:98;a:5:{s:1:\"a\";i:99;s:1:\"b\";s:15:\"destroy-filiere\";s:1:\"c\";s:3:\"web\";s:1:\"d\";i:10;s:1:\"g\";s:36:\"f0faa2b3-067d-40ec-9421-1eea21bfc726\";}i:99;a:6:{s:1:\"a\";i:100;s:1:\"b\";s:14:\"import-filiere\";s:1:\"c\";s:3:\"web\";s:1:\"d\";i:10;s:1:\"g\";s:36:\"1273550e-4a43-4e32-bd8e-c91c0530b7d2\";s:1:\"r\";a:1:{i:0;i:3;}}i:100;a:6:{s:1:\"a\";i:101;s:1:\"b\";s:14:\"export-filiere\";s:1:\"c\";s:3:\"web\";s:1:\"d\";i:10;s:1:\"g\";s:36:\"f98b1b63-10d3-4320-b1ac-49c92277db70\";s:1:\"r\";a:1:{i:0;i:3;}}i:101;a:6:{s:1:\"a\";i:102;s:1:\"b\";s:11:\"show-module\";s:1:\"c\";s:3:\"web\";s:1:\"d\";i:11;s:1:\"g\";s:36:\"fdbb3d10-f81a-4d77-89a3-417de7e691d1\";s:1:\"r\";a:3:{i:0;i:3;i:1;i:4;i:2;i:5;}}i:102;a:6:{s:1:\"a\";i:103;s:1:\"b\";s:12:\"index-module\";s:1:\"c\";s:3:\"web\";s:1:\"d\";i:11;s:1:\"g\";s:36:\"3af1e2e9-09f2-4a2a-a503-0f845f8fe36c\";s:1:\"r\";a:2:{i:0;i:3;i:1;i:4;}}i:103;a:6:{s:1:\"a\";i:104;s:1:\"b\";s:11:\"edit-module\";s:1:\"c\";s:3:\"web\";s:1:\"d\";i:11;s:1:\"g\";s:36:\"33b0deb7-ec25-47ce-b26a-3258d5d71140\";s:1:\"r\";a:1:{i:0;i:3;}}i:104;a:6:{s:1:\"a\";i:105;s:1:\"b\";s:13:\"update-module\";s:1:\"c\";s:3:\"web\";s:1:\"d\";i:11;s:1:\"g\";s:36:\"75f6e910-4c05-4415-bd21-71cf1c53a3a7\";s:1:\"r\";a:1:{i:0;i:3;}}i:105;a:6:{s:1:\"a\";i:106;s:1:\"b\";s:17:\"dataCalcul-module\";s:1:\"c\";s:3:\"web\";s:1:\"d\";i:11;s:1:\"g\";s:36:\"0e127a6a-611f-4ce7-b70f-94d348544d47\";s:1:\"r\";a:1:{i:0;i:3;}}i:106;a:6:{s:1:\"a\";i:107;s:1:\"b\";s:13:\"create-module\";s:1:\"c\";s:3:\"web\";s:1:\"d\";i:11;s:1:\"g\";s:36:\"dbab174b-c2bc-44d9-ab54-ca565115aba8\";s:1:\"r\";a:1:{i:0;i:3;}}i:107;a:6:{s:1:\"a\";i:108;s:1:\"b\";s:12:\"store-module\";s:1:\"c\";s:3:\"web\";s:1:\"d\";i:11;s:1:\"g\";s:36:\"f30b0703-39b9-4b81-8efc-ec08b6d3b0b8\";s:1:\"r\";a:1:{i:0;i:3;}}i:108;a:6:{s:1:\"a\";i:109;s:1:\"b\";s:14:\"destroy-module\";s:1:\"c\";s:3:\"web\";s:1:\"d\";i:11;s:1:\"g\";s:36:\"17d412b9-fb2c-440b-ab38-3f79a0456184\";s:1:\"r\";a:1:{i:0;i:3;}}i:109;a:6:{s:1:\"a\";i:110;s:1:\"b\";s:13:\"import-module\";s:1:\"c\";s:3:\"web\";s:1:\"d\";i:11;s:1:\"g\";s:36:\"306aa914-b552-43d3-9eac-f6376f1294fe\";s:1:\"r\";a:2:{i:0;i:3;i:1;i:4;}}i:110;a:6:{s:1:\"a\";i:111;s:1:\"b\";s:13:\"export-module\";s:1:\"c\";s:3:\"web\";s:1:\"d\";i:11;s:1:\"g\";s:36:\"b4464078-f490-474c-aae7-24308604ec96\";s:1:\"r\";a:2:{i:0;i:3;i:1;i:4;}}i:111;a:5:{s:1:\"a\";i:112;s:1:\"b\";s:23:\"show-categoryTechnology\";s:1:\"c\";s:3:\"web\";s:1:\"d\";i:12;s:1:\"g\";s:36:\"c6e241fd-c352-4289-88d8-6ca4e8c587e1\";}i:112;a:5:{s:1:\"a\";i:113;s:1:\"b\";s:24:\"index-categoryTechnology\";s:1:\"c\";s:3:\"web\";s:1:\"d\";i:12;s:1:\"g\";s:36:\"a01f9929-9977-43a2-b8f1-62b1554db9c2\";}i:113;a:5:{s:1:\"a\";i:114;s:1:\"b\";s:23:\"edit-categoryTechnology\";s:1:\"c\";s:3:\"web\";s:1:\"d\";i:12;s:1:\"g\";s:36:\"ded7f2c1-7aa9-4ac3-84ad-6c23d53d1053\";}i:114;a:5:{s:1:\"a\";i:115;s:1:\"b\";s:25:\"update-categoryTechnology\";s:1:\"c\";s:3:\"web\";s:1:\"d\";i:12;s:1:\"g\";s:36:\"46d7b71c-791b-4ed7-a457-1b342cd57ba2\";}i:115;a:5:{s:1:\"a\";i:116;s:1:\"b\";s:29:\"dataCalcul-categoryTechnology\";s:1:\"c\";s:3:\"web\";s:1:\"d\";i:12;s:1:\"g\";s:36:\"5eb8dbc8-3fbf-4e2b-a348-ec457fda08aa\";}i:116;a:5:{s:1:\"a\";i:117;s:1:\"b\";s:25:\"create-categoryTechnology\";s:1:\"c\";s:3:\"web\";s:1:\"d\";i:12;s:1:\"g\";s:36:\"a85b3d92-8f35-4c7f-b3a0-fc72863c7039\";}i:117;a:5:{s:1:\"a\";i:118;s:1:\"b\";s:24:\"store-categoryTechnology\";s:1:\"c\";s:3:\"web\";s:1:\"d\";i:12;s:1:\"g\";s:36:\"7292ac4f-acc6-4c8c-aca5-3432beac15ca\";}i:118;a:5:{s:1:\"a\";i:119;s:1:\"b\";s:26:\"destroy-categoryTechnology\";s:1:\"c\";s:3:\"web\";s:1:\"d\";i:12;s:1:\"g\";s:36:\"be291e7a-dcd8-4eec-ba91-f7e82978b20c\";}i:119;a:5:{s:1:\"a\";i:120;s:1:\"b\";s:25:\"import-categoryTechnology\";s:1:\"c\";s:3:\"web\";s:1:\"d\";i:12;s:1:\"g\";s:36:\"23b98a6f-ee69-4bcc-ae1c-81fc7f5f5c4e\";}i:120;a:5:{s:1:\"a\";i:121;s:1:\"b\";s:25:\"export-categoryTechnology\";s:1:\"c\";s:3:\"web\";s:1:\"d\";i:12;s:1:\"g\";s:36:\"87682445-4f88-4b9b-b259-6c8d4fd28f86\";}i:121;a:6:{s:1:\"a\";i:122;s:1:\"b\";s:15:\"show-competence\";s:1:\"c\";s:3:\"web\";s:1:\"d\";i:13;s:1:\"g\";s:36:\"4391964b-a817-471c-ad18-25c84fc15781\";s:1:\"r\";a:3:{i:0;i:3;i:1;i:4;i:2;i:5;}}i:122;a:6:{s:1:\"a\";i:123;s:1:\"b\";s:16:\"index-competence\";s:1:\"c\";s:3:\"web\";s:1:\"d\";i:13;s:1:\"g\";s:36:\"e1ad2fe0-cdf3-4662-95fd-78bba0c0accd\";s:1:\"r\";a:3:{i:0;i:3;i:1;i:4;i:2;i:5;}}i:123;a:6:{s:1:\"a\";i:124;s:1:\"b\";s:15:\"edit-competence\";s:1:\"c\";s:3:\"web\";s:1:\"d\";i:13;s:1:\"g\";s:36:\"0c3e356d-3dff-4546-953b-84121955627f\";s:1:\"r\";a:1:{i:0;i:3;}}i:124;a:6:{s:1:\"a\";i:125;s:1:\"b\";s:17:\"update-competence\";s:1:\"c\";s:3:\"web\";s:1:\"d\";i:13;s:1:\"g\";s:36:\"330cc168-dd02-4075-9372-3220f5930ddb\";s:1:\"r\";a:1:{i:0;i:3;}}i:125;a:6:{s:1:\"a\";i:126;s:1:\"b\";s:21:\"dataCalcul-competence\";s:1:\"c\";s:3:\"web\";s:1:\"d\";i:13;s:1:\"g\";s:36:\"15572005-4f6f-485c-a498-a7c3680739a0\";s:1:\"r\";a:1:{i:0;i:3;}}i:126;a:6:{s:1:\"a\";i:127;s:1:\"b\";s:17:\"create-competence\";s:1:\"c\";s:3:\"web\";s:1:\"d\";i:13;s:1:\"g\";s:36:\"f44473e3-5d03-4d35-a856-ee677c2365ca\";s:1:\"r\";a:1:{i:0;i:3;}}i:127;a:6:{s:1:\"a\";i:128;s:1:\"b\";s:16:\"store-competence\";s:1:\"c\";s:3:\"web\";s:1:\"d\";i:13;s:1:\"g\";s:36:\"af49b49f-d945-408a-b811-f50ae38e1517\";s:1:\"r\";a:1:{i:0;i:3;}}i:128;a:6:{s:1:\"a\";i:129;s:1:\"b\";s:18:\"destroy-competence\";s:1:\"c\";s:3:\"web\";s:1:\"d\";i:13;s:1:\"g\";s:36:\"e86be031-f8d1-44c7-a0ae-f8614db0cc27\";s:1:\"r\";a:1:{i:0;i:3;}}i:129;a:6:{s:1:\"a\";i:130;s:1:\"b\";s:17:\"import-competence\";s:1:\"c\";s:3:\"web\";s:1:\"d\";i:13;s:1:\"g\";s:36:\"861b62c0-7fa8-4b52-b369-e8dbb3e8d0c8\";s:1:\"r\";a:2:{i:0;i:3;i:1;i:4;}}i:130;a:6:{s:1:\"a\";i:131;s:1:\"b\";s:17:\"export-competence\";s:1:\"c\";s:3:\"web\";s:1:\"d\";i:13;s:1:\"g\";s:36:\"144d4981-f1b1-4af3-98b1-83cdc5427e4f\";s:1:\"r\";a:2:{i:0;i:3;i:1;i:4;}}i:131;a:5:{s:1:\"a\";i:132;s:1:\"b\";s:21:\"show-niveauCompetence\";s:1:\"c\";s:3:\"web\";s:1:\"d\";i:14;s:1:\"g\";s:36:\"00234ffe-0522-485d-8dd9-7d5e35655e7a\";}i:132;a:5:{s:1:\"a\";i:133;s:1:\"b\";s:22:\"index-niveauCompetence\";s:1:\"c\";s:3:\"web\";s:1:\"d\";i:14;s:1:\"g\";s:36:\"bb25f118-5eb1-4044-b054-1a3173d8caea\";}i:133;a:5:{s:1:\"a\";i:134;s:1:\"b\";s:21:\"edit-niveauCompetence\";s:1:\"c\";s:3:\"web\";s:1:\"d\";i:14;s:1:\"g\";s:36:\"bd5b1026-fe59-424d-884d-a699aa765197\";}i:134;a:5:{s:1:\"a\";i:135;s:1:\"b\";s:23:\"update-niveauCompetence\";s:1:\"c\";s:3:\"web\";s:1:\"d\";i:14;s:1:\"g\";s:36:\"9bc9ae1d-cf00-4c36-bc95-09a971d4d65d\";}i:135;a:5:{s:1:\"a\";i:136;s:1:\"b\";s:27:\"dataCalcul-niveauCompetence\";s:1:\"c\";s:3:\"web\";s:1:\"d\";i:14;s:1:\"g\";s:36:\"022be0dc-970b-4c5e-aea4-a7e4204a6bee\";}i:136;a:5:{s:1:\"a\";i:137;s:1:\"b\";s:23:\"create-niveauCompetence\";s:1:\"c\";s:3:\"web\";s:1:\"d\";i:14;s:1:\"g\";s:36:\"b3279d19-7c0f-40f4-8322-2eb5fb05b3cb\";}i:137;a:5:{s:1:\"a\";i:138;s:1:\"b\";s:22:\"store-niveauCompetence\";s:1:\"c\";s:3:\"web\";s:1:\"d\";i:14;s:1:\"g\";s:36:\"5f82476e-365f-4751-b3bc-18875571b110\";}i:138;a:5:{s:1:\"a\";i:139;s:1:\"b\";s:24:\"destroy-niveauCompetence\";s:1:\"c\";s:3:\"web\";s:1:\"d\";i:14;s:1:\"g\";s:36:\"b0fab248-6614-497d-b451-6c6ebc97f106\";}i:139;a:5:{s:1:\"a\";i:140;s:1:\"b\";s:23:\"import-niveauCompetence\";s:1:\"c\";s:3:\"web\";s:1:\"d\";i:14;s:1:\"g\";s:36:\"2425616b-60bb-4576-a5b1-a02ba5f2c51b\";}i:140;a:5:{s:1:\"a\";i:141;s:1:\"b\";s:23:\"export-niveauCompetence\";s:1:\"c\";s:3:\"web\";s:1:\"d\";i:14;s:1:\"g\";s:36:\"12f74d0f-573c-4f7a-89b5-9a2ccb53328d\";}i:141;a:6:{s:1:\"a\";i:142;s:1:\"b\";s:15:\"show-technology\";s:1:\"c\";s:3:\"web\";s:1:\"d\";i:15;s:1:\"g\";s:36:\"7daba674-b964-4b21-bdce-2a2fbd328b83\";s:1:\"r\";a:3:{i:0;i:3;i:1;i:4;i:2;i:5;}}i:142;a:6:{s:1:\"a\";i:143;s:1:\"b\";s:16:\"index-technology\";s:1:\"c\";s:3:\"web\";s:1:\"d\";i:15;s:1:\"g\";s:36:\"edeb8dfb-cbbf-4050-b320-a44c1dc300fd\";s:1:\"r\";a:2:{i:0;i:3;i:1;i:4;}}i:143;a:6:{s:1:\"a\";i:144;s:1:\"b\";s:15:\"edit-technology\";s:1:\"c\";s:3:\"web\";s:1:\"d\";i:15;s:1:\"g\";s:36:\"4c03bdfd-fbc1-42f9-92ba-f1799b68ea24\";s:1:\"r\";a:1:{i:0;i:3;}}i:144;a:6:{s:1:\"a\";i:145;s:1:\"b\";s:17:\"update-technology\";s:1:\"c\";s:3:\"web\";s:1:\"d\";i:15;s:1:\"g\";s:36:\"ada82515-9b98-40ea-be82-6527fe47be7a\";s:1:\"r\";a:1:{i:0;i:3;}}i:145;a:6:{s:1:\"a\";i:146;s:1:\"b\";s:21:\"dataCalcul-technology\";s:1:\"c\";s:3:\"web\";s:1:\"d\";i:15;s:1:\"g\";s:36:\"2cf3b753-195e-400f-abc3-e5a84da8c54c\";s:1:\"r\";a:1:{i:0;i:3;}}i:146;a:6:{s:1:\"a\";i:147;s:1:\"b\";s:17:\"create-technology\";s:1:\"c\";s:3:\"web\";s:1:\"d\";i:15;s:1:\"g\";s:36:\"a46bc659-6232-4d66-9c39-d0e4f12a5482\";s:1:\"r\";a:1:{i:0;i:3;}}i:147;a:6:{s:1:\"a\";i:148;s:1:\"b\";s:16:\"store-technology\";s:1:\"c\";s:3:\"web\";s:1:\"d\";i:15;s:1:\"g\";s:36:\"2348a513-fbd1-4ebc-8ee9-04415c13e71d\";s:1:\"r\";a:1:{i:0;i:3;}}i:148;a:6:{s:1:\"a\";i:149;s:1:\"b\";s:18:\"destroy-technology\";s:1:\"c\";s:3:\"web\";s:1:\"d\";i:15;s:1:\"g\";s:36:\"79de0df2-9b3a-4a7e-8df9-3b99a900223d\";s:1:\"r\";a:1:{i:0;i:3;}}i:149;a:6:{s:1:\"a\";i:150;s:1:\"b\";s:17:\"import-technology\";s:1:\"c\";s:3:\"web\";s:1:\"d\";i:15;s:1:\"g\";s:36:\"8d151682-2a5d-4a6f-a162-e84df8748617\";s:1:\"r\";a:2:{i:0;i:3;i:1;i:4;}}i:150;a:6:{s:1:\"a\";i:151;s:1:\"b\";s:17:\"export-technology\";s:1:\"c\";s:3:\"web\";s:1:\"d\";i:15;s:1:\"g\";s:36:\"cad80cf9-cf06-4d3e-a770-ccfa83a4c7ba\";s:1:\"r\";a:2:{i:0;i:3;i:1;i:4;}}i:151;a:5:{s:1:\"a\";i:152;s:1:\"b\";s:20:\"show-niveauxScolaire\";s:1:\"c\";s:3:\"web\";s:1:\"d\";i:16;s:1:\"g\";s:36:\"7e15ced6-7073-4edc-8f71-f9eeca785ba5\";}i:152;a:5:{s:1:\"a\";i:153;s:1:\"b\";s:21:\"index-niveauxScolaire\";s:1:\"c\";s:3:\"web\";s:1:\"d\";i:16;s:1:\"g\";s:36:\"ceaaf93a-a85f-4da4-9305-39a7368d40a2\";}i:153;a:5:{s:1:\"a\";i:154;s:1:\"b\";s:20:\"edit-niveauxScolaire\";s:1:\"c\";s:3:\"web\";s:1:\"d\";i:16;s:1:\"g\";s:36:\"555d391d-11e4-4604-9795-377af60c33e9\";}i:154;a:5:{s:1:\"a\";i:155;s:1:\"b\";s:22:\"update-niveauxScolaire\";s:1:\"c\";s:3:\"web\";s:1:\"d\";i:16;s:1:\"g\";s:36:\"3516d622-1e39-4f00-9024-5e79d76c3071\";}i:155;a:5:{s:1:\"a\";i:156;s:1:\"b\";s:26:\"dataCalcul-niveauxScolaire\";s:1:\"c\";s:3:\"web\";s:1:\"d\";i:16;s:1:\"g\";s:36:\"12f53158-d0fc-4b53-bab7-2f68fb2b5811\";}i:156;a:5:{s:1:\"a\";i:157;s:1:\"b\";s:22:\"create-niveauxScolaire\";s:1:\"c\";s:3:\"web\";s:1:\"d\";i:16;s:1:\"g\";s:36:\"a0683e2a-e6d6-4751-8d94-705914fb36c1\";}i:157;a:5:{s:1:\"a\";i:158;s:1:\"b\";s:21:\"store-niveauxScolaire\";s:1:\"c\";s:3:\"web\";s:1:\"d\";i:16;s:1:\"g\";s:36:\"9ef77ab7-e636-4a71-930f-ae38ced24ba9\";}i:158;a:5:{s:1:\"a\";i:159;s:1:\"b\";s:23:\"destroy-niveauxScolaire\";s:1:\"c\";s:3:\"web\";s:1:\"d\";i:16;s:1:\"g\";s:36:\"2756a3d2-2c29-4e18-958f-fd673e4779eb\";}i:159;a:5:{s:1:\"a\";i:160;s:1:\"b\";s:22:\"import-niveauxScolaire\";s:1:\"c\";s:3:\"web\";s:1:\"d\";i:16;s:1:\"g\";s:36:\"342471f9-c199-4b98-9e10-27ccb25988a4\";}i:160;a:5:{s:1:\"a\";i:161;s:1:\"b\";s:22:\"export-niveauxScolaire\";s:1:\"c\";s:3:\"web\";s:1:\"d\";i:16;s:1:\"g\";s:36:\"18766e26-fadf-44eb-b036-b45848f13a7e\";}i:161;a:5:{s:1:\"a\";i:162;s:1:\"b\";s:10:\"show-ville\";s:1:\"c\";s:3:\"web\";s:1:\"d\";i:17;s:1:\"g\";s:36:\"886f97f6-2f83-40dc-a743-63844a0bfbd8\";}i:162;a:5:{s:1:\"a\";i:163;s:1:\"b\";s:11:\"index-ville\";s:1:\"c\";s:3:\"web\";s:1:\"d\";i:17;s:1:\"g\";s:36:\"4583e1aa-3327-4448-ac13-ab083ac38095\";}i:163;a:5:{s:1:\"a\";i:164;s:1:\"b\";s:10:\"edit-ville\";s:1:\"c\";s:3:\"web\";s:1:\"d\";i:17;s:1:\"g\";s:36:\"309fb031-635d-45a0-804a-8a4ce64e32f5\";}i:164;a:5:{s:1:\"a\";i:165;s:1:\"b\";s:12:\"update-ville\";s:1:\"c\";s:3:\"web\";s:1:\"d\";i:17;s:1:\"g\";s:36:\"b7f19560-7bb2-467d-ac87-9920cb1aa28a\";}i:165;a:5:{s:1:\"a\";i:166;s:1:\"b\";s:16:\"dataCalcul-ville\";s:1:\"c\";s:3:\"web\";s:1:\"d\";i:17;s:1:\"g\";s:36:\"0ef44d7a-539e-430f-89ce-75031649a3c2\";}i:166;a:5:{s:1:\"a\";i:167;s:1:\"b\";s:12:\"create-ville\";s:1:\"c\";s:3:\"web\";s:1:\"d\";i:17;s:1:\"g\";s:36:\"9a10af3d-1932-415a-ae2b-2c2567f587b4\";}i:167;a:5:{s:1:\"a\";i:168;s:1:\"b\";s:11:\"store-ville\";s:1:\"c\";s:3:\"web\";s:1:\"d\";i:17;s:1:\"g\";s:36:\"073e9f7d-ae39-4f7e-a53e-266cf02660c1\";}i:168;a:5:{s:1:\"a\";i:169;s:1:\"b\";s:13:\"destroy-ville\";s:1:\"c\";s:3:\"web\";s:1:\"d\";i:17;s:1:\"g\";s:36:\"74a9cbea-9f8d-4eef-901d-d1fffd9b6586\";}i:169;a:5:{s:1:\"a\";i:170;s:1:\"b\";s:12:\"import-ville\";s:1:\"c\";s:3:\"web\";s:1:\"d\";i:17;s:1:\"g\";s:36:\"8b6063d6-1e99-48aa-b787-76c79de5781c\";}i:170;a:5:{s:1:\"a\";i:171;s:1:\"b\";s:12:\"export-ville\";s:1:\"c\";s:3:\"web\";s:1:\"d\";i:17;s:1:\"g\";s:36:\"37a5a675-4b1c-4e80-ba44-5ee4f5b1e098\";}i:171;a:5:{s:1:\"a\";i:172;s:1:\"b\";s:16:\"show-nationalite\";s:1:\"c\";s:3:\"web\";s:1:\"d\";i:18;s:1:\"g\";s:36:\"1a8b4a81-4ebb-4d3c-a712-48af5372f934\";}i:172;a:5:{s:1:\"a\";i:173;s:1:\"b\";s:17:\"index-nationalite\";s:1:\"c\";s:3:\"web\";s:1:\"d\";i:18;s:1:\"g\";s:36:\"60a32f82-ce7d-4f55-8e32-6d8bd522b24e\";}i:173;a:5:{s:1:\"a\";i:174;s:1:\"b\";s:16:\"edit-nationalite\";s:1:\"c\";s:3:\"web\";s:1:\"d\";i:18;s:1:\"g\";s:36:\"5124d78f-2047-42ce-a65c-464b2972ab07\";}i:174;a:5:{s:1:\"a\";i:175;s:1:\"b\";s:18:\"update-nationalite\";s:1:\"c\";s:3:\"web\";s:1:\"d\";i:18;s:1:\"g\";s:36:\"fe57bd29-81e6-4558-a708-3c9df48a6a0c\";}i:175;a:5:{s:1:\"a\";i:176;s:1:\"b\";s:22:\"dataCalcul-nationalite\";s:1:\"c\";s:3:\"web\";s:1:\"d\";i:18;s:1:\"g\";s:36:\"bcd4bd88-6b26-4fb5-909f-a26cbf9ac194\";}i:176;a:5:{s:1:\"a\";i:177;s:1:\"b\";s:18:\"create-nationalite\";s:1:\"c\";s:3:\"web\";s:1:\"d\";i:18;s:1:\"g\";s:36:\"a4d88afd-f483-4087-8855-ce33fa4b1c59\";}i:177;a:5:{s:1:\"a\";i:178;s:1:\"b\";s:17:\"store-nationalite\";s:1:\"c\";s:3:\"web\";s:1:\"d\";i:18;s:1:\"g\";s:36:\"2e4af0b6-366c-48dc-ad90-0d568d2b95a7\";}i:178;a:5:{s:1:\"a\";i:179;s:1:\"b\";s:19:\"destroy-nationalite\";s:1:\"c\";s:3:\"web\";s:1:\"d\";i:18;s:1:\"g\";s:36:\"cbb962d2-b097-432a-8b3d-ce14fc19c24c\";}i:179;a:5:{s:1:\"a\";i:180;s:1:\"b\";s:18:\"import-nationalite\";s:1:\"c\";s:3:\"web\";s:1:\"d\";i:18;s:1:\"g\";s:36:\"088568ea-9193-43ef-a03b-ee2b6628781f\";}i:180;a:5:{s:1:\"a\";i:181;s:1:\"b\";s:18:\"export-nationalite\";s:1:\"c\";s:3:\"web\";s:1:\"d\";i:18;s:1:\"g\";s:36:\"6565e4b7-3b13-4e6e-9510-46efc50bb4d3\";}i:181;a:5:{s:1:\"a\";i:182;s:1:\"b\";s:19:\"show-anneeFormation\";s:1:\"c\";s:3:\"web\";s:1:\"d\";i:19;s:1:\"g\";s:36:\"1170e0e5-5fbe-4009-8acf-228fc91ffa14\";}i:182;a:5:{s:1:\"a\";i:183;s:1:\"b\";s:20:\"index-anneeFormation\";s:1:\"c\";s:3:\"web\";s:1:\"d\";i:19;s:1:\"g\";s:36:\"5f247391-bc23-41bf-be2c-fa9ab92e3d7e\";}i:183;a:5:{s:1:\"a\";i:184;s:1:\"b\";s:19:\"edit-anneeFormation\";s:1:\"c\";s:3:\"web\";s:1:\"d\";i:19;s:1:\"g\";s:36:\"f25d7942-edd8-4216-b804-e425fc1ce766\";}i:184;a:5:{s:1:\"a\";i:185;s:1:\"b\";s:21:\"update-anneeFormation\";s:1:\"c\";s:3:\"web\";s:1:\"d\";i:19;s:1:\"g\";s:36:\"71059926-5470-4760-8892-0807c58739d3\";}i:185;a:5:{s:1:\"a\";i:186;s:1:\"b\";s:25:\"dataCalcul-anneeFormation\";s:1:\"c\";s:3:\"web\";s:1:\"d\";i:19;s:1:\"g\";s:36:\"84ac407f-c0bf-4357-b674-23400a7fa560\";}i:186;a:5:{s:1:\"a\";i:187;s:1:\"b\";s:21:\"create-anneeFormation\";s:1:\"c\";s:3:\"web\";s:1:\"d\";i:19;s:1:\"g\";s:36:\"15ddf047-1b51-453b-8020-5cf459e122dd\";}i:187;a:5:{s:1:\"a\";i:188;s:1:\"b\";s:20:\"store-anneeFormation\";s:1:\"c\";s:3:\"web\";s:1:\"d\";i:19;s:1:\"g\";s:36:\"2aa07d34-c4ba-4196-8d5f-43a10bd1b73a\";}i:188;a:5:{s:1:\"a\";i:189;s:1:\"b\";s:22:\"destroy-anneeFormation\";s:1:\"c\";s:3:\"web\";s:1:\"d\";i:19;s:1:\"g\";s:36:\"f448c5d7-caee-4aa0-b3dd-906c4eb938e0\";}i:189;a:5:{s:1:\"a\";i:190;s:1:\"b\";s:21:\"import-anneeFormation\";s:1:\"c\";s:3:\"web\";s:1:\"d\";i:19;s:1:\"g\";s:36:\"d64c5d1d-b58b-47ad-8100-91cecdcf2801\";}i:190;a:5:{s:1:\"a\";i:191;s:1:\"b\";s:21:\"export-anneeFormation\";s:1:\"c\";s:3:\"web\";s:1:\"d\";i:19;s:1:\"g\";s:36:\"d5bde7f2-a9b1-48a4-950b-a15a200f6b95\";}i:191;a:5:{s:1:\"a\";i:192;s:1:\"b\";s:11:\"show-groupe\";s:1:\"c\";s:3:\"web\";s:1:\"d\";i:20;s:1:\"g\";s:36:\"07d1c1c9-581b-4856-a947-ae1d270233c7\";}i:192;a:5:{s:1:\"a\";i:193;s:1:\"b\";s:12:\"index-groupe\";s:1:\"c\";s:3:\"web\";s:1:\"d\";i:20;s:1:\"g\";s:36:\"f02063d3-eb8e-4603-a8d4-a91ec820dfdd\";}i:193;a:5:{s:1:\"a\";i:194;s:1:\"b\";s:11:\"edit-groupe\";s:1:\"c\";s:3:\"web\";s:1:\"d\";i:20;s:1:\"g\";s:36:\"7357ee63-1b56-4763-901d-41dcc584f1ca\";}i:194;a:5:{s:1:\"a\";i:195;s:1:\"b\";s:13:\"update-groupe\";s:1:\"c\";s:3:\"web\";s:1:\"d\";i:20;s:1:\"g\";s:36:\"e9b8881d-d1c7-4f31-b1f1-9a592bf713db\";}i:195;a:5:{s:1:\"a\";i:196;s:1:\"b\";s:17:\"dataCalcul-groupe\";s:1:\"c\";s:3:\"web\";s:1:\"d\";i:20;s:1:\"g\";s:36:\"fb01b4e3-43d4-438a-bab2-b42c2dba0183\";}i:196;a:5:{s:1:\"a\";i:197;s:1:\"b\";s:13:\"create-groupe\";s:1:\"c\";s:3:\"web\";s:1:\"d\";i:20;s:1:\"g\";s:36:\"52e69b5b-fd43-4c70-8e09-c1355820c1ca\";}i:197;a:5:{s:1:\"a\";i:198;s:1:\"b\";s:12:\"store-groupe\";s:1:\"c\";s:3:\"web\";s:1:\"d\";i:20;s:1:\"g\";s:36:\"5498c9c2-b7a5-4b40-9310-c6c825c275eb\";}i:198;a:5:{s:1:\"a\";i:199;s:1:\"b\";s:14:\"destroy-groupe\";s:1:\"c\";s:3:\"web\";s:1:\"d\";i:20;s:1:\"g\";s:36:\"c761b814-118d-4962-a8d3-280e36c54725\";}i:199;a:5:{s:1:\"a\";i:200;s:1:\"b\";s:13:\"import-groupe\";s:1:\"c\";s:3:\"web\";s:1:\"d\";i:20;s:1:\"g\";s:36:\"906db48b-e166-4b33-a274-74b24c80e880\";}i:200;a:5:{s:1:\"a\";i:201;s:1:\"b\";s:13:\"export-groupe\";s:1:\"c\";s:3:\"web\";s:1:\"d\";i:20;s:1:\"g\";s:36:\"500b1e4c-d6e0-4be6-826f-331a18ba5fc7\";}i:201;a:6:{s:1:\"a\";i:202;s:1:\"b\";s:14:\"show-apprenant\";s:1:\"c\";s:3:\"web\";s:1:\"d\";i:21;s:1:\"g\";s:36:\"85413afd-5533-4ef4-b3b1-e292d29cf64c\";s:1:\"r\";a:2:{i:0;i:3;i:1;i:4;}}i:202;a:6:{s:1:\"a\";i:203;s:1:\"b\";s:15:\"index-apprenant\";s:1:\"c\";s:3:\"web\";s:1:\"d\";i:21;s:1:\"g\";s:36:\"8e57a9ce-2517-4a60-a876-d1644f8c0561\";s:1:\"r\";a:2:{i:0;i:3;i:1;i:4;}}i:203;a:6:{s:1:\"a\";i:204;s:1:\"b\";s:14:\"edit-apprenant\";s:1:\"c\";s:3:\"web\";s:1:\"d\";i:21;s:1:\"g\";s:36:\"d9aa9f15-1477-43cc-8c21-ed2669a81fd6\";s:1:\"r\";a:1:{i:0;i:3;}}i:204;a:6:{s:1:\"a\";i:205;s:1:\"b\";s:16:\"update-apprenant\";s:1:\"c\";s:3:\"web\";s:1:\"d\";i:21;s:1:\"g\";s:36:\"e24782af-7124-46ae-8cd0-d4132e0dfb36\";s:1:\"r\";a:1:{i:0;i:3;}}i:205;a:6:{s:1:\"a\";i:206;s:1:\"b\";s:20:\"dataCalcul-apprenant\";s:1:\"c\";s:3:\"web\";s:1:\"d\";i:21;s:1:\"g\";s:36:\"cae50e69-f0fc-4e5f-b256-8910a0c1d0c7\";s:1:\"r\";a:1:{i:0;i:3;}}i:206;a:6:{s:1:\"a\";i:207;s:1:\"b\";s:16:\"create-apprenant\";s:1:\"c\";s:3:\"web\";s:1:\"d\";i:21;s:1:\"g\";s:36:\"2a203254-cd1b-41c7-b01f-9d0009cb280b\";s:1:\"r\";a:1:{i:0;i:3;}}i:207;a:6:{s:1:\"a\";i:208;s:1:\"b\";s:15:\"store-apprenant\";s:1:\"c\";s:3:\"web\";s:1:\"d\";i:21;s:1:\"g\";s:36:\"a63e6c6f-e7ed-4010-9cd3-baf53da4841c\";s:1:\"r\";a:1:{i:0;i:3;}}i:208;a:6:{s:1:\"a\";i:209;s:1:\"b\";s:17:\"destroy-apprenant\";s:1:\"c\";s:3:\"web\";s:1:\"d\";i:21;s:1:\"g\";s:36:\"833706e6-0644-4098-ada0-01e4cad23b74\";s:1:\"r\";a:1:{i:0;i:3;}}i:209;a:5:{s:1:\"a\";i:210;s:1:\"b\";s:16:\"import-apprenant\";s:1:\"c\";s:3:\"web\";s:1:\"d\";i:21;s:1:\"g\";s:36:\"1f39096f-0e68-475a-8dd1-17a99ca8f217\";}i:210;a:5:{s:1:\"a\";i:211;s:1:\"b\";s:16:\"export-apprenant\";s:1:\"c\";s:3:\"web\";s:1:\"d\";i:21;s:1:\"g\";s:36:\"d9ed4b76-f284-400a-8950-0abf1187db43\";}i:211;a:6:{s:1:\"a\";i:212;s:1:\"b\";s:22:\"initPassword-apprenant\";s:1:\"c\";s:3:\"web\";s:1:\"d\";i:21;s:1:\"g\";s:36:\"3a37c26f-1afe-4d4a-b283-c37ca24a3d5d\";s:1:\"r\";a:2:{i:0;i:3;i:1;i:4;}}i:212;a:6:{s:1:\"a\";i:213;s:1:\"b\";s:15:\"show-specialite\";s:1:\"c\";s:3:\"web\";s:1:\"d\";i:22;s:1:\"g\";s:36:\"5cc3c48d-f6f3-4d0e-b4e0-b1d4f7fbd022\";s:1:\"r\";a:1:{i:0;i:3;}}i:213;a:6:{s:1:\"a\";i:214;s:1:\"b\";s:16:\"index-specialite\";s:1:\"c\";s:3:\"web\";s:1:\"d\";i:22;s:1:\"g\";s:36:\"16dab0aa-c9b1-4166-bca7-2322e94b968b\";s:1:\"r\";a:1:{i:0;i:3;}}i:214;a:6:{s:1:\"a\";i:215;s:1:\"b\";s:15:\"edit-specialite\";s:1:\"c\";s:3:\"web\";s:1:\"d\";i:22;s:1:\"g\";s:36:\"cb5a58f7-0102-4660-a2c9-e974a92e8c61\";s:1:\"r\";a:1:{i:0;i:3;}}i:215;a:6:{s:1:\"a\";i:216;s:1:\"b\";s:17:\"update-specialite\";s:1:\"c\";s:3:\"web\";s:1:\"d\";i:22;s:1:\"g\";s:36:\"a9c870b8-5c5a-4739-9cce-99a638e48029\";s:1:\"r\";a:1:{i:0;i:3;}}i:216;a:6:{s:1:\"a\";i:217;s:1:\"b\";s:21:\"dataCalcul-specialite\";s:1:\"c\";s:3:\"web\";s:1:\"d\";i:22;s:1:\"g\";s:36:\"3fa28c07-7538-4651-a35c-50a434441370\";s:1:\"r\";a:1:{i:0;i:3;}}i:217;a:6:{s:1:\"a\";i:218;s:1:\"b\";s:17:\"create-specialite\";s:1:\"c\";s:3:\"web\";s:1:\"d\";i:22;s:1:\"g\";s:36:\"09f5fe98-dabe-4636-b4e7-f37edc568415\";s:1:\"r\";a:1:{i:0;i:3;}}i:218;a:6:{s:1:\"a\";i:219;s:1:\"b\";s:16:\"store-specialite\";s:1:\"c\";s:3:\"web\";s:1:\"d\";i:22;s:1:\"g\";s:36:\"d676cd6a-16ed-412d-acd9-39460e74beb8\";s:1:\"r\";a:1:{i:0;i:3;}}i:219;a:6:{s:1:\"a\";i:220;s:1:\"b\";s:18:\"destroy-specialite\";s:1:\"c\";s:3:\"web\";s:1:\"d\";i:22;s:1:\"g\";s:36:\"f1d8d682-e19e-4198-a583-235b60a49214\";s:1:\"r\";a:1:{i:0;i:3;}}i:220;a:6:{s:1:\"a\";i:221;s:1:\"b\";s:17:\"import-specialite\";s:1:\"c\";s:3:\"web\";s:1:\"d\";i:22;s:1:\"g\";s:36:\"f6f031d7-2bc9-4a7c-9f9a-b7e5d61a3741\";s:1:\"r\";a:1:{i:0;i:3;}}i:221;a:6:{s:1:\"a\";i:222;s:1:\"b\";s:17:\"export-specialite\";s:1:\"c\";s:3:\"web\";s:1:\"d\";i:22;s:1:\"g\";s:36:\"8386a713-94d9-4aff-87a4-8b9cc9c3c876\";s:1:\"r\";a:1:{i:0;i:3;}}i:222;a:5:{s:1:\"a\";i:223;s:1:\"b\";s:15:\"create-sysModel\";s:1:\"c\";s:3:\"web\";s:1:\"d\";i:23;s:1:\"g\";s:36:\"eec08490-04a7-4e57-a9da-4c6202ddb0ca\";}i:223;a:5:{s:1:\"a\";i:224;s:1:\"b\";s:14:\"store-sysModel\";s:1:\"c\";s:3:\"web\";s:1:\"d\";i:23;s:1:\"g\";s:36:\"58d69346-f676-4914-9f07-a00eedd2f1cf\";}i:224;a:5:{s:1:\"a\";i:225;s:1:\"b\";s:13:\"edit-sysModel\";s:1:\"c\";s:3:\"web\";s:1:\"d\";i:23;s:1:\"g\";s:36:\"2431e165-545e-4316-9251-d1ca2114546c\";}i:225;a:5:{s:1:\"a\";i:226;s:1:\"b\";s:15:\"update-sysModel\";s:1:\"c\";s:3:\"web\";s:1:\"d\";i:23;s:1:\"g\";s:36:\"5c6d73b6-7218-4df3-9fb5-17e957991459\";}i:226;a:5:{s:1:\"a\";i:227;s:1:\"b\";s:16:\"destroy-sysModel\";s:1:\"c\";s:3:\"web\";s:1:\"d\";i:23;s:1:\"g\";s:36:\"91b4cc77-7f9f-493f-938c-2634fa6bc839\";}i:227;a:5:{s:1:\"a\";i:228;s:1:\"b\";s:21:\"getSysModels-sysModel\";s:1:\"c\";s:3:\"web\";s:1:\"d\";i:23;s:1:\"g\";s:36:\"47f23926-2d17-4f78-b1a9-eeb76131f6c9\";}i:228;a:5:{s:1:\"a\";i:229;s:1:\"b\";s:14:\"index-sysModel\";s:1:\"c\";s:3:\"web\";s:1:\"d\";i:23;s:1:\"g\";s:36:\"b4e60c46-9b74-4aeb-a4a5-4c2e52cf08c6\";}i:229;a:5:{s:1:\"a\";i:230;s:1:\"b\";s:13:\"show-sysModel\";s:1:\"c\";s:3:\"web\";s:1:\"d\";i:23;s:1:\"g\";s:36:\"21fbc411-1c98-4b38-9036-a84916534e7c\";}i:230;a:5:{s:1:\"a\";i:231;s:1:\"b\";s:15:\"import-sysModel\";s:1:\"c\";s:3:\"web\";s:1:\"d\";i:23;s:1:\"g\";s:36:\"e2ca55a5-3ab9-4066-9f1b-f61168ae717d\";}i:231;a:5:{s:1:\"a\";i:232;s:1:\"b\";s:15:\"export-sysModel\";s:1:\"c\";s:3:\"web\";s:1:\"d\";i:23;s:1:\"g\";s:36:\"714b6219-7320-4fac-ad9b-3f299213e758\";}i:232;a:6:{s:1:\"a\";i:233;s:1:\"b\";s:14:\"show-formateur\";s:1:\"c\";s:3:\"web\";s:1:\"d\";i:24;s:1:\"g\";s:36:\"e43602a0-2791-453d-8d6e-48b32f5e47f5\";s:1:\"r\";a:1:{i:0;i:3;}}i:233;a:6:{s:1:\"a\";i:234;s:1:\"b\";s:15:\"index-formateur\";s:1:\"c\";s:3:\"web\";s:1:\"d\";i:24;s:1:\"g\";s:36:\"c5d0e571-00bf-4c1e-bb0c-bfe8713ee013\";s:1:\"r\";a:1:{i:0;i:3;}}i:234;a:6:{s:1:\"a\";i:235;s:1:\"b\";s:14:\"edit-formateur\";s:1:\"c\";s:3:\"web\";s:1:\"d\";i:24;s:1:\"g\";s:36:\"918c8e47-6903-4dd5-9bae-baf1e0f05ea1\";s:1:\"r\";a:1:{i:0;i:3;}}i:235;a:6:{s:1:\"a\";i:236;s:1:\"b\";s:16:\"update-formateur\";s:1:\"c\";s:3:\"web\";s:1:\"d\";i:24;s:1:\"g\";s:36:\"78bc24f9-1a90-436e-b26f-96e2b6737e92\";s:1:\"r\";a:1:{i:0;i:3;}}i:236;a:6:{s:1:\"a\";i:237;s:1:\"b\";s:20:\"dataCalcul-formateur\";s:1:\"c\";s:3:\"web\";s:1:\"d\";i:24;s:1:\"g\";s:36:\"c7979d9c-09b9-4282-ba3b-b3007a5c1d8d\";s:1:\"r\";a:1:{i:0;i:3;}}i:237;a:6:{s:1:\"a\";i:238;s:1:\"b\";s:16:\"create-formateur\";s:1:\"c\";s:3:\"web\";s:1:\"d\";i:24;s:1:\"g\";s:36:\"07a49918-8466-4ac6-94a3-f1e29a32c37a\";s:1:\"r\";a:1:{i:0;i:3;}}i:238;a:6:{s:1:\"a\";i:239;s:1:\"b\";s:15:\"store-formateur\";s:1:\"c\";s:3:\"web\";s:1:\"d\";i:24;s:1:\"g\";s:36:\"6e6c9d99-53d8-4b20-8615-3502826f1796\";s:1:\"r\";a:1:{i:0;i:3;}}i:239;a:6:{s:1:\"a\";i:240;s:1:\"b\";s:17:\"destroy-formateur\";s:1:\"c\";s:3:\"web\";s:1:\"d\";i:24;s:1:\"g\";s:36:\"acb82719-0694-44e7-ac1b-5ad42b986f80\";s:1:\"r\";a:1:{i:0;i:3;}}i:240;a:5:{s:1:\"a\";i:241;s:1:\"b\";s:16:\"import-formateur\";s:1:\"c\";s:3:\"web\";s:1:\"d\";i:24;s:1:\"g\";s:36:\"fa749bea-bd25-4bc3-81e4-05a8331fddb9\";}i:241;a:5:{s:1:\"a\";i:242;s:1:\"b\";s:16:\"export-formateur\";s:1:\"c\";s:3:\"web\";s:1:\"d\";i:24;s:1:\"g\";s:36:\"613b8e70-6a39-4a33-994b-8d55c0cf3da6\";}i:242;a:6:{s:1:\"a\";i:243;s:1:\"b\";s:22:\"initPassword-formateur\";s:1:\"c\";s:3:\"web\";s:1:\"d\";i:24;s:1:\"g\";s:36:\"8268a8cd-7b13-4afa-a284-84648fca05cf\";s:1:\"r\";a:1:{i:0;i:3;}}i:243;a:5:{s:1:\"a\";i:244;s:1:\"b\";s:15:\"show-widgetType\";s:1:\"c\";s:3:\"web\";s:1:\"d\";i:25;s:1:\"g\";s:36:\"90ffed3f-7d57-4dbe-b52c-2edae757e95c\";}i:244;a:5:{s:1:\"a\";i:245;s:1:\"b\";s:16:\"index-widgetType\";s:1:\"c\";s:3:\"web\";s:1:\"d\";i:25;s:1:\"g\";s:36:\"c2f1c28a-3540-4ab6-add8-bb07aeb0e7b8\";}i:245;a:5:{s:1:\"a\";i:246;s:1:\"b\";s:15:\"edit-widgetType\";s:1:\"c\";s:3:\"web\";s:1:\"d\";i:25;s:1:\"g\";s:36:\"aadc5363-b1af-41b2-aa31-5ac2e1492fb0\";}i:246;a:5:{s:1:\"a\";i:247;s:1:\"b\";s:17:\"update-widgetType\";s:1:\"c\";s:3:\"web\";s:1:\"d\";i:25;s:1:\"g\";s:36:\"bd1d680e-1d8d-4a4f-a1da-f4ecde0c52f4\";}i:247;a:5:{s:1:\"a\";i:248;s:1:\"b\";s:21:\"dataCalcul-widgetType\";s:1:\"c\";s:3:\"web\";s:1:\"d\";i:25;s:1:\"g\";s:36:\"79379976-0272-4438-94fe-17688f1a5eb6\";}i:248;a:5:{s:1:\"a\";i:249;s:1:\"b\";s:17:\"create-widgetType\";s:1:\"c\";s:3:\"web\";s:1:\"d\";i:25;s:1:\"g\";s:36:\"b8f5d643-fdc7-4ff6-9c8b-22a67e1ff2ea\";}i:249;a:5:{s:1:\"a\";i:250;s:1:\"b\";s:16:\"store-widgetType\";s:1:\"c\";s:3:\"web\";s:1:\"d\";i:25;s:1:\"g\";s:36:\"1269ebef-868b-473b-9417-a52730c50018\";}i:250;a:5:{s:1:\"a\";i:251;s:1:\"b\";s:18:\"destroy-widgetType\";s:1:\"c\";s:3:\"web\";s:1:\"d\";i:25;s:1:\"g\";s:36:\"178882d8-4a73-4834-999e-5fc0b7e20588\";}i:251;a:5:{s:1:\"a\";i:252;s:1:\"b\";s:17:\"import-widgetType\";s:1:\"c\";s:3:\"web\";s:1:\"d\";i:25;s:1:\"g\";s:36:\"f6716f57-adfb-441b-b1bc-c21b417fb50a\";}i:252;a:5:{s:1:\"a\";i:253;s:1:\"b\";s:17:\"export-widgetType\";s:1:\"c\";s:3:\"web\";s:1:\"d\";i:25;s:1:\"g\";s:36:\"c5ceeb9c-c13a-46b4-910d-2560aea11905\";}i:253;a:5:{s:1:\"a\";i:254;s:1:\"b\";s:20:\"show-widgetOperation\";s:1:\"c\";s:3:\"web\";s:1:\"d\";i:26;s:1:\"g\";s:36:\"03491928-d06e-4909-8e9a-d0440230de51\";}i:254;a:5:{s:1:\"a\";i:255;s:1:\"b\";s:21:\"index-widgetOperation\";s:1:\"c\";s:3:\"web\";s:1:\"d\";i:26;s:1:\"g\";s:36:\"7455223f-68fc-4f78-9af7-9903b3d5bc1c\";}i:255;a:5:{s:1:\"a\";i:256;s:1:\"b\";s:20:\"edit-widgetOperation\";s:1:\"c\";s:3:\"web\";s:1:\"d\";i:26;s:1:\"g\";s:36:\"bc453ea6-170b-4c20-b036-f11e3e3d9e90\";}i:256;a:5:{s:1:\"a\";i:257;s:1:\"b\";s:22:\"update-widgetOperation\";s:1:\"c\";s:3:\"web\";s:1:\"d\";i:26;s:1:\"g\";s:36:\"0537a871-16ab-4ad8-9f13-90c0420fb408\";}i:257;a:5:{s:1:\"a\";i:258;s:1:\"b\";s:26:\"dataCalcul-widgetOperation\";s:1:\"c\";s:3:\"web\";s:1:\"d\";i:26;s:1:\"g\";s:36:\"ac5a04ab-8f62-44d4-aa67-977526057c42\";}i:258;a:5:{s:1:\"a\";i:259;s:1:\"b\";s:22:\"create-widgetOperation\";s:1:\"c\";s:3:\"web\";s:1:\"d\";i:26;s:1:\"g\";s:36:\"8d6bc30f-7691-4486-9767-1eedb7860425\";}i:259;a:5:{s:1:\"a\";i:260;s:1:\"b\";s:21:\"store-widgetOperation\";s:1:\"c\";s:3:\"web\";s:1:\"d\";i:26;s:1:\"g\";s:36:\"29df618c-2d19-402c-8964-37dbd56b37ea\";}i:260;a:5:{s:1:\"a\";i:261;s:1:\"b\";s:23:\"destroy-widgetOperation\";s:1:\"c\";s:3:\"web\";s:1:\"d\";i:26;s:1:\"g\";s:36:\"bdd006d6-136c-4d68-a3fa-3fc5c88fe229\";}i:261;a:5:{s:1:\"a\";i:262;s:1:\"b\";s:22:\"import-widgetOperation\";s:1:\"c\";s:3:\"web\";s:1:\"d\";i:26;s:1:\"g\";s:36:\"10fdf1b6-1239-418f-94c9-be99eca84e55\";}i:262;a:5:{s:1:\"a\";i:263;s:1:\"b\";s:22:\"export-widgetOperation\";s:1:\"c\";s:3:\"web\";s:1:\"d\";i:26;s:1:\"g\";s:36:\"60e4b19b-1c3d-4393-a572-3791526e1b95\";}i:263;a:5:{s:1:\"a\";i:264;s:1:\"b\";s:11:\"show-widget\";s:1:\"c\";s:3:\"web\";s:1:\"d\";i:27;s:1:\"g\";s:36:\"ef4caed4-ee0e-4b35-a819-c0b2280ad0bb\";}i:264;a:5:{s:1:\"a\";i:265;s:1:\"b\";s:12:\"index-widget\";s:1:\"c\";s:3:\"web\";s:1:\"d\";i:27;s:1:\"g\";s:36:\"2e40ae3e-ba50-4e2f-8485-eba2066d5a45\";}i:265;a:5:{s:1:\"a\";i:266;s:1:\"b\";s:11:\"edit-widget\";s:1:\"c\";s:3:\"web\";s:1:\"d\";i:27;s:1:\"g\";s:36:\"17a11ccb-e36b-4440-a87e-14247a59d116\";}i:266;a:5:{s:1:\"a\";i:267;s:1:\"b\";s:13:\"update-widget\";s:1:\"c\";s:3:\"web\";s:1:\"d\";i:27;s:1:\"g\";s:36:\"f6fb314c-d988-418f-a1d4-eb14a9461178\";}i:267;a:5:{s:1:\"a\";i:268;s:1:\"b\";s:17:\"dataCalcul-widget\";s:1:\"c\";s:3:\"web\";s:1:\"d\";i:27;s:1:\"g\";s:36:\"e5180bb5-2f54-49cc-bc3f-324cd67a4652\";}i:268;a:5:{s:1:\"a\";i:269;s:1:\"b\";s:13:\"create-widget\";s:1:\"c\";s:3:\"web\";s:1:\"d\";i:27;s:1:\"g\";s:36:\"1beb5025-d5ca-46ab-89c6-fc16cab0bde3\";}i:269;a:5:{s:1:\"a\";i:270;s:1:\"b\";s:12:\"store-widget\";s:1:\"c\";s:3:\"web\";s:1:\"d\";i:27;s:1:\"g\";s:36:\"64c5dd50-e7c5-4070-9deb-353598e14264\";}i:270;a:5:{s:1:\"a\";i:271;s:1:\"b\";s:14:\"destroy-widget\";s:1:\"c\";s:3:\"web\";s:1:\"d\";i:27;s:1:\"g\";s:36:\"90b72de4-7ce7-4a2a-8d83-30eccfb2b1a5\";}i:271;a:5:{s:1:\"a\";i:272;s:1:\"b\";s:13:\"import-widget\";s:1:\"c\";s:3:\"web\";s:1:\"d\";i:27;s:1:\"g\";s:36:\"0af49b4f-e4a2-43e9-841d-d51361a76225\";}i:272;a:5:{s:1:\"a\";i:273;s:1:\"b\";s:13:\"export-widget\";s:1:\"c\";s:3:\"web\";s:1:\"d\";i:27;s:1:\"g\";s:36:\"282a0287-e327-4ebe-beef-1c908c08a387\";}i:273;a:6:{s:1:\"a\";i:274;s:1:\"b\";s:21:\"show-niveauDifficulte\";s:1:\"c\";s:3:\"web\";s:1:\"d\";i:28;s:1:\"g\";s:36:\"248bc342-69bf-47f9-bca6-64ae5a63e007\";s:1:\"r\";a:2:{i:0;i:3;i:1;i:4;}}i:274;a:6:{s:1:\"a\";i:275;s:1:\"b\";s:22:\"index-niveauDifficulte\";s:1:\"c\";s:3:\"web\";s:1:\"d\";i:28;s:1:\"g\";s:36:\"ea8bc9b8-6317-474a-a689-84b2f894a773\";s:1:\"r\";a:2:{i:0;i:3;i:1;i:4;}}i:275;a:6:{s:1:\"a\";i:276;s:1:\"b\";s:21:\"edit-niveauDifficulte\";s:1:\"c\";s:3:\"web\";s:1:\"d\";i:28;s:1:\"g\";s:36:\"5de43dd3-60c3-4270-b32b-475495b57a61\";s:1:\"r\";a:1:{i:0;i:4;}}i:276;a:6:{s:1:\"a\";i:277;s:1:\"b\";s:23:\"update-niveauDifficulte\";s:1:\"c\";s:3:\"web\";s:1:\"d\";i:28;s:1:\"g\";s:36:\"459b7c58-6571-4d80-8651-009ec0397125\";s:1:\"r\";a:1:{i:0;i:4;}}i:277;a:6:{s:1:\"a\";i:278;s:1:\"b\";s:27:\"dataCalcul-niveauDifficulte\";s:1:\"c\";s:3:\"web\";s:1:\"d\";i:28;s:1:\"g\";s:36:\"1a2794f9-a342-4063-83e8-67d99da017ed\";s:1:\"r\";a:1:{i:0;i:4;}}i:278;a:6:{s:1:\"a\";i:279;s:1:\"b\";s:23:\"create-niveauDifficulte\";s:1:\"c\";s:3:\"web\";s:1:\"d\";i:28;s:1:\"g\";s:36:\"1346e1dc-29ea-4ea5-80f5-0de3c549e14c\";s:1:\"r\";a:1:{i:0;i:4;}}i:279;a:6:{s:1:\"a\";i:280;s:1:\"b\";s:22:\"store-niveauDifficulte\";s:1:\"c\";s:3:\"web\";s:1:\"d\";i:28;s:1:\"g\";s:36:\"e1f5c390-9319-4217-9746-d2ba21abfb52\";s:1:\"r\";a:1:{i:0;i:4;}}i:280;a:6:{s:1:\"a\";i:281;s:1:\"b\";s:24:\"destroy-niveauDifficulte\";s:1:\"c\";s:3:\"web\";s:1:\"d\";i:28;s:1:\"g\";s:36:\"0cbeffa3-5710-4c0f-9a44-e6a9fe2a7d9f\";s:1:\"r\";a:1:{i:0;i:4;}}i:281;a:6:{s:1:\"a\";i:282;s:1:\"b\";s:23:\"import-niveauDifficulte\";s:1:\"c\";s:3:\"web\";s:1:\"d\";i:28;s:1:\"g\";s:36:\"46786b08-70c1-429e-805a-bebf270890f9\";s:1:\"r\";a:1:{i:0;i:4;}}i:282;a:6:{s:1:\"a\";i:283;s:1:\"b\";s:23:\"export-niveauDifficulte\";s:1:\"c\";s:3:\"web\";s:1:\"d\";i:28;s:1:\"g\";s:36:\"9bcd9c31-5b3c-4b83-b409-2a335fbcbe4e\";s:1:\"r\";a:1:{i:0;i:4;}}i:283;a:5:{s:1:\"a\";i:284;s:1:\"b\";s:19:\"show-natureLivrable\";s:1:\"c\";s:3:\"web\";s:1:\"d\";i:29;s:1:\"g\";s:36:\"23ced161-0bb6-46fa-b367-45d24bd613b5\";}i:284;a:5:{s:1:\"a\";i:285;s:1:\"b\";s:20:\"index-natureLivrable\";s:1:\"c\";s:3:\"web\";s:1:\"d\";i:29;s:1:\"g\";s:36:\"2e8e2b8d-bc64-47d9-b468-5cb274882d55\";}i:285;a:5:{s:1:\"a\";i:286;s:1:\"b\";s:19:\"edit-natureLivrable\";s:1:\"c\";s:3:\"web\";s:1:\"d\";i:29;s:1:\"g\";s:36:\"c8a0342e-03a5-4396-957f-52678ffc9701\";}i:286;a:5:{s:1:\"a\";i:287;s:1:\"b\";s:21:\"update-natureLivrable\";s:1:\"c\";s:3:\"web\";s:1:\"d\";i:29;s:1:\"g\";s:36:\"63339663-dc97-4600-8e4d-110c0678b6c5\";}i:287;a:5:{s:1:\"a\";i:288;s:1:\"b\";s:25:\"dataCalcul-natureLivrable\";s:1:\"c\";s:3:\"web\";s:1:\"d\";i:29;s:1:\"g\";s:36:\"d68e910d-8119-43bb-8731-673a29c81492\";}i:288;a:5:{s:1:\"a\";i:289;s:1:\"b\";s:21:\"create-natureLivrable\";s:1:\"c\";s:3:\"web\";s:1:\"d\";i:29;s:1:\"g\";s:36:\"5c135f98-15ce-43a1-b7cf-e9a57ed79d22\";}i:289;a:5:{s:1:\"a\";i:290;s:1:\"b\";s:20:\"store-natureLivrable\";s:1:\"c\";s:3:\"web\";s:1:\"d\";i:29;s:1:\"g\";s:36:\"80a82430-f707-4d9b-b22d-7e4afd1e70e1\";}i:290;a:5:{s:1:\"a\";i:291;s:1:\"b\";s:22:\"destroy-natureLivrable\";s:1:\"c\";s:3:\"web\";s:1:\"d\";i:29;s:1:\"g\";s:36:\"8fc5d35b-43cc-4802-8a15-62e5e9f1f77a\";}i:291;a:5:{s:1:\"a\";i:292;s:1:\"b\";s:21:\"import-natureLivrable\";s:1:\"c\";s:3:\"web\";s:1:\"d\";i:29;s:1:\"g\";s:36:\"8fff4b0e-9b55-4df1-bf3b-8a4610b269fc\";}i:292;a:5:{s:1:\"a\";i:293;s:1:\"b\";s:21:\"export-natureLivrable\";s:1:\"c\";s:3:\"web\";s:1:\"d\";i:29;s:1:\"g\";s:36:\"7e8d3426-611d-459e-bf71-718291790860\";}i:293;a:6:{s:1:\"a\";i:294;s:1:\"b\";s:11:\"show-projet\";s:1:\"c\";s:3:\"web\";s:1:\"d\";i:30;s:1:\"g\";s:36:\"b6d3d26e-5831-4d77-a725-da6708f902f5\";s:1:\"r\";a:3:{i:0;i:3;i:1;i:4;i:2;i:5;}}i:294;a:6:{s:1:\"a\";i:295;s:1:\"b\";s:12:\"index-projet\";s:1:\"c\";s:3:\"web\";s:1:\"d\";i:30;s:1:\"g\";s:36:\"409910f0-892c-414c-9272-9449316f6fbb\";s:1:\"r\";a:3:{i:0;i:3;i:1;i:4;i:2;i:5;}}i:295;a:6:{s:1:\"a\";i:296;s:1:\"b\";s:11:\"edit-projet\";s:1:\"c\";s:3:\"web\";s:1:\"d\";i:30;s:1:\"g\";s:36:\"d2782ebb-5ce7-4376-b974-0727915bed19\";s:1:\"r\";a:1:{i:0;i:4;}}i:296;a:6:{s:1:\"a\";i:297;s:1:\"b\";s:13:\"update-projet\";s:1:\"c\";s:3:\"web\";s:1:\"d\";i:30;s:1:\"g\";s:36:\"95e26731-69d2-48c8-bd71-06b17fc4a421\";s:1:\"r\";a:1:{i:0;i:4;}}i:297;a:6:{s:1:\"a\";i:298;s:1:\"b\";s:17:\"dataCalcul-projet\";s:1:\"c\";s:3:\"web\";s:1:\"d\";i:30;s:1:\"g\";s:36:\"5a106d1b-cea7-4b68-8a30-848f3783d5c9\";s:1:\"r\";a:1:{i:0;i:4;}}i:298;a:6:{s:1:\"a\";i:299;s:1:\"b\";s:13:\"create-projet\";s:1:\"c\";s:3:\"web\";s:1:\"d\";i:30;s:1:\"g\";s:36:\"25c55f39-ae8e-4bb6-a271-fa7954a3e720\";s:1:\"r\";a:1:{i:0;i:4;}}i:299;a:6:{s:1:\"a\";i:300;s:1:\"b\";s:12:\"store-projet\";s:1:\"c\";s:3:\"web\";s:1:\"d\";i:30;s:1:\"g\";s:36:\"fc80484d-ddfe-4496-a126-5bc36ee3d234\";s:1:\"r\";a:1:{i:0;i:4;}}i:300;a:6:{s:1:\"a\";i:301;s:1:\"b\";s:14:\"destroy-projet\";s:1:\"c\";s:3:\"web\";s:1:\"d\";i:30;s:1:\"g\";s:36:\"b72ac15f-9d06-421f-b5a2-2824924b7acb\";s:1:\"r\";a:1:{i:0;i:4;}}i:301;a:6:{s:1:\"a\";i:302;s:1:\"b\";s:13:\"import-projet\";s:1:\"c\";s:3:\"web\";s:1:\"d\";i:30;s:1:\"g\";s:36:\"65c2b7f9-e505-47d0-b017-f09e3b03f35f\";s:1:\"r\";a:1:{i:0;i:4;}}i:302;a:6:{s:1:\"a\";i:303;s:1:\"b\";s:13:\"export-projet\";s:1:\"c\";s:3:\"web\";s:1:\"d\";i:30;s:1:\"g\";s:36:\"8db77878-9cce-4cbf-a678-272eda7f4840\";s:1:\"r\";a:1:{i:0;i:4;}}i:303;a:6:{s:1:\"a\";i:304;s:1:\"b\";s:13:\"show-resource\";s:1:\"c\";s:3:\"web\";s:1:\"d\";i:31;s:1:\"g\";s:36:\"088da239-f8d9-4abb-bba0-b24f197dd04f\";s:1:\"r\";a:3:{i:0;i:3;i:1;i:4;i:2;i:5;}}i:304;a:6:{s:1:\"a\";i:305;s:1:\"b\";s:14:\"index-resource\";s:1:\"c\";s:3:\"web\";s:1:\"d\";i:31;s:1:\"g\";s:36:\"32dce951-291b-4636-9102-5a381a5e3294\";s:1:\"r\";a:2:{i:0;i:3;i:1;i:4;}}i:305;a:6:{s:1:\"a\";i:306;s:1:\"b\";s:13:\"edit-resource\";s:1:\"c\";s:3:\"web\";s:1:\"d\";i:31;s:1:\"g\";s:36:\"90ac3923-21c3-40bd-84fe-288a25d21e39\";s:1:\"r\";a:1:{i:0;i:4;}}i:306;a:6:{s:1:\"a\";i:307;s:1:\"b\";s:15:\"update-resource\";s:1:\"c\";s:3:\"web\";s:1:\"d\";i:31;s:1:\"g\";s:36:\"2fab09d0-64cc-461c-9045-0ebf1958d38d\";s:1:\"r\";a:1:{i:0;i:4;}}i:307;a:6:{s:1:\"a\";i:308;s:1:\"b\";s:19:\"dataCalcul-resource\";s:1:\"c\";s:3:\"web\";s:1:\"d\";i:31;s:1:\"g\";s:36:\"f67805cf-dcc0-4bea-b1bb-2bdce7fd9c7d\";s:1:\"r\";a:1:{i:0;i:4;}}i:308;a:6:{s:1:\"a\";i:309;s:1:\"b\";s:15:\"create-resource\";s:1:\"c\";s:3:\"web\";s:1:\"d\";i:31;s:1:\"g\";s:36:\"2778c042-e09c-4292-8f41-3d50b97514d2\";s:1:\"r\";a:1:{i:0;i:4;}}i:309;a:6:{s:1:\"a\";i:310;s:1:\"b\";s:14:\"store-resource\";s:1:\"c\";s:3:\"web\";s:1:\"d\";i:31;s:1:\"g\";s:36:\"cfc648c1-7e03-452c-97e2-ef5a7350b853\";s:1:\"r\";a:1:{i:0;i:4;}}i:310;a:6:{s:1:\"a\";i:311;s:1:\"b\";s:16:\"destroy-resource\";s:1:\"c\";s:3:\"web\";s:1:\"d\";i:31;s:1:\"g\";s:36:\"95dbf05d-02b0-4306-822f-10f4ff39b66b\";s:1:\"r\";a:1:{i:0;i:4;}}i:311;a:6:{s:1:\"a\";i:312;s:1:\"b\";s:15:\"import-resource\";s:1:\"c\";s:3:\"web\";s:1:\"d\";i:31;s:1:\"g\";s:36:\"2667cefa-36a0-4f74-8dfa-74e3da87a725\";s:1:\"r\";a:1:{i:0;i:4;}}i:312;a:6:{s:1:\"a\";i:313;s:1:\"b\";s:15:\"export-resource\";s:1:\"c\";s:3:\"web\";s:1:\"d\";i:31;s:1:\"g\";s:36:\"3ba50bbb-027a-427b-8168-f40119e9211e\";s:1:\"r\";a:1:{i:0;i:4;}}i:313;a:6:{s:1:\"a\";i:314;s:1:\"b\";s:13:\"show-livrable\";s:1:\"c\";s:3:\"web\";s:1:\"d\";i:32;s:1:\"g\";s:36:\"2d56d762-6046-4a16-938c-6bd92490593c\";s:1:\"r\";a:3:{i:0;i:3;i:1;i:4;i:2;i:5;}}i:314;a:6:{s:1:\"a\";i:315;s:1:\"b\";s:14:\"index-livrable\";s:1:\"c\";s:3:\"web\";s:1:\"d\";i:32;s:1:\"g\";s:36:\"c07a13c2-d8e4-45c7-a665-94178b168889\";s:1:\"r\";a:2:{i:0;i:3;i:1;i:4;}}i:315;a:6:{s:1:\"a\";i:316;s:1:\"b\";s:13:\"edit-livrable\";s:1:\"c\";s:3:\"web\";s:1:\"d\";i:32;s:1:\"g\";s:36:\"2647687b-661c-40cb-a74b-c8304684b71c\";s:1:\"r\";a:1:{i:0;i:4;}}i:316;a:6:{s:1:\"a\";i:317;s:1:\"b\";s:15:\"update-livrable\";s:1:\"c\";s:3:\"web\";s:1:\"d\";i:32;s:1:\"g\";s:36:\"a06f657b-a422-4bd3-9f8e-6b86829d9f76\";s:1:\"r\";a:1:{i:0;i:4;}}i:317;a:6:{s:1:\"a\";i:318;s:1:\"b\";s:19:\"dataCalcul-livrable\";s:1:\"c\";s:3:\"web\";s:1:\"d\";i:32;s:1:\"g\";s:36:\"ea34cb76-7651-46ac-a7c1-7c2885ead428\";s:1:\"r\";a:1:{i:0;i:4;}}i:318;a:6:{s:1:\"a\";i:319;s:1:\"b\";s:15:\"create-livrable\";s:1:\"c\";s:3:\"web\";s:1:\"d\";i:32;s:1:\"g\";s:36:\"cd656144-4d82-410d-aec0-511a58ecf410\";s:1:\"r\";a:1:{i:0;i:4;}}i:319;a:6:{s:1:\"a\";i:320;s:1:\"b\";s:14:\"store-livrable\";s:1:\"c\";s:3:\"web\";s:1:\"d\";i:32;s:1:\"g\";s:36:\"30dbcb82-f0e9-4961-8982-3d282771120c\";s:1:\"r\";a:1:{i:0;i:4;}}i:320;a:6:{s:1:\"a\";i:321;s:1:\"b\";s:16:\"destroy-livrable\";s:1:\"c\";s:3:\"web\";s:1:\"d\";i:32;s:1:\"g\";s:36:\"086f8690-3d84-4e48-85ab-1f788dc2cdff\";s:1:\"r\";a:1:{i:0;i:4;}}i:321;a:6:{s:1:\"a\";i:322;s:1:\"b\";s:15:\"import-livrable\";s:1:\"c\";s:3:\"web\";s:1:\"d\";i:32;s:1:\"g\";s:36:\"606df769-970e-4d31-83f5-a71b19f84800\";s:1:\"r\";a:1:{i:0;i:4;}}i:322;a:6:{s:1:\"a\";i:323;s:1:\"b\";s:15:\"export-livrable\";s:1:\"c\";s:3:\"web\";s:1:\"d\";i:32;s:1:\"g\";s:36:\"da906fe2-2dcc-4f08-8b85-6c8452b4cf89\";s:1:\"r\";a:1:{i:0;i:4;}}i:323;a:6:{s:1:\"a\";i:324;s:1:\"b\";s:24:\"show-transfertCompetence\";s:1:\"c\";s:3:\"web\";s:1:\"d\";i:33;s:1:\"g\";s:36:\"9cfd1737-46dc-4d12-936b-691a57107508\";s:1:\"r\";a:3:{i:0;i:3;i:1;i:4;i:2;i:5;}}i:324;a:6:{s:1:\"a\";i:325;s:1:\"b\";s:25:\"index-transfertCompetence\";s:1:\"c\";s:3:\"web\";s:1:\"d\";i:33;s:1:\"g\";s:36:\"e57dc17b-8e30-4ffa-a0f6-866a7719caa6\";s:1:\"r\";a:3:{i:0;i:3;i:1;i:4;i:2;i:5;}}i:325;a:6:{s:1:\"a\";i:326;s:1:\"b\";s:24:\"edit-transfertCompetence\";s:1:\"c\";s:3:\"web\";s:1:\"d\";i:33;s:1:\"g\";s:36:\"de2be007-59b0-4284-99b8-575a884c2bd0\";s:1:\"r\";a:1:{i:0;i:4;}}i:326;a:6:{s:1:\"a\";i:327;s:1:\"b\";s:26:\"update-transfertCompetence\";s:1:\"c\";s:3:\"web\";s:1:\"d\";i:33;s:1:\"g\";s:36:\"2bec9baf-54c9-4067-97a2-e2e33e4beca3\";s:1:\"r\";a:1:{i:0;i:4;}}i:327;a:6:{s:1:\"a\";i:328;s:1:\"b\";s:30:\"dataCalcul-transfertCompetence\";s:1:\"c\";s:3:\"web\";s:1:\"d\";i:33;s:1:\"g\";s:36:\"1a827114-db94-4a92-a9ca-129f99cf0efe\";s:1:\"r\";a:1:{i:0;i:4;}}i:328;a:6:{s:1:\"a\";i:329;s:1:\"b\";s:26:\"create-transfertCompetence\";s:1:\"c\";s:3:\"web\";s:1:\"d\";i:33;s:1:\"g\";s:36:\"026bb1b8-6682-4f8a-9808-f4f82de50a40\";s:1:\"r\";a:1:{i:0;i:4;}}i:329;a:6:{s:1:\"a\";i:330;s:1:\"b\";s:25:\"store-transfertCompetence\";s:1:\"c\";s:3:\"web\";s:1:\"d\";i:33;s:1:\"g\";s:36:\"13be2e19-d529-4ace-a1f4-ce3e2d3cfae7\";s:1:\"r\";a:1:{i:0;i:4;}}i:330;a:6:{s:1:\"a\";i:331;s:1:\"b\";s:27:\"destroy-transfertCompetence\";s:1:\"c\";s:3:\"web\";s:1:\"d\";i:33;s:1:\"g\";s:36:\"bd942dee-9fb9-4963-936a-bfa40dc08530\";s:1:\"r\";a:1:{i:0;i:4;}}i:331;a:6:{s:1:\"a\";i:332;s:1:\"b\";s:26:\"import-transfertCompetence\";s:1:\"c\";s:3:\"web\";s:1:\"d\";i:33;s:1:\"g\";s:36:\"61707436-0468-47c7-9b1b-bfef8d03cd47\";s:1:\"r\";a:1:{i:0;i:4;}}i:332;a:6:{s:1:\"a\";i:333;s:1:\"b\";s:26:\"export-transfertCompetence\";s:1:\"c\";s:3:\"web\";s:1:\"d\";i:33;s:1:\"g\";s:36:\"29716728-4bbc-4e35-be15-e2c904fe0c46\";s:1:\"r\";a:1:{i:0;i:4;}}i:333;a:6:{s:1:\"a\";i:334;s:1:\"b\";s:24:\"show-eMetadataDefinition\";s:1:\"c\";s:3:\"web\";s:1:\"d\";i:34;s:1:\"g\";s:36:\"2f4bddc8-a622-494d-93d6-99270e33baa8\";s:1:\"r\";a:1:{i:0;i:2;}}i:334;a:6:{s:1:\"a\";i:335;s:1:\"b\";s:25:\"index-eMetadataDefinition\";s:1:\"c\";s:3:\"web\";s:1:\"d\";i:34;s:1:\"g\";s:36:\"cf1855eb-3a57-47c1-9d8d-65ff4a1e474f\";s:1:\"r\";a:1:{i:0;i:2;}}i:335;a:6:{s:1:\"a\";i:336;s:1:\"b\";s:24:\"edit-eMetadataDefinition\";s:1:\"c\";s:3:\"web\";s:1:\"d\";i:34;s:1:\"g\";s:36:\"52a6f5ec-d548-47a6-8dab-7c53b3cca17f\";s:1:\"r\";a:1:{i:0;i:2;}}i:336;a:6:{s:1:\"a\";i:337;s:1:\"b\";s:26:\"update-eMetadataDefinition\";s:1:\"c\";s:3:\"web\";s:1:\"d\";i:34;s:1:\"g\";s:36:\"acb986b4-9f51-4800-a762-8853cdf0e826\";s:1:\"r\";a:1:{i:0;i:2;}}i:337;a:6:{s:1:\"a\";i:338;s:1:\"b\";s:30:\"dataCalcul-eMetadataDefinition\";s:1:\"c\";s:3:\"web\";s:1:\"d\";i:34;s:1:\"g\";s:36:\"8a403065-8bf4-46c9-959a-54a8eee4e517\";s:1:\"r\";a:1:{i:0;i:2;}}i:338;a:6:{s:1:\"a\";i:339;s:1:\"b\";s:26:\"create-eMetadataDefinition\";s:1:\"c\";s:3:\"web\";s:1:\"d\";i:34;s:1:\"g\";s:36:\"2fb5d3d6-b63d-46ba-9ad7-526992c7e162\";s:1:\"r\";a:1:{i:0;i:2;}}i:339;a:6:{s:1:\"a\";i:340;s:1:\"b\";s:25:\"store-eMetadataDefinition\";s:1:\"c\";s:3:\"web\";s:1:\"d\";i:34;s:1:\"g\";s:36:\"e03e8fa4-fcd3-4646-aadb-1e8f0221162d\";s:1:\"r\";a:1:{i:0;i:2;}}i:340;a:6:{s:1:\"a\";i:341;s:1:\"b\";s:27:\"destroy-eMetadataDefinition\";s:1:\"c\";s:3:\"web\";s:1:\"d\";i:34;s:1:\"g\";s:36:\"9d780c23-22ce-42a0-ae00-6ccfe8912656\";s:1:\"r\";a:1:{i:0;i:2;}}i:341;a:5:{s:1:\"a\";i:342;s:1:\"b\";s:26:\"import-eMetadataDefinition\";s:1:\"c\";s:3:\"web\";s:1:\"d\";i:34;s:1:\"g\";s:36:\"f45c9b84-72e3-448a-ba65-f51b35e10422\";}i:342;a:6:{s:1:\"a\";i:343;s:1:\"b\";s:26:\"export-eMetadataDefinition\";s:1:\"c\";s:3:\"web\";s:1:\"d\";i:34;s:1:\"g\";s:36:\"d38a2884-d1db-4283-9b3c-880d4db83790\";s:1:\"r\";a:1:{i:0;i:2;}}i:343;a:6:{s:1:\"a\";i:344;s:1:\"b\";s:13:\"show-ePackage\";s:1:\"c\";s:3:\"web\";s:1:\"d\";i:35;s:1:\"g\";s:36:\"50b1ddd7-dee7-45f9-9c35-63ddf75a52b0\";s:1:\"r\";a:1:{i:0;i:2;}}i:344;a:6:{s:1:\"a\";i:345;s:1:\"b\";s:14:\"index-ePackage\";s:1:\"c\";s:3:\"web\";s:1:\"d\";i:35;s:1:\"g\";s:36:\"e13c2890-e6ed-4e05-a3d2-598b3131ce8e\";s:1:\"r\";a:1:{i:0;i:2;}}i:345;a:5:{s:1:\"a\";i:346;s:1:\"b\";s:13:\"edit-ePackage\";s:1:\"c\";s:3:\"web\";s:1:\"d\";i:35;s:1:\"g\";s:36:\"23eef3a3-0bb5-4345-9bf6-f6bac5d72e5b\";}i:346;a:5:{s:1:\"a\";i:347;s:1:\"b\";s:15:\"update-ePackage\";s:1:\"c\";s:3:\"web\";s:1:\"d\";i:35;s:1:\"g\";s:36:\"064b1c34-be4f-4cb2-8976-c7ecbab8b95a\";}i:347;a:5:{s:1:\"a\";i:348;s:1:\"b\";s:19:\"dataCalcul-ePackage\";s:1:\"c\";s:3:\"web\";s:1:\"d\";i:35;s:1:\"g\";s:36:\"79dc0d8e-d1d6-4b10-b787-dd208e4444f5\";}i:348;a:5:{s:1:\"a\";i:349;s:1:\"b\";s:15:\"create-ePackage\";s:1:\"c\";s:3:\"web\";s:1:\"d\";i:35;s:1:\"g\";s:36:\"99b56ff7-9d0d-43d1-9acc-c6cb356de34f\";}i:349;a:5:{s:1:\"a\";i:350;s:1:\"b\";s:14:\"store-ePackage\";s:1:\"c\";s:3:\"web\";s:1:\"d\";i:35;s:1:\"g\";s:36:\"72bf4287-31b1-423b-b18b-c1567c120a73\";}i:350;a:5:{s:1:\"a\";i:351;s:1:\"b\";s:16:\"destroy-ePackage\";s:1:\"c\";s:3:\"web\";s:1:\"d\";i:35;s:1:\"g\";s:36:\"18e12a08-437f-4212-8615-b1dbbfcfb7ca\";}i:351;a:5:{s:1:\"a\";i:352;s:1:\"b\";s:15:\"import-ePackage\";s:1:\"c\";s:3:\"web\";s:1:\"d\";i:35;s:1:\"g\";s:36:\"b72f3a84-4bc2-4511-b856-3380e4ebb772\";}i:352;a:6:{s:1:\"a\";i:353;s:1:\"b\";s:15:\"export-ePackage\";s:1:\"c\";s:3:\"web\";s:1:\"d\";i:35;s:1:\"g\";s:36:\"c8d529b9-1f15-48cd-b2ce-5822f0fdbe30\";s:1:\"r\";a:1:{i:0;i:2;}}i:353;a:6:{s:1:\"a\";i:354;s:1:\"b\";s:11:\"show-eModel\";s:1:\"c\";s:3:\"web\";s:1:\"d\";i:36;s:1:\"g\";s:36:\"8776eced-29da-4caf-955e-8f79fcae92fc\";s:1:\"r\";a:1:{i:0;i:2;}}i:354;a:6:{s:1:\"a\";i:355;s:1:\"b\";s:12:\"index-eModel\";s:1:\"c\";s:3:\"web\";s:1:\"d\";i:36;s:1:\"g\";s:36:\"d92c0292-b7d6-4921-93d6-c91f6e02d15a\";s:1:\"r\";a:1:{i:0;i:2;}}i:355;a:6:{s:1:\"a\";i:356;s:1:\"b\";s:11:\"edit-eModel\";s:1:\"c\";s:3:\"web\";s:1:\"d\";i:36;s:1:\"g\";s:36:\"4659d26f-e758-4f3f-b740-6cb915e9ce90\";s:1:\"r\";a:1:{i:0;i:2;}}i:356;a:6:{s:1:\"a\";i:357;s:1:\"b\";s:13:\"update-eModel\";s:1:\"c\";s:3:\"web\";s:1:\"d\";i:36;s:1:\"g\";s:36:\"e5774d34-b0a7-44f0-8595-60c1bd0f0053\";s:1:\"r\";a:1:{i:0;i:2;}}i:357;a:6:{s:1:\"a\";i:358;s:1:\"b\";s:17:\"dataCalcul-eModel\";s:1:\"c\";s:3:\"web\";s:1:\"d\";i:36;s:1:\"g\";s:36:\"aa4de59b-5bc9-4094-9a6d-3fc1ac8e591c\";s:1:\"r\";a:1:{i:0;i:2;}}i:358;a:6:{s:1:\"a\";i:359;s:1:\"b\";s:13:\"create-eModel\";s:1:\"c\";s:3:\"web\";s:1:\"d\";i:36;s:1:\"g\";s:36:\"7373b0f0-15b0-4a62-b14e-437d55477a8f\";s:1:\"r\";a:1:{i:0;i:2;}}i:359;a:6:{s:1:\"a\";i:360;s:1:\"b\";s:12:\"store-eModel\";s:1:\"c\";s:3:\"web\";s:1:\"d\";i:36;s:1:\"g\";s:36:\"f7a775e0-d4ba-4b49-b003-825669970ec8\";s:1:\"r\";a:1:{i:0;i:2;}}i:360;a:6:{s:1:\"a\";i:361;s:1:\"b\";s:14:\"destroy-eModel\";s:1:\"c\";s:3:\"web\";s:1:\"d\";i:36;s:1:\"g\";s:36:\"78a05e24-9881-4d0b-9483-78a6c6d3a6e0\";s:1:\"r\";a:1:{i:0;i:2;}}i:361;a:5:{s:1:\"a\";i:362;s:1:\"b\";s:13:\"import-eModel\";s:1:\"c\";s:3:\"web\";s:1:\"d\";i:36;s:1:\"g\";s:36:\"b5b486cd-b728-41bc-9291-8860b9d32de2\";}i:362;a:6:{s:1:\"a\";i:363;s:1:\"b\";s:13:\"export-eModel\";s:1:\"c\";s:3:\"web\";s:1:\"d\";i:36;s:1:\"g\";s:36:\"db139754-9b15-47da-96f2-7cbd137b9b81\";s:1:\"r\";a:1:{i:0;i:2;}}i:363;a:6:{s:1:\"a\";i:364;s:1:\"b\";s:18:\"show-eRelationship\";s:1:\"c\";s:3:\"web\";s:1:\"d\";i:37;s:1:\"g\";s:36:\"f530c06a-1beb-4542-a683-17a447c8f309\";s:1:\"r\";a:1:{i:0;i:2;}}i:364;a:6:{s:1:\"a\";i:365;s:1:\"b\";s:19:\"index-eRelationship\";s:1:\"c\";s:3:\"web\";s:1:\"d\";i:37;s:1:\"g\";s:36:\"49f2086e-1ba9-49a0-9801-ad4ca27828f2\";s:1:\"r\";a:1:{i:0;i:2;}}i:365;a:5:{s:1:\"a\";i:366;s:1:\"b\";s:18:\"edit-eRelationship\";s:1:\"c\";s:3:\"web\";s:1:\"d\";i:37;s:1:\"g\";s:36:\"d433ffcb-2c8c-4e3a-9e87-4528fd16b2d9\";}i:366;a:5:{s:1:\"a\";i:367;s:1:\"b\";s:20:\"update-eRelationship\";s:1:\"c\";s:3:\"web\";s:1:\"d\";i:37;s:1:\"g\";s:36:\"4c31f108-ca49-44f8-b053-a58a71aa1b66\";}i:367;a:5:{s:1:\"a\";i:368;s:1:\"b\";s:24:\"dataCalcul-eRelationship\";s:1:\"c\";s:3:\"web\";s:1:\"d\";i:37;s:1:\"g\";s:36:\"4a5248ca-45e3-47b4-a93b-4b0a9fe97227\";}i:368;a:5:{s:1:\"a\";i:369;s:1:\"b\";s:20:\"create-eRelationship\";s:1:\"c\";s:3:\"web\";s:1:\"d\";i:37;s:1:\"g\";s:36:\"8a4c2308-d86c-436f-afcf-bd514e3da1b6\";}i:369;a:5:{s:1:\"a\";i:370;s:1:\"b\";s:19:\"store-eRelationship\";s:1:\"c\";s:3:\"web\";s:1:\"d\";i:37;s:1:\"g\";s:36:\"322d3e54-32ad-4e6f-82cf-194dfc6feb41\";}i:370;a:5:{s:1:\"a\";i:371;s:1:\"b\";s:21:\"destroy-eRelationship\";s:1:\"c\";s:3:\"web\";s:1:\"d\";i:37;s:1:\"g\";s:36:\"d837b1c0-d377-459c-88f3-af8efbb6731c\";}i:371;a:5:{s:1:\"a\";i:372;s:1:\"b\";s:20:\"import-eRelationship\";s:1:\"c\";s:3:\"web\";s:1:\"d\";i:37;s:1:\"g\";s:36:\"3bb3ed61-010e-40d5-865c-44f296d740b2\";}i:372;a:6:{s:1:\"a\";i:373;s:1:\"b\";s:20:\"export-eRelationship\";s:1:\"c\";s:3:\"web\";s:1:\"d\";i:37;s:1:\"g\";s:36:\"efdb3c89-093b-4410-a02e-929d2f233917\";s:1:\"r\";a:1:{i:0;i:2;}}i:373;a:6:{s:1:\"a\";i:374;s:1:\"b\";s:15:\"show-eDataField\";s:1:\"c\";s:3:\"web\";s:1:\"d\";i:38;s:1:\"g\";s:36:\"6768b127-5d16-4769-8a3b-605977995ec6\";s:1:\"r\";a:1:{i:0;i:2;}}i:374;a:6:{s:1:\"a\";i:375;s:1:\"b\";s:16:\"index-eDataField\";s:1:\"c\";s:3:\"web\";s:1:\"d\";i:38;s:1:\"g\";s:36:\"c084e335-0667-48de-bf4d-f359d9a15e48\";s:1:\"r\";a:1:{i:0;i:2;}}i:375;a:6:{s:1:\"a\";i:376;s:1:\"b\";s:15:\"edit-eDataField\";s:1:\"c\";s:3:\"web\";s:1:\"d\";i:38;s:1:\"g\";s:36:\"3b5242ce-64c9-446f-b7ea-35bfd17d4539\";s:1:\"r\";a:1:{i:0;i:2;}}i:376;a:6:{s:1:\"a\";i:377;s:1:\"b\";s:17:\"update-eDataField\";s:1:\"c\";s:3:\"web\";s:1:\"d\";i:38;s:1:\"g\";s:36:\"d2d0b1eb-95e0-40c7-a723-45eb791ee6db\";s:1:\"r\";a:1:{i:0;i:2;}}i:377;a:6:{s:1:\"a\";i:378;s:1:\"b\";s:21:\"dataCalcul-eDataField\";s:1:\"c\";s:3:\"web\";s:1:\"d\";i:38;s:1:\"g\";s:36:\"888672e6-c7ae-446c-8139-a0eb8344a398\";s:1:\"r\";a:1:{i:0;i:2;}}i:378;a:6:{s:1:\"a\";i:379;s:1:\"b\";s:17:\"create-eDataField\";s:1:\"c\";s:3:\"web\";s:1:\"d\";i:38;s:1:\"g\";s:36:\"5eaa68fe-9aa8-471a-8db4-f7f88cdf9050\";s:1:\"r\";a:1:{i:0;i:2;}}i:379;a:6:{s:1:\"a\";i:380;s:1:\"b\";s:16:\"store-eDataField\";s:1:\"c\";s:3:\"web\";s:1:\"d\";i:38;s:1:\"g\";s:36:\"d881ccfc-d359-4a09-ad9a-fa59b02d487b\";s:1:\"r\";a:1:{i:0;i:2;}}i:380;a:6:{s:1:\"a\";i:381;s:1:\"b\";s:18:\"destroy-eDataField\";s:1:\"c\";s:3:\"web\";s:1:\"d\";i:38;s:1:\"g\";s:36:\"52975ac0-7f91-4d93-b7b1-4335943a2cdc\";s:1:\"r\";a:1:{i:0;i:2;}}i:381;a:5:{s:1:\"a\";i:382;s:1:\"b\";s:17:\"import-eDataField\";s:1:\"c\";s:3:\"web\";s:1:\"d\";i:38;s:1:\"g\";s:36:\"7c27069c-a96e-4d9c-9b91-bb8cadb5dad1\";}i:382;a:6:{s:1:\"a\";i:383;s:1:\"b\";s:17:\"export-eDataField\";s:1:\"c\";s:3:\"web\";s:1:\"d\";i:38;s:1:\"g\";s:36:\"4fd13a88-941e-4c69-9e51-f631024aaf8f\";s:1:\"r\";a:1:{i:0;i:2;}}i:383;a:6:{s:1:\"a\";i:384;s:1:\"b\";s:15:\"show-eMetadatum\";s:1:\"c\";s:3:\"web\";s:1:\"d\";i:39;s:1:\"g\";s:36:\"52ac47eb-8452-47ea-820f-4815243cad3d\";s:1:\"r\";a:1:{i:0;i:2;}}i:384;a:6:{s:1:\"a\";i:385;s:1:\"b\";s:16:\"index-eMetadatum\";s:1:\"c\";s:3:\"web\";s:1:\"d\";i:39;s:1:\"g\";s:36:\"5a2e79c3-c126-425f-83b4-e926bb60c844\";s:1:\"r\";a:1:{i:0;i:2;}}i:385;a:6:{s:1:\"a\";i:386;s:1:\"b\";s:15:\"edit-eMetadatum\";s:1:\"c\";s:3:\"web\";s:1:\"d\";i:39;s:1:\"g\";s:36:\"f9834abb-e217-43e0-88d4-cd60b3b3d310\";s:1:\"r\";a:1:{i:0;i:2;}}i:386;a:6:{s:1:\"a\";i:387;s:1:\"b\";s:17:\"update-eMetadatum\";s:1:\"c\";s:3:\"web\";s:1:\"d\";i:39;s:1:\"g\";s:36:\"325bac2d-f319-43a5-8c9b-d0c90ebe75fa\";s:1:\"r\";a:1:{i:0;i:2;}}i:387;a:6:{s:1:\"a\";i:388;s:1:\"b\";s:21:\"dataCalcul-eMetadatum\";s:1:\"c\";s:3:\"web\";s:1:\"d\";i:39;s:1:\"g\";s:36:\"7fe53471-1af5-4f99-8283-5a9b85ed39cf\";s:1:\"r\";a:1:{i:0;i:2;}}i:388;a:6:{s:1:\"a\";i:389;s:1:\"b\";s:17:\"create-eMetadatum\";s:1:\"c\";s:3:\"web\";s:1:\"d\";i:39;s:1:\"g\";s:36:\"0397ffd9-5618-47d1-8bc1-7eec49791ebc\";s:1:\"r\";a:1:{i:0;i:2;}}i:389;a:6:{s:1:\"a\";i:390;s:1:\"b\";s:16:\"store-eMetadatum\";s:1:\"c\";s:3:\"web\";s:1:\"d\";i:39;s:1:\"g\";s:36:\"cac43bb8-4bcb-426b-b064-971309c0bdb0\";s:1:\"r\";a:1:{i:0;i:2;}}i:390;a:6:{s:1:\"a\";i:391;s:1:\"b\";s:18:\"destroy-eMetadatum\";s:1:\"c\";s:3:\"web\";s:1:\"d\";i:39;s:1:\"g\";s:36:\"b76318dc-0886-4488-a6f0-54078293953b\";s:1:\"r\";a:1:{i:0;i:2;}}i:391;a:5:{s:1:\"a\";i:392;s:1:\"b\";s:17:\"import-eMetadatum\";s:1:\"c\";s:3:\"web\";s:1:\"d\";i:39;s:1:\"g\";s:36:\"e380db8f-f4cb-4550-b02b-cbe4f4c98b41\";}i:392;a:6:{s:1:\"a\";i:393;s:1:\"b\";s:17:\"export-eMetadatum\";s:1:\"c\";s:3:\"web\";s:1:\"d\";i:39;s:1:\"g\";s:36:\"539e3a36-bdc8-4a96-a327-8763b29dfaf7\";s:1:\"r\";a:1:{i:0;i:2;}}i:393;a:6:{s:1:\"a\";i:394;s:1:\"b\";s:27:\"show-etatsRealisationProjet\";s:1:\"c\";s:3:\"web\";s:1:\"d\";i:40;s:1:\"g\";s:36:\"81f760dd-69b2-4314-95e7-22032a8af269\";s:1:\"r\";a:2:{i:0;i:3;i:1;i:4;}}i:394;a:6:{s:1:\"a\";i:395;s:1:\"b\";s:28:\"index-etatsRealisationProjet\";s:1:\"c\";s:3:\"web\";s:1:\"d\";i:40;s:1:\"g\";s:36:\"0add5011-978e-45a8-9397-18dac7058b22\";s:1:\"r\";a:2:{i:0;i:3;i:1;i:4;}}i:395;a:6:{s:1:\"a\";i:396;s:1:\"b\";s:27:\"edit-etatsRealisationProjet\";s:1:\"c\";s:3:\"web\";s:1:\"d\";i:40;s:1:\"g\";s:36:\"5f387569-e9ee-44c3-8fd1-10cc82e093a2\";s:1:\"r\";a:1:{i:0;i:4;}}i:396;a:6:{s:1:\"a\";i:397;s:1:\"b\";s:29:\"update-etatsRealisationProjet\";s:1:\"c\";s:3:\"web\";s:1:\"d\";i:40;s:1:\"g\";s:36:\"b985e98a-81e2-4a60-afc8-09836b2aeb8c\";s:1:\"r\";a:1:{i:0;i:4;}}i:397;a:6:{s:1:\"a\";i:398;s:1:\"b\";s:33:\"dataCalcul-etatsRealisationProjet\";s:1:\"c\";s:3:\"web\";s:1:\"d\";i:40;s:1:\"g\";s:36:\"5a855a9f-fae9-4313-a298-f2ad393fd5a5\";s:1:\"r\";a:1:{i:0;i:4;}}i:398;a:6:{s:1:\"a\";i:399;s:1:\"b\";s:29:\"create-etatsRealisationProjet\";s:1:\"c\";s:3:\"web\";s:1:\"d\";i:40;s:1:\"g\";s:36:\"72099e25-eca3-4d4b-b2bc-d1fe26133fec\";s:1:\"r\";a:1:{i:0;i:4;}}i:399;a:6:{s:1:\"a\";i:400;s:1:\"b\";s:28:\"store-etatsRealisationProjet\";s:1:\"c\";s:3:\"web\";s:1:\"d\";i:40;s:1:\"g\";s:36:\"74b02de1-3669-4ff2-9be4-570aa1da0d4c\";s:1:\"r\";a:1:{i:0;i:4;}}i:400;a:6:{s:1:\"a\";i:401;s:1:\"b\";s:30:\"destroy-etatsRealisationProjet\";s:1:\"c\";s:3:\"web\";s:1:\"d\";i:40;s:1:\"g\";s:36:\"58c5a432-fab3-4ec0-92b4-a18432db67bc\";s:1:\"r\";a:1:{i:0;i:4;}}i:401;a:6:{s:1:\"a\";i:402;s:1:\"b\";s:29:\"import-etatsRealisationProjet\";s:1:\"c\";s:3:\"web\";s:1:\"d\";i:40;s:1:\"g\";s:36:\"ee604fca-334a-44d3-8ace-91ea79f46579\";s:1:\"r\";a:1:{i:0;i:4;}}i:402;a:6:{s:1:\"a\";i:403;s:1:\"b\";s:29:\"export-etatsRealisationProjet\";s:1:\"c\";s:3:\"web\";s:1:\"d\";i:40;s:1:\"g\";s:36:\"6cae0014-f35b-43f9-85d7-e33a8aa16db4\";s:1:\"r\";a:1:{i:0;i:4;}}i:403;a:6:{s:1:\"a\";i:404;s:1:\"b\";s:22:\"show-affectationProjet\";s:1:\"c\";s:3:\"web\";s:1:\"d\";i:41;s:1:\"g\";s:36:\"21f77767-de2a-4a5c-a288-30100a35939c\";s:1:\"r\";a:2:{i:0;i:3;i:1;i:4;}}i:404;a:6:{s:1:\"a\";i:405;s:1:\"b\";s:23:\"index-affectationProjet\";s:1:\"c\";s:3:\"web\";s:1:\"d\";i:41;s:1:\"g\";s:36:\"b4c0d09f-16a6-466a-bde5-305ea5136d88\";s:1:\"r\";a:2:{i:0;i:3;i:1;i:4;}}i:405;a:6:{s:1:\"a\";i:406;s:1:\"b\";s:22:\"edit-affectationProjet\";s:1:\"c\";s:3:\"web\";s:1:\"d\";i:41;s:1:\"g\";s:36:\"85c83a53-ef11-4fb8-9617-517fda9f0feb\";s:1:\"r\";a:1:{i:0;i:4;}}i:406;a:6:{s:1:\"a\";i:407;s:1:\"b\";s:24:\"update-affectationProjet\";s:1:\"c\";s:3:\"web\";s:1:\"d\";i:41;s:1:\"g\";s:36:\"2499c635-2373-4b64-b249-21b93e80107c\";s:1:\"r\";a:1:{i:0;i:4;}}i:407;a:6:{s:1:\"a\";i:408;s:1:\"b\";s:28:\"dataCalcul-affectationProjet\";s:1:\"c\";s:3:\"web\";s:1:\"d\";i:41;s:1:\"g\";s:36:\"f06d6e43-e01e-4d86-ac59-2581751aa595\";s:1:\"r\";a:1:{i:0;i:4;}}i:408;a:6:{s:1:\"a\";i:409;s:1:\"b\";s:24:\"create-affectationProjet\";s:1:\"c\";s:3:\"web\";s:1:\"d\";i:41;s:1:\"g\";s:36:\"638c7be3-76e4-4f29-916d-dc491d6d2f1e\";s:1:\"r\";a:1:{i:0;i:4;}}i:409;a:6:{s:1:\"a\";i:410;s:1:\"b\";s:23:\"store-affectationProjet\";s:1:\"c\";s:3:\"web\";s:1:\"d\";i:41;s:1:\"g\";s:36:\"b62dff05-3909-4cc8-9145-9ed9543c9e91\";s:1:\"r\";a:1:{i:0;i:4;}}i:410;a:6:{s:1:\"a\";i:411;s:1:\"b\";s:25:\"destroy-affectationProjet\";s:1:\"c\";s:3:\"web\";s:1:\"d\";i:41;s:1:\"g\";s:36:\"cee08b5a-8284-4ef8-a9ce-ad345fa01512\";s:1:\"r\";a:1:{i:0;i:4;}}i:411;a:6:{s:1:\"a\";i:412;s:1:\"b\";s:24:\"import-affectationProjet\";s:1:\"c\";s:3:\"web\";s:1:\"d\";i:41;s:1:\"g\";s:36:\"7850ca7e-9857-4816-9427-c5092c47ace0\";s:1:\"r\";a:1:{i:0;i:4;}}i:412;a:6:{s:1:\"a\";i:413;s:1:\"b\";s:24:\"export-affectationProjet\";s:1:\"c\";s:3:\"web\";s:1:\"d\";i:41;s:1:\"g\";s:36:\"8f6e4f80-67f7-4669-a409-8173b04ef325\";s:1:\"r\";a:1:{i:0;i:4;}}i:413;a:6:{s:1:\"a\";i:414;s:1:\"b\";s:22:\"show-realisationProjet\";s:1:\"c\";s:3:\"web\";s:1:\"d\";i:42;s:1:\"g\";s:36:\"ab8a6296-1991-446f-aaac-5112dd851553\";s:1:\"r\";a:3:{i:0;i:3;i:1;i:4;i:2;i:5;}}i:414;a:6:{s:1:\"a\";i:415;s:1:\"b\";s:23:\"index-realisationProjet\";s:1:\"c\";s:3:\"web\";s:1:\"d\";i:42;s:1:\"g\";s:36:\"01c23312-bf3f-4bc0-8370-132ea288e4ca\";s:1:\"r\";a:3:{i:0;i:3;i:1;i:4;i:2;i:5;}}i:415;a:6:{s:1:\"a\";i:416;s:1:\"b\";s:22:\"edit-realisationProjet\";s:1:\"c\";s:3:\"web\";s:1:\"d\";i:42;s:1:\"g\";s:36:\"6a9bd625-03ac-41ba-8d07-55a50f2d9ade\";s:1:\"r\";a:2:{i:0;i:4;i:1;i:5;}}i:416;a:6:{s:1:\"a\";i:417;s:1:\"b\";s:24:\"update-realisationProjet\";s:1:\"c\";s:3:\"web\";s:1:\"d\";i:42;s:1:\"g\";s:36:\"b942f0c3-fc13-40c7-a702-e7b67af4c2cf\";s:1:\"r\";a:2:{i:0;i:4;i:1;i:5;}}i:417;a:6:{s:1:\"a\";i:418;s:1:\"b\";s:28:\"dataCalcul-realisationProjet\";s:1:\"c\";s:3:\"web\";s:1:\"d\";i:42;s:1:\"g\";s:36:\"8888bec3-a840-4d40-8156-9140368b60c7\";s:1:\"r\";a:2:{i:0;i:4;i:1;i:5;}}i:418;a:6:{s:1:\"a\";i:419;s:1:\"b\";s:24:\"create-realisationProjet\";s:1:\"c\";s:3:\"web\";s:1:\"d\";i:42;s:1:\"g\";s:36:\"b3e2fc79-b5d0-4089-b784-84adc52efc5e\";s:1:\"r\";a:1:{i:0;i:4;}}i:419;a:6:{s:1:\"a\";i:420;s:1:\"b\";s:23:\"store-realisationProjet\";s:1:\"c\";s:3:\"web\";s:1:\"d\";i:42;s:1:\"g\";s:36:\"94f67463-1ce2-40a3-ba9e-45288d0defc6\";s:1:\"r\";a:1:{i:0;i:4;}}i:420;a:6:{s:1:\"a\";i:421;s:1:\"b\";s:25:\"destroy-realisationProjet\";s:1:\"c\";s:3:\"web\";s:1:\"d\";i:42;s:1:\"g\";s:36:\"5fda9cab-e235-41ce-b1ef-e93998ffd272\";s:1:\"r\";a:1:{i:0;i:4;}}i:421;a:6:{s:1:\"a\";i:422;s:1:\"b\";s:24:\"import-realisationProjet\";s:1:\"c\";s:3:\"web\";s:1:\"d\";i:42;s:1:\"g\";s:36:\"08b51171-9cd8-4515-baa4-99c646aaff0d\";s:1:\"r\";a:1:{i:0;i:4;}}i:422;a:6:{s:1:\"a\";i:423;s:1:\"b\";s:24:\"export-realisationProjet\";s:1:\"c\";s:3:\"web\";s:1:\"d\";i:42;s:1:\"g\";s:36:\"c97ea2b0-663d-40df-9c06-f9f7786c0b60\";s:1:\"r\";a:1:{i:0;i:4;}}i:423;a:6:{s:1:\"a\";i:424;s:1:\"b\";s:25:\"show-livrablesRealisation\";s:1:\"c\";s:3:\"web\";s:1:\"d\";i:43;s:1:\"g\";s:36:\"b2b41300-ee80-4a89-ac0a-ee73411342e1\";s:1:\"r\";a:3:{i:0;i:3;i:1;i:4;i:2;i:5;}}i:424;a:6:{s:1:\"a\";i:425;s:1:\"b\";s:26:\"index-livrablesRealisation\";s:1:\"c\";s:3:\"web\";s:1:\"d\";i:43;s:1:\"g\";s:36:\"e436ba4c-db9b-49fb-96fe-551adc4224e2\";s:1:\"r\";a:3:{i:0;i:3;i:1;i:4;i:2;i:5;}}i:425;a:6:{s:1:\"a\";i:426;s:1:\"b\";s:25:\"edit-livrablesRealisation\";s:1:\"c\";s:3:\"web\";s:1:\"d\";i:43;s:1:\"g\";s:36:\"4620b51c-d798-4ada-9528-7782a5db1a48\";s:1:\"r\";a:2:{i:0;i:4;i:1;i:5;}}i:426;a:6:{s:1:\"a\";i:427;s:1:\"b\";s:27:\"update-livrablesRealisation\";s:1:\"c\";s:3:\"web\";s:1:\"d\";i:43;s:1:\"g\";s:36:\"32a59e7b-7dcb-4e8d-a861-7c63503dfaf7\";s:1:\"r\";a:2:{i:0;i:4;i:1;i:5;}}i:427;a:6:{s:1:\"a\";i:428;s:1:\"b\";s:31:\"dataCalcul-livrablesRealisation\";s:1:\"c\";s:3:\"web\";s:1:\"d\";i:43;s:1:\"g\";s:36:\"611194fa-c859-4f8e-b405-a1e98fbebe45\";s:1:\"r\";a:2:{i:0;i:4;i:1;i:5;}}i:428;a:6:{s:1:\"a\";i:429;s:1:\"b\";s:27:\"create-livrablesRealisation\";s:1:\"c\";s:3:\"web\";s:1:\"d\";i:43;s:1:\"g\";s:36:\"62a995db-a1a6-4746-af0f-2b8151a6939b\";s:1:\"r\";a:2:{i:0;i:4;i:1;i:5;}}i:429;a:6:{s:1:\"a\";i:430;s:1:\"b\";s:26:\"store-livrablesRealisation\";s:1:\"c\";s:3:\"web\";s:1:\"d\";i:43;s:1:\"g\";s:36:\"93219d52-bc5a-4d1b-a59b-4d96b5bc3257\";s:1:\"r\";a:2:{i:0;i:4;i:1;i:5;}}i:430;a:6:{s:1:\"a\";i:431;s:1:\"b\";s:28:\"destroy-livrablesRealisation\";s:1:\"c\";s:3:\"web\";s:1:\"d\";i:43;s:1:\"g\";s:36:\"d5e63747-f14d-4945-aa6b-7361fd479d3a\";s:1:\"r\";a:2:{i:0;i:4;i:1;i:5;}}i:431;a:6:{s:1:\"a\";i:432;s:1:\"b\";s:27:\"import-livrablesRealisation\";s:1:\"c\";s:3:\"web\";s:1:\"d\";i:43;s:1:\"g\";s:36:\"1b9c0d60-95b9-403a-9a44-04a0c8587f0d\";s:1:\"r\";a:1:{i:0;i:4;}}i:432;a:6:{s:1:\"a\";i:433;s:1:\"b\";s:27:\"export-livrablesRealisation\";s:1:\"c\";s:3:\"web\";s:1:\"d\";i:43;s:1:\"g\";s:36:\"984213c1-3f93-420d-ab94-d09b806dd894\";s:1:\"r\";a:1:{i:0;i:4;}}i:433;a:6:{s:1:\"a\";i:434;s:1:\"b\";s:15:\"show-validation\";s:1:\"c\";s:3:\"web\";s:1:\"d\";i:44;s:1:\"g\";s:36:\"17cdaf86-a0c7-47f8-b5f9-85a0d2a0bb6b\";s:1:\"r\";a:3:{i:0;i:3;i:1;i:4;i:2;i:5;}}i:434;a:6:{s:1:\"a\";i:435;s:1:\"b\";s:16:\"index-validation\";s:1:\"c\";s:3:\"web\";s:1:\"d\";i:44;s:1:\"g\";s:36:\"657c6a13-d96a-44d9-b108-91bda452f437\";s:1:\"r\";a:3:{i:0;i:3;i:1;i:4;i:2;i:5;}}i:435;a:6:{s:1:\"a\";i:436;s:1:\"b\";s:15:\"edit-validation\";s:1:\"c\";s:3:\"web\";s:1:\"d\";i:44;s:1:\"g\";s:36:\"fdfb8636-60c9-4f4a-a0a8-8353bb6a4ed6\";s:1:\"r\";a:1:{i:0;i:4;}}i:436;a:6:{s:1:\"a\";i:437;s:1:\"b\";s:17:\"update-validation\";s:1:\"c\";s:3:\"web\";s:1:\"d\";i:44;s:1:\"g\";s:36:\"81a4d6ed-b4fc-4ef2-9a51-6566610d30fe\";s:1:\"r\";a:1:{i:0;i:4;}}i:437;a:6:{s:1:\"a\";i:438;s:1:\"b\";s:21:\"dataCalcul-validation\";s:1:\"c\";s:3:\"web\";s:1:\"d\";i:44;s:1:\"g\";s:36:\"2e08b287-cf2b-4400-a56c-b3b1675b8de7\";s:1:\"r\";a:1:{i:0;i:4;}}i:438;a:6:{s:1:\"a\";i:439;s:1:\"b\";s:17:\"create-validation\";s:1:\"c\";s:3:\"web\";s:1:\"d\";i:44;s:1:\"g\";s:36:\"6ae69751-8412-4004-aefe-5c41a3242d3d\";s:1:\"r\";a:1:{i:0;i:4;}}i:439;a:6:{s:1:\"a\";i:440;s:1:\"b\";s:16:\"store-validation\";s:1:\"c\";s:3:\"web\";s:1:\"d\";i:44;s:1:\"g\";s:36:\"ee84fa1e-6dfb-4e63-b466-0f64b6a6785b\";s:1:\"r\";a:1:{i:0;i:4;}}i:440;a:6:{s:1:\"a\";i:441;s:1:\"b\";s:18:\"destroy-validation\";s:1:\"c\";s:3:\"web\";s:1:\"d\";i:44;s:1:\"g\";s:36:\"772db5f2-8d50-4d21-b6ec-c43085ace1f0\";s:1:\"r\";a:1:{i:0;i:4;}}i:441;a:6:{s:1:\"a\";i:442;s:1:\"b\";s:17:\"import-validation\";s:1:\"c\";s:3:\"web\";s:1:\"d\";i:44;s:1:\"g\";s:36:\"ba51361a-3f78-44e0-925e-00360e87aeec\";s:1:\"r\";a:1:{i:0;i:4;}}i:442;a:6:{s:1:\"a\";i:443;s:1:\"b\";s:17:\"export-validation\";s:1:\"c\";s:3:\"web\";s:1:\"d\";i:44;s:1:\"g\";s:36:\"22960bab-fff9-4072-a0b9-8635e62b2ec5\";s:1:\"r\";a:1:{i:0;i:4;}}i:443;a:6:{s:1:\"a\";i:444;s:1:\"b\";s:12:\"show-profile\";s:1:\"c\";s:3:\"web\";s:1:\"d\";i:45;s:1:\"g\";s:36:\"eee57c23-1b6f-458a-a5a8-33ef689ab60c\";s:1:\"r\";a:4:{i:0;i:2;i:1;i:3;i:2;i:4;i:3;i:5;}}i:444;a:6:{s:1:\"a\";i:445;s:1:\"b\";s:13:\"index-profile\";s:1:\"c\";s:3:\"web\";s:1:\"d\";i:45;s:1:\"g\";s:36:\"0c52b768-aa96-4810-bba5-2466fa9ec80e\";s:1:\"r\";a:4:{i:0;i:2;i:1;i:3;i:2;i:4;i:3;i:5;}}i:445;a:6:{s:1:\"a\";i:446;s:1:\"b\";s:12:\"edit-profile\";s:1:\"c\";s:3:\"web\";s:1:\"d\";i:45;s:1:\"g\";s:36:\"e6d18e29-ddb1-42fa-8b98-732790e78858\";s:1:\"r\";a:4:{i:0;i:2;i:1;i:3;i:2;i:4;i:3;i:5;}}i:446;a:6:{s:1:\"a\";i:447;s:1:\"b\";s:14:\"update-profile\";s:1:\"c\";s:3:\"web\";s:1:\"d\";i:45;s:1:\"g\";s:36:\"c357d4a0-03c1-4c70-a798-479ef57db7f7\";s:1:\"r\";a:4:{i:0;i:2;i:1;i:3;i:2;i:4;i:3;i:5;}}i:447;a:6:{s:1:\"a\";i:448;s:1:\"b\";s:18:\"dataCalcul-profile\";s:1:\"c\";s:3:\"web\";s:1:\"d\";i:45;s:1:\"g\";s:36:\"fd396800-9d22-4485-b7b5-2f2a25cfaa0b\";s:1:\"r\";a:3:{i:0;i:3;i:1;i:4;i:2;i:5;}}i:448;a:5:{s:1:\"a\";i:449;s:1:\"b\";s:14:\"create-profile\";s:1:\"c\";s:3:\"web\";s:1:\"d\";i:45;s:1:\"g\";s:36:\"e3ae139c-8b6e-4deb-bf4b-a4cb9f9cce19\";}i:449;a:6:{s:1:\"a\";i:450;s:1:\"b\";s:13:\"store-profile\";s:1:\"c\";s:3:\"web\";s:1:\"d\";i:45;s:1:\"g\";s:36:\"38e9bd06-6f54-4eba-9628-144f41354057\";s:1:\"r\";a:1:{i:0;i:2;}}i:450;a:5:{s:1:\"a\";i:451;s:1:\"b\";s:15:\"destroy-profile\";s:1:\"c\";s:3:\"web\";s:1:\"d\";i:45;s:1:\"g\";s:36:\"adb1c246-1d2b-4086-963f-6165fbd4eea9\";}i:451;a:5:{s:1:\"a\";i:452;s:1:\"b\";s:14:\"import-profile\";s:1:\"c\";s:3:\"web\";s:1:\"d\";i:45;s:1:\"g\";s:36:\"9ba27c4d-8de9-41a5-9944-4e04033fe46a\";}i:452;a:5:{s:1:\"a\";i:453;s:1:\"b\";s:14:\"export-profile\";s:1:\"c\";s:3:\"web\";s:1:\"d\";i:45;s:1:\"g\";s:36:\"fbf6c13d-cf10-4ce1-9264-eca3a391f04b\";}i:453;a:5:{s:1:\"a\";i:454;s:1:\"b\";s:20:\"dataCalcul-sysModule\";s:1:\"c\";s:3:\"web\";s:1:\"d\";i:5;s:1:\"g\";s:36:\"eb0693c7-1fc1-4244-ad3e-1f197593ebe9\";}i:454;a:6:{s:1:\"a\";i:455;s:1:\"b\";s:32:\"show-commentaireRealisationTache\";s:1:\"c\";s:3:\"web\";s:1:\"d\";i:46;s:1:\"g\";s:36:\"cacf960d-fad8-44b1-9ed4-50eb3d04d34f\";s:1:\"r\";a:1:{i:0;i:4;}}i:455;a:6:{s:1:\"a\";i:456;s:1:\"b\";s:33:\"index-commentaireRealisationTache\";s:1:\"c\";s:3:\"web\";s:1:\"d\";i:46;s:1:\"g\";s:36:\"cd92fcab-f7c4-4150-b677-b434d75b2ac7\";s:1:\"r\";a:1:{i:0;i:4;}}i:456;a:6:{s:1:\"a\";i:457;s:1:\"b\";s:32:\"edit-commentaireRealisationTache\";s:1:\"c\";s:3:\"web\";s:1:\"d\";i:46;s:1:\"g\";s:36:\"aefc5d56-9ffd-48a2-b236-884105a71ce7\";s:1:\"r\";a:1:{i:0;i:4;}}i:457;a:6:{s:1:\"a\";i:458;s:1:\"b\";s:34:\"update-commentaireRealisationTache\";s:1:\"c\";s:3:\"web\";s:1:\"d\";i:46;s:1:\"g\";s:36:\"96bb8a2e-0f98-48bb-b0c0-236a781e1cee\";s:1:\"r\";a:1:{i:0;i:4;}}i:458;a:6:{s:1:\"a\";i:459;s:1:\"b\";s:38:\"dataCalcul-commentaireRealisationTache\";s:1:\"c\";s:3:\"web\";s:1:\"d\";i:46;s:1:\"g\";s:36:\"f2a2b166-1c24-4beb-89d5-858c9b0f779b\";s:1:\"r\";a:1:{i:0;i:4;}}i:459;a:6:{s:1:\"a\";i:460;s:1:\"b\";s:34:\"create-commentaireRealisationTache\";s:1:\"c\";s:3:\"web\";s:1:\"d\";i:46;s:1:\"g\";s:36:\"ba727540-c12b-4990-b474-5c7532bf9eba\";s:1:\"r\";a:1:{i:0;i:4;}}i:460;a:6:{s:1:\"a\";i:461;s:1:\"b\";s:33:\"store-commentaireRealisationTache\";s:1:\"c\";s:3:\"web\";s:1:\"d\";i:46;s:1:\"g\";s:36:\"81de6add-26bf-4de2-9164-f66f3c3fb3f4\";s:1:\"r\";a:1:{i:0;i:4;}}i:461;a:6:{s:1:\"a\";i:462;s:1:\"b\";s:35:\"destroy-commentaireRealisationTache\";s:1:\"c\";s:3:\"web\";s:1:\"d\";i:46;s:1:\"g\";s:36:\"7a2f9bc6-2cd7-4a17-aafd-984fa1eac11a\";s:1:\"r\";a:1:{i:0;i:4;}}i:462;a:5:{s:1:\"a\";i:463;s:1:\"b\";s:34:\"import-commentaireRealisationTache\";s:1:\"c\";s:3:\"web\";s:1:\"d\";i:46;s:1:\"g\";s:36:\"87258623-05da-459d-a9e5-086a1595874b\";}i:463;a:5:{s:1:\"a\";i:464;s:1:\"b\";s:34:\"export-commentaireRealisationTache\";s:1:\"c\";s:3:\"web\";s:1:\"d\";i:46;s:1:\"g\";s:36:\"40c6ce14-9e98-4d4a-93f4-d70d33b0559c\";}i:464;a:6:{s:1:\"a\";i:465;s:1:\"b\";s:20:\"show-dependanceTache\";s:1:\"c\";s:3:\"web\";s:1:\"d\";i:47;s:1:\"g\";s:36:\"13b450ed-f764-44c7-b754-eace3644884f\";s:1:\"r\";a:1:{i:0;i:4;}}i:465;a:6:{s:1:\"a\";i:466;s:1:\"b\";s:21:\"index-dependanceTache\";s:1:\"c\";s:3:\"web\";s:1:\"d\";i:47;s:1:\"g\";s:36:\"c05f4f9a-3e06-4d84-ac30-e89ffdfdff8b\";s:1:\"r\";a:1:{i:0;i:4;}}i:466;a:6:{s:1:\"a\";i:467;s:1:\"b\";s:20:\"edit-dependanceTache\";s:1:\"c\";s:3:\"web\";s:1:\"d\";i:47;s:1:\"g\";s:36:\"4b7aff3d-3eb4-4feb-8de3-48e95a734c91\";s:1:\"r\";a:1:{i:0;i:4;}}i:467;a:6:{s:1:\"a\";i:468;s:1:\"b\";s:22:\"update-dependanceTache\";s:1:\"c\";s:3:\"web\";s:1:\"d\";i:47;s:1:\"g\";s:36:\"0441b270-bc95-4570-913c-d70af80b11e1\";s:1:\"r\";a:1:{i:0;i:4;}}i:468;a:6:{s:1:\"a\";i:469;s:1:\"b\";s:26:\"dataCalcul-dependanceTache\";s:1:\"c\";s:3:\"web\";s:1:\"d\";i:47;s:1:\"g\";s:36:\"1a34b9b7-13b1-4936-afbe-2301e65abe75\";s:1:\"r\";a:1:{i:0;i:4;}}i:469;a:6:{s:1:\"a\";i:470;s:1:\"b\";s:22:\"create-dependanceTache\";s:1:\"c\";s:3:\"web\";s:1:\"d\";i:47;s:1:\"g\";s:36:\"faf57aef-e473-4f44-ab7b-c516f864f0b1\";s:1:\"r\";a:1:{i:0;i:4;}}i:470;a:6:{s:1:\"a\";i:471;s:1:\"b\";s:21:\"store-dependanceTache\";s:1:\"c\";s:3:\"web\";s:1:\"d\";i:47;s:1:\"g\";s:36:\"c3ab9696-94f6-43f6-b668-171ac944872f\";s:1:\"r\";a:1:{i:0;i:4;}}i:471;a:6:{s:1:\"a\";i:472;s:1:\"b\";s:23:\"destroy-dependanceTache\";s:1:\"c\";s:3:\"web\";s:1:\"d\";i:47;s:1:\"g\";s:36:\"3b9a8aea-c1c1-484f-9047-ac9f1cff7662\";s:1:\"r\";a:1:{i:0;i:4;}}i:472;a:5:{s:1:\"a\";i:473;s:1:\"b\";s:22:\"import-dependanceTache\";s:1:\"c\";s:3:\"web\";s:1:\"d\";i:47;s:1:\"g\";s:36:\"a247503b-2a88-4cba-90b1-761779e14334\";}i:473;a:5:{s:1:\"a\";i:474;s:1:\"b\";s:22:\"export-dependanceTache\";s:1:\"c\";s:3:\"web\";s:1:\"d\";i:47;s:1:\"g\";s:36:\"0bf3edc4-94de-4486-9f0a-cb6cf3c9a839\";}i:474;a:6:{s:1:\"a\";i:475;s:1:\"b\";s:25:\"show-etatRealisationTache\";s:1:\"c\";s:3:\"web\";s:1:\"d\";i:48;s:1:\"g\";s:36:\"ed2b5c7d-25d3-4454-a598-bb0cabc66646\";s:1:\"r\";a:1:{i:0;i:4;}}i:475;a:6:{s:1:\"a\";i:476;s:1:\"b\";s:26:\"index-etatRealisationTache\";s:1:\"c\";s:3:\"web\";s:1:\"d\";i:48;s:1:\"g\";s:36:\"8d0f9360-8878-450e-8036-276851dfcf3f\";s:1:\"r\";a:1:{i:0;i:4;}}i:476;a:6:{s:1:\"a\";i:477;s:1:\"b\";s:25:\"edit-etatRealisationTache\";s:1:\"c\";s:3:\"web\";s:1:\"d\";i:48;s:1:\"g\";s:36:\"7722f960-d6c7-452a-96a1-e34dc46cbe81\";s:1:\"r\";a:1:{i:0;i:4;}}i:477;a:6:{s:1:\"a\";i:478;s:1:\"b\";s:27:\"update-etatRealisationTache\";s:1:\"c\";s:3:\"web\";s:1:\"d\";i:48;s:1:\"g\";s:36:\"fc7b90fe-8945-45a9-a076-7b09851b4dd8\";s:1:\"r\";a:1:{i:0;i:4;}}i:478;a:6:{s:1:\"a\";i:479;s:1:\"b\";s:31:\"dataCalcul-etatRealisationTache\";s:1:\"c\";s:3:\"web\";s:1:\"d\";i:48;s:1:\"g\";s:36:\"4264a587-e2ac-49dd-be44-417bb83b142e\";s:1:\"r\";a:1:{i:0;i:4;}}i:479;a:6:{s:1:\"a\";i:480;s:1:\"b\";s:27:\"create-etatRealisationTache\";s:1:\"c\";s:3:\"web\";s:1:\"d\";i:48;s:1:\"g\";s:36:\"77e0e3db-3c09-49b5-81f4-9312f2ab48ed\";s:1:\"r\";a:1:{i:0;i:4;}}i:480;a:6:{s:1:\"a\";i:481;s:1:\"b\";s:26:\"store-etatRealisationTache\";s:1:\"c\";s:3:\"web\";s:1:\"d\";i:48;s:1:\"g\";s:36:\"757d0072-3340-46e5-a65d-b32c89542527\";s:1:\"r\";a:1:{i:0;i:4;}}i:481;a:6:{s:1:\"a\";i:482;s:1:\"b\";s:28:\"destroy-etatRealisationTache\";s:1:\"c\";s:3:\"web\";s:1:\"d\";i:48;s:1:\"g\";s:36:\"5a02858a-145e-4636-9818-a0e59e1a1450\";s:1:\"r\";a:1:{i:0;i:4;}}i:482;a:5:{s:1:\"a\";i:483;s:1:\"b\";s:27:\"import-etatRealisationTache\";s:1:\"c\";s:3:\"web\";s:1:\"d\";i:48;s:1:\"g\";s:36:\"e68ec4ae-1694-4a72-bbda-1023036629f5\";}i:483;a:5:{s:1:\"a\";i:484;s:1:\"b\";s:27:\"export-etatRealisationTache\";s:1:\"c\";s:3:\"web\";s:1:\"d\";i:48;s:1:\"g\";s:36:\"36016ffb-31ca-447a-a51a-c44413f6ee88\";}i:484;a:6:{s:1:\"a\";i:485;s:1:\"b\";s:31:\"show-historiqueRealisationTache\";s:1:\"c\";s:3:\"web\";s:1:\"d\";i:49;s:1:\"g\";s:36:\"675f2630-6620-497a-98d2-5c1882bf65c3\";s:1:\"r\";a:1:{i:0;i:4;}}i:485;a:6:{s:1:\"a\";i:486;s:1:\"b\";s:32:\"index-historiqueRealisationTache\";s:1:\"c\";s:3:\"web\";s:1:\"d\";i:49;s:1:\"g\";s:36:\"eaa9cecf-a5fa-4174-bee6-11c747831376\";s:1:\"r\";a:1:{i:0;i:4;}}i:486;a:6:{s:1:\"a\";i:487;s:1:\"b\";s:31:\"edit-historiqueRealisationTache\";s:1:\"c\";s:3:\"web\";s:1:\"d\";i:49;s:1:\"g\";s:36:\"764a45b6-7b30-4d7f-8454-8468bef9b213\";s:1:\"r\";a:1:{i:0;i:4;}}i:487;a:6:{s:1:\"a\";i:488;s:1:\"b\";s:33:\"update-historiqueRealisationTache\";s:1:\"c\";s:3:\"web\";s:1:\"d\";i:49;s:1:\"g\";s:36:\"aa7b8aad-c384-4371-a19e-aa7527194713\";s:1:\"r\";a:1:{i:0;i:4;}}i:488;a:6:{s:1:\"a\";i:489;s:1:\"b\";s:37:\"dataCalcul-historiqueRealisationTache\";s:1:\"c\";s:3:\"web\";s:1:\"d\";i:49;s:1:\"g\";s:36:\"3bfd4576-c609-4522-a6bc-8b84600bd83d\";s:1:\"r\";a:1:{i:0;i:4;}}i:489;a:6:{s:1:\"a\";i:490;s:1:\"b\";s:33:\"create-historiqueRealisationTache\";s:1:\"c\";s:3:\"web\";s:1:\"d\";i:49;s:1:\"g\";s:36:\"aab73227-013d-4119-8fd1-e28e81abb15b\";s:1:\"r\";a:1:{i:0;i:4;}}i:490;a:6:{s:1:\"a\";i:491;s:1:\"b\";s:32:\"store-historiqueRealisationTache\";s:1:\"c\";s:3:\"web\";s:1:\"d\";i:49;s:1:\"g\";s:36:\"56304a88-b26c-46ad-be2d-c0608d1a9855\";s:1:\"r\";a:1:{i:0;i:4;}}i:491;a:6:{s:1:\"a\";i:492;s:1:\"b\";s:34:\"destroy-historiqueRealisationTache\";s:1:\"c\";s:3:\"web\";s:1:\"d\";i:49;s:1:\"g\";s:36:\"3d791937-9b24-4eba-ba0e-84a6f17332c6\";s:1:\"r\";a:1:{i:0;i:4;}}i:492;a:5:{s:1:\"a\";i:493;s:1:\"b\";s:33:\"import-historiqueRealisationTache\";s:1:\"c\";s:3:\"web\";s:1:\"d\";i:49;s:1:\"g\";s:36:\"f495045e-3822-44cd-9c86-cd14246143cd\";}i:493;a:5:{s:1:\"a\";i:494;s:1:\"b\";s:33:\"export-historiqueRealisationTache\";s:1:\"c\";s:3:\"web\";s:1:\"d\";i:49;s:1:\"g\";s:36:\"00a2a524-5ecf-4469-895a-307b17a70942\";}i:494;a:6:{s:1:\"a\";i:495;s:1:\"b\";s:26:\"show-labelRealisationTache\";s:1:\"c\";s:3:\"web\";s:1:\"d\";i:50;s:1:\"g\";s:36:\"d827e7e7-26a8-4b47-97d3-f727a2eacfdd\";s:1:\"r\";a:1:{i:0;i:4;}}i:495;a:6:{s:1:\"a\";i:496;s:1:\"b\";s:27:\"index-labelRealisationTache\";s:1:\"c\";s:3:\"web\";s:1:\"d\";i:50;s:1:\"g\";s:36:\"f6b2641c-5fad-42c7-b376-49669aa0eb71\";s:1:\"r\";a:1:{i:0;i:4;}}i:496;a:6:{s:1:\"a\";i:497;s:1:\"b\";s:26:\"edit-labelRealisationTache\";s:1:\"c\";s:3:\"web\";s:1:\"d\";i:50;s:1:\"g\";s:36:\"16783620-99db-4d48-83dd-4ed08b73a243\";s:1:\"r\";a:1:{i:0;i:4;}}i:497;a:6:{s:1:\"a\";i:498;s:1:\"b\";s:28:\"update-labelRealisationTache\";s:1:\"c\";s:3:\"web\";s:1:\"d\";i:50;s:1:\"g\";s:36:\"034e3f7f-5765-4eda-b94d-5431a16c603e\";s:1:\"r\";a:1:{i:0;i:4;}}i:498;a:6:{s:1:\"a\";i:499;s:1:\"b\";s:32:\"dataCalcul-labelRealisationTache\";s:1:\"c\";s:3:\"web\";s:1:\"d\";i:50;s:1:\"g\";s:36:\"3953bd64-bc4d-4109-a12f-299c3286fb7a\";s:1:\"r\";a:1:{i:0;i:4;}}i:499;a:6:{s:1:\"a\";i:500;s:1:\"b\";s:28:\"create-labelRealisationTache\";s:1:\"c\";s:3:\"web\";s:1:\"d\";i:50;s:1:\"g\";s:36:\"da2311ac-c25e-4605-a248-aa78201386fb\";s:1:\"r\";a:1:{i:0;i:4;}}i:500;a:6:{s:1:\"a\";i:501;s:1:\"b\";s:27:\"store-labelRealisationTache\";s:1:\"c\";s:3:\"web\";s:1:\"d\";i:50;s:1:\"g\";s:36:\"8672cc6a-2e8e-4a40-93f1-0857d97abc31\";s:1:\"r\";a:1:{i:0;i:4;}}i:501;a:6:{s:1:\"a\";i:502;s:1:\"b\";s:29:\"destroy-labelRealisationTache\";s:1:\"c\";s:3:\"web\";s:1:\"d\";i:50;s:1:\"g\";s:36:\"f16af1dc-c3ff-44c9-8c02-fa6a512d0204\";s:1:\"r\";a:1:{i:0;i:4;}}i:502;a:5:{s:1:\"a\";i:503;s:1:\"b\";s:28:\"import-labelRealisationTache\";s:1:\"c\";s:3:\"web\";s:1:\"d\";i:50;s:1:\"g\";s:36:\"4de5796e-a8fd-4be4-addf-142bd3eff6ef\";}i:503;a:5:{s:1:\"a\";i:504;s:1:\"b\";s:28:\"export-labelRealisationTache\";s:1:\"c\";s:3:\"web\";s:1:\"d\";i:50;s:1:\"g\";s:36:\"f5b4d9e0-cd16-4dc8-b11d-e34796688875\";}i:504;a:6:{s:1:\"a\";i:505;s:1:\"b\";s:18:\"show-prioriteTache\";s:1:\"c\";s:3:\"web\";s:1:\"d\";i:51;s:1:\"g\";s:36:\"cbd0b4f3-7940-4d8d-9abe-01928cd5eab1\";s:1:\"r\";a:1:{i:0;i:4;}}i:505;a:6:{s:1:\"a\";i:506;s:1:\"b\";s:19:\"index-prioriteTache\";s:1:\"c\";s:3:\"web\";s:1:\"d\";i:51;s:1:\"g\";s:36:\"b0844ae9-81e2-4ee9-9248-173729633068\";s:1:\"r\";a:1:{i:0;i:4;}}i:506;a:6:{s:1:\"a\";i:507;s:1:\"b\";s:18:\"edit-prioriteTache\";s:1:\"c\";s:3:\"web\";s:1:\"d\";i:51;s:1:\"g\";s:36:\"90f868bf-e380-485c-b04f-b5414ee4b0d9\";s:1:\"r\";a:1:{i:0;i:4;}}i:507;a:6:{s:1:\"a\";i:508;s:1:\"b\";s:20:\"update-prioriteTache\";s:1:\"c\";s:3:\"web\";s:1:\"d\";i:51;s:1:\"g\";s:36:\"79ba4e51-58c8-4fe1-ab20-b6b8cd253242\";s:1:\"r\";a:1:{i:0;i:4;}}i:508;a:6:{s:1:\"a\";i:509;s:1:\"b\";s:24:\"dataCalcul-prioriteTache\";s:1:\"c\";s:3:\"web\";s:1:\"d\";i:51;s:1:\"g\";s:36:\"136bf321-c9f8-4a54-b4c0-f07de16e70fc\";s:1:\"r\";a:1:{i:0;i:4;}}i:509;a:6:{s:1:\"a\";i:510;s:1:\"b\";s:20:\"create-prioriteTache\";s:1:\"c\";s:3:\"web\";s:1:\"d\";i:51;s:1:\"g\";s:36:\"b8de34fd-3edb-4903-90a7-d220ae881d68\";s:1:\"r\";a:1:{i:0;i:4;}}i:510;a:6:{s:1:\"a\";i:511;s:1:\"b\";s:19:\"store-prioriteTache\";s:1:\"c\";s:3:\"web\";s:1:\"d\";i:51;s:1:\"g\";s:36:\"c5b2872c-1b78-47c4-b675-75958fe5fd7f\";s:1:\"r\";a:1:{i:0;i:4;}}i:511;a:6:{s:1:\"a\";i:512;s:1:\"b\";s:21:\"destroy-prioriteTache\";s:1:\"c\";s:3:\"web\";s:1:\"d\";i:51;s:1:\"g\";s:36:\"99fc256f-32c9-4619-b092-d83f252b3b05\";s:1:\"r\";a:1:{i:0;i:4;}}i:512;a:5:{s:1:\"a\";i:513;s:1:\"b\";s:20:\"import-prioriteTache\";s:1:\"c\";s:3:\"web\";s:1:\"d\";i:51;s:1:\"g\";s:36:\"268bba76-7ff1-4f12-8d9c-a6f7507d3682\";}i:513;a:5:{s:1:\"a\";i:514;s:1:\"b\";s:20:\"export-prioriteTache\";s:1:\"c\";s:3:\"web\";s:1:\"d\";i:51;s:1:\"g\";s:36:\"a4dbfd20-e7f6-48fc-bdc6-f0fd2f159fab\";}i:514;a:6:{s:1:\"a\";i:515;s:1:\"b\";s:21:\"show-realisationTache\";s:1:\"c\";s:3:\"web\";s:1:\"d\";i:52;s:1:\"g\";s:36:\"31f9b199-79ec-44bd-9c18-b8a54c3cbe98\";s:1:\"r\";a:2:{i:0;i:4;i:1;i:5;}}i:515;a:6:{s:1:\"a\";i:516;s:1:\"b\";s:22:\"index-realisationTache\";s:1:\"c\";s:3:\"web\";s:1:\"d\";i:52;s:1:\"g\";s:36:\"57c83276-da91-40b2-8f87-89561204bba8\";s:1:\"r\";a:2:{i:0;i:4;i:1;i:5;}}i:516;a:6:{s:1:\"a\";i:517;s:1:\"b\";s:21:\"edit-realisationTache\";s:1:\"c\";s:3:\"web\";s:1:\"d\";i:52;s:1:\"g\";s:36:\"10a679fd-621f-423f-ac59-6979e8f1b335\";s:1:\"r\";a:2:{i:0;i:4;i:1;i:5;}}i:517;a:6:{s:1:\"a\";i:518;s:1:\"b\";s:23:\"update-realisationTache\";s:1:\"c\";s:3:\"web\";s:1:\"d\";i:52;s:1:\"g\";s:36:\"2294baaf-ad96-4ec9-87be-014c7d46c3c6\";s:1:\"r\";a:2:{i:0;i:4;i:1;i:5;}}i:518;a:6:{s:1:\"a\";i:519;s:1:\"b\";s:27:\"dataCalcul-realisationTache\";s:1:\"c\";s:3:\"web\";s:1:\"d\";i:52;s:1:\"g\";s:36:\"85d9c0fa-2bd5-4c2f-8810-5d6dfb4fde01\";s:1:\"r\";a:2:{i:0;i:4;i:1;i:5;}}i:519;a:6:{s:1:\"a\";i:520;s:1:\"b\";s:23:\"create-realisationTache\";s:1:\"c\";s:3:\"web\";s:1:\"d\";i:52;s:1:\"g\";s:36:\"411d816d-d67e-4a1c-98bc-ce309eeb308b\";s:1:\"r\";a:1:{i:0;i:4;}}i:520;a:6:{s:1:\"a\";i:521;s:1:\"b\";s:22:\"store-realisationTache\";s:1:\"c\";s:3:\"web\";s:1:\"d\";i:52;s:1:\"g\";s:36:\"bda1e53d-0670-4a6a-89b7-1ff7049fcba9\";s:1:\"r\";a:1:{i:0;i:4;}}i:521;a:6:{s:1:\"a\";i:522;s:1:\"b\";s:24:\"destroy-realisationTache\";s:1:\"c\";s:3:\"web\";s:1:\"d\";i:52;s:1:\"g\";s:36:\"d9e80a82-0397-47c0-b944-6e6c3089c1a6\";s:1:\"r\";a:1:{i:0;i:4;}}i:522;a:5:{s:1:\"a\";i:523;s:1:\"b\";s:23:\"import-realisationTache\";s:1:\"c\";s:3:\"web\";s:1:\"d\";i:52;s:1:\"g\";s:36:\"581a6911-e17a-4b1a-91f9-ae0c810e8ad9\";}i:523;a:5:{s:1:\"a\";i:524;s:1:\"b\";s:23:\"export-realisationTache\";s:1:\"c\";s:3:\"web\";s:1:\"d\";i:52;s:1:\"g\";s:36:\"650a4617-ebbb-419d-bc47-da27fecd97af\";}i:524;a:6:{s:1:\"a\";i:525;s:1:\"b\";s:10:\"show-tache\";s:1:\"c\";s:3:\"web\";s:1:\"d\";i:53;s:1:\"g\";s:36:\"a1ef827b-eb72-42a1-baa9-72bba3cdd845\";s:1:\"r\";a:1:{i:0;i:4;}}i:525;a:6:{s:1:\"a\";i:526;s:1:\"b\";s:11:\"index-tache\";s:1:\"c\";s:3:\"web\";s:1:\"d\";i:53;s:1:\"g\";s:36:\"85f214e1-51a3-45c4-bb4c-50f2508818cd\";s:1:\"r\";a:1:{i:0;i:4;}}i:526;a:6:{s:1:\"a\";i:527;s:1:\"b\";s:10:\"edit-tache\";s:1:\"c\";s:3:\"web\";s:1:\"d\";i:53;s:1:\"g\";s:36:\"3d862e0d-7d50-4f97-8185-d046d4cf4189\";s:1:\"r\";a:1:{i:0;i:4;}}i:527;a:6:{s:1:\"a\";i:528;s:1:\"b\";s:12:\"update-tache\";s:1:\"c\";s:3:\"web\";s:1:\"d\";i:53;s:1:\"g\";s:36:\"2bab543f-817b-41a2-87e8-fcab5e897a88\";s:1:\"r\";a:1:{i:0;i:4;}}i:528;a:6:{s:1:\"a\";i:529;s:1:\"b\";s:16:\"dataCalcul-tache\";s:1:\"c\";s:3:\"web\";s:1:\"d\";i:53;s:1:\"g\";s:36:\"ed189318-0971-4066-99ed-027d5cde6a8f\";s:1:\"r\";a:1:{i:0;i:4;}}i:529;a:6:{s:1:\"a\";i:530;s:1:\"b\";s:12:\"create-tache\";s:1:\"c\";s:3:\"web\";s:1:\"d\";i:53;s:1:\"g\";s:36:\"4df50c40-5c64-41b7-8fab-2a95d5b7d2aa\";s:1:\"r\";a:1:{i:0;i:4;}}i:530;a:6:{s:1:\"a\";i:531;s:1:\"b\";s:11:\"store-tache\";s:1:\"c\";s:3:\"web\";s:1:\"d\";i:53;s:1:\"g\";s:36:\"c7aaed0b-5819-4e85-a575-42811e520164\";s:1:\"r\";a:1:{i:0;i:4;}}i:531;a:6:{s:1:\"a\";i:532;s:1:\"b\";s:13:\"destroy-tache\";s:1:\"c\";s:3:\"web\";s:1:\"d\";i:53;s:1:\"g\";s:36:\"5bbe48c0-380f-476b-b28f-ecbde3e303ab\";s:1:\"r\";a:1:{i:0;i:4;}}i:532;a:5:{s:1:\"a\";i:533;s:1:\"b\";s:12:\"import-tache\";s:1:\"c\";s:3:\"web\";s:1:\"d\";i:53;s:1:\"g\";s:36:\"152c093a-78fa-4ee8-8d2e-be6c02f66efc\";}i:533;a:5:{s:1:\"a\";i:534;s:1:\"b\";s:12:\"export-tache\";s:1:\"c\";s:3:\"web\";s:1:\"d\";i:53;s:1:\"g\";s:36:\"0ac370ed-b6ad-4ff9-81a8-9f18740e8ada\";}i:534;a:6:{s:1:\"a\";i:535;s:1:\"b\";s:24:\"show-typeDependanceTache\";s:1:\"c\";s:3:\"web\";s:1:\"d\";i:54;s:1:\"g\";s:36:\"4265aaf2-674f-4e7d-b5f1-9595bf2a2e54\";s:1:\"r\";a:1:{i:0;i:4;}}i:535;a:6:{s:1:\"a\";i:536;s:1:\"b\";s:25:\"index-typeDependanceTache\";s:1:\"c\";s:3:\"web\";s:1:\"d\";i:54;s:1:\"g\";s:36:\"e279e104-a5f3-4a77-bec1-a0f476bc0934\";s:1:\"r\";a:1:{i:0;i:4;}}i:536;a:6:{s:1:\"a\";i:537;s:1:\"b\";s:24:\"edit-typeDependanceTache\";s:1:\"c\";s:3:\"web\";s:1:\"d\";i:54;s:1:\"g\";s:36:\"42ad61c9-4bbc-48d7-947f-d69bcee80cb2\";s:1:\"r\";a:1:{i:0;i:4;}}i:537;a:6:{s:1:\"a\";i:538;s:1:\"b\";s:26:\"update-typeDependanceTache\";s:1:\"c\";s:3:\"web\";s:1:\"d\";i:54;s:1:\"g\";s:36:\"71cf5f9c-9802-4a1e-8224-517a0d7e75f9\";s:1:\"r\";a:1:{i:0;i:4;}}i:538;a:6:{s:1:\"a\";i:539;s:1:\"b\";s:30:\"dataCalcul-typeDependanceTache\";s:1:\"c\";s:3:\"web\";s:1:\"d\";i:54;s:1:\"g\";s:36:\"d405edf5-946b-4cc9-986e-bba3215b1aee\";s:1:\"r\";a:1:{i:0;i:4;}}i:539;a:6:{s:1:\"a\";i:540;s:1:\"b\";s:26:\"create-typeDependanceTache\";s:1:\"c\";s:3:\"web\";s:1:\"d\";i:54;s:1:\"g\";s:36:\"b33f3e6e-1926-4f63-865a-c6c4b157274e\";s:1:\"r\";a:1:{i:0;i:4;}}i:540;a:6:{s:1:\"a\";i:541;s:1:\"b\";s:25:\"store-typeDependanceTache\";s:1:\"c\";s:3:\"web\";s:1:\"d\";i:54;s:1:\"g\";s:36:\"5e52d603-c05f-4e63-ad11-33d3392a7b2d\";s:1:\"r\";a:1:{i:0;i:4;}}i:541;a:6:{s:1:\"a\";i:542;s:1:\"b\";s:27:\"destroy-typeDependanceTache\";s:1:\"c\";s:3:\"web\";s:1:\"d\";i:54;s:1:\"g\";s:36:\"66d70c65-632b-4dd8-a978-ec6fa8cc48bb\";s:1:\"r\";a:1:{i:0;i:4;}}i:542;a:5:{s:1:\"a\";i:543;s:1:\"b\";s:26:\"import-typeDependanceTache\";s:1:\"c\";s:3:\"web\";s:1:\"d\";i:54;s:1:\"g\";s:36:\"a7187df9-13ef-43fc-9f6b-d279cfda9630\";}i:543;a:5:{s:1:\"a\";i:544;s:1:\"b\";s:26:\"export-typeDependanceTache\";s:1:\"c\";s:3:\"web\";s:1:\"d\";i:54;s:1:\"g\";s:36:\"36efbe43-f889-4126-bc50-c9af96b3de2c\";}}s:5:\"roles\";a:4:{i:0;a:4:{s:1:\"a\";i:3;s:1:\"b\";s:5:\"admin\";s:1:\"c\";s:3:\"web\";s:1:\"g\";s:36:\"b5e517cb-86dc-4d84-9803-9ac9799de14f\";}i:1;a:4:{s:1:\"a\";i:4;s:1:\"b\";s:9:\"formateur\";s:1:\"c\";s:3:\"web\";s:1:\"g\";s:36:\"d93062be-1923-47a2-8c8d-ac617a1f28fa\";}i:2;a:4:{s:1:\"a\";i:5;s:1:\"b\";s:9:\"apprenant\";s:1:\"c\";s:3:\"web\";s:1:\"g\";s:36:\"41afc23a-6a20-42b3-a491-521bca2742ae\";}i:3;a:4:{s:1:\"a\";i:2;s:1:\"b\";s:4:\"gapp\";s:1:\"c\";s:3:\"web\";s:1:\"g\";s:36:\"d2fd691d-ea60-4352-b166-fee73aca0971\";}}}',1741081381);
/*!40000 ALTER TABLE `cache` ENABLE KEYS */;
UNLOCK TABLES;

--
-- Table structure for table `cache_locks`
--

DROP TABLE IF EXISTS `cache_locks`;
/*!40101 SET @saved_cs_client     = @@character_set_client */;
/*!50503 SET character_set_client = utf8mb4 */;
CREATE TABLE `cache_locks` (
  `key` varchar(255) CHARACTER SET utf8mb4 COLLATE utf8mb4_unicode_ci NOT NULL,
  `owner` varchar(255) CHARACTER SET utf8mb4 COLLATE utf8mb4_unicode_ci NOT NULL,
  `expiration` int NOT NULL,
  PRIMARY KEY (`key`)
) ENGINE=InnoDB DEFAULT CHARSET=utf8mb4 COLLATE=utf8mb4_unicode_ci;
/*!40101 SET character_set_client = @saved_cs_client */;

--
-- Dumping data for table `cache_locks`
--

LOCK TABLES `cache_locks` WRITE;
/*!40000 ALTER TABLE `cache_locks` DISABLE KEYS */;
/*!40000 ALTER TABLE `cache_locks` ENABLE KEYS */;
UNLOCK TABLES;

--
-- Table structure for table `category_technologies`
--

DROP TABLE IF EXISTS `category_technologies`;
/*!40101 SET @saved_cs_client     = @@character_set_client */;
/*!50503 SET character_set_client = utf8mb4 */;
CREATE TABLE `category_technologies` (
  `id` bigint unsigned NOT NULL AUTO_INCREMENT,
  `nom` varchar(255) CHARACTER SET utf8mb4 COLLATE utf8mb4_unicode_ci NOT NULL,
  `description` longtext CHARACTER SET utf8mb4 COLLATE utf8mb4_unicode_ci,
  `reference` varchar(255) CHARACTER SET utf8mb4 COLLATE utf8mb4_unicode_ci NOT NULL,
  `created_at` timestamp NULL DEFAULT NULL,
  `updated_at` timestamp NULL DEFAULT NULL,
  PRIMARY KEY (`id`),
  UNIQUE KEY `category_technologies_reference_unique` (`reference`)
) ENGINE=InnoDB AUTO_INCREMENT=9 DEFAULT CHARSET=utf8mb4 COLLATE=utf8mb4_unicode_ci;
/*!40101 SET character_set_client = @saved_cs_client */;

--
-- Dumping data for table `category_technologies`
--

LOCK TABLES `category_technologies` WRITE;
/*!40000 ALTER TABLE `category_technologies` DISABLE KEYS */;
INSERT INTO `category_technologies` VALUES (1,'Langages de développement','Langages utilisés pour le développement frontend et backend, y compris HTML, CSS, JavaScript, TypeScript, PHP, Python, et Node.js.','6ec83ef4-840d-4c2b-a0fe-1c0792817be2','2025-02-19 06:39:28','2025-02-19 06:39:28'),(2,'Frameworks et bibliothèques','Frameworks et bibliothèques utilisés pour simplifier et accélérer le développement, comme React, Bootstrap, Vue.js, Laravel, Symfony, et Django.','630ed551-0054-4b12-8acd-98e580295044','2025-02-19 06:39:28','2025-02-19 06:39:28'),(3,'Bases de données et API','Technologies pour organiser les données et gérer les interactions entre systèmes, comme MySQL, MongoDB, REST, et GraphQL.','9e931de4-7d82-43a3-a5a8-5643fcc90010','2025-02-19 06:39:28','2025-02-19 06:39:28'),(4,'Outils DevOps et gestion de version','Technologies pour gérer les versions de code et automatiser les workflows, comme Git, Docker, Jenkins, et Kubernetes.','0bd25105-55de-4ba7-a58f-c2f7a840f499','2025-02-19 06:39:28','2025-02-19 06:39:28'),(5,'Hébergement et cloud','Services pour héberger, déployer et gérer des applications, comme AWS, Azure, Google Cloud, et Netlify.','99fab020-4ba9-4aed-9330-cbed8ca77807','2025-02-19 06:39:28','2025-02-19 06:39:28'),(6,'Systèmes de gestion de contenu et outils de développement','Plateformes CMS comme WordPress et outils comme VS Code, WebStorm, et PhpStorm pour coder efficacement.','3f144b8e-6d4e-46c8-bdeb-7bf044eb201f','2025-02-19 06:39:28','2025-02-19 06:39:28'),(7,'Tests et sécurité','Technologies pour tester et sécuriser les applications, comme Jest, Selenium, HTTPS, et OAuth.','4b382167-1f4d-4ea2-8b52-269c8ad0c79a','2025-02-19 06:39:28','2025-02-19 06:39:28'),(8,'Conception et expérience utilisateur','Outils pour créer des interfaces utilisateur et améliorer l\'expérience, comme Figma, Adobe XD, et Sketch.','8f8b8b78-35fb-4b81-a48f-8d3d8e6e49df','2025-02-19 06:39:28','2025-02-19 06:39:28');
/*!40000 ALTER TABLE `category_technologies` ENABLE KEYS */;
UNLOCK TABLES;

--
-- Table structure for table `commentaire_realisation_taches`
--

DROP TABLE IF EXISTS `commentaire_realisation_taches`;
/*!40101 SET @saved_cs_client     = @@character_set_client */;
/*!50503 SET character_set_client = utf8mb4 */;
CREATE TABLE `commentaire_realisation_taches` (
  `id` bigint unsigned NOT NULL AUTO_INCREMENT,
  `commentaire` longtext COLLATE utf8mb4_unicode_ci NOT NULL,
  `dateCommentaire` datetime NOT NULL,
  `reference` varchar(255) COLLATE utf8mb4_unicode_ci NOT NULL,
  `realisation_tache_id` bigint unsigned NOT NULL,
  `formateur_id` bigint unsigned DEFAULT NULL,
  `apprenant_id` bigint unsigned DEFAULT NULL,
  `created_at` timestamp NULL DEFAULT NULL,
  `updated_at` timestamp NULL DEFAULT NULL,
  PRIMARY KEY (`id`),
  UNIQUE KEY `commentaire_realisation_taches_reference_unique` (`reference`),
  KEY `commentaire_realisation_taches_realisation_tache_id_foreign` (`realisation_tache_id`),
  KEY `commentaire_realisation_taches_formateur_id_foreign` (`formateur_id`),
  KEY `commentaire_realisation_taches_apprenant_id_foreign` (`apprenant_id`),
  CONSTRAINT `commentaire_realisation_taches_apprenant_id_foreign` FOREIGN KEY (`apprenant_id`) REFERENCES `apprenants` (`id`) ON DELETE SET NULL,
  CONSTRAINT `commentaire_realisation_taches_formateur_id_foreign` FOREIGN KEY (`formateur_id`) REFERENCES `formateurs` (`id`) ON DELETE SET NULL,
  CONSTRAINT `commentaire_realisation_taches_realisation_tache_id_foreign` FOREIGN KEY (`realisation_tache_id`) REFERENCES `realisation_taches` (`id`) ON DELETE CASCADE
) ENGINE=InnoDB DEFAULT CHARSET=utf8mb4 COLLATE=utf8mb4_unicode_ci;
/*!40101 SET character_set_client = @saved_cs_client */;

--
-- Dumping data for table `commentaire_realisation_taches`
--

LOCK TABLES `commentaire_realisation_taches` WRITE;
/*!40000 ALTER TABLE `commentaire_realisation_taches` DISABLE KEYS */;
/*!40000 ALTER TABLE `commentaire_realisation_taches` ENABLE KEYS */;
UNLOCK TABLES;

--
-- Table structure for table `competence_technology`
--

DROP TABLE IF EXISTS `competence_technology`;
/*!40101 SET @saved_cs_client     = @@character_set_client */;
/*!50503 SET character_set_client = utf8mb4 */;
CREATE TABLE `competence_technology` (
  `created_at` timestamp NULL DEFAULT NULL,
  `updated_at` timestamp NULL DEFAULT NULL,
  `technology_id` bigint unsigned NOT NULL,
  `competence_id` bigint unsigned NOT NULL,
  KEY `competence_technology_technology_id_foreign` (`technology_id`),
  KEY `competence_technology_competence_id_foreign` (`competence_id`),
  CONSTRAINT `competence_technology_competence_id_foreign` FOREIGN KEY (`competence_id`) REFERENCES `competences` (`id`),
  CONSTRAINT `competence_technology_technology_id_foreign` FOREIGN KEY (`technology_id`) REFERENCES `technologies` (`id`)
) ENGINE=InnoDB DEFAULT CHARSET=utf8mb4 COLLATE=utf8mb4_unicode_ci;
/*!40101 SET character_set_client = @saved_cs_client */;

--
-- Dumping data for table `competence_technology`
--

LOCK TABLES `competence_technology` WRITE;
/*!40000 ALTER TABLE `competence_technology` DISABLE KEYS */;
INSERT INTO `competence_technology` VALUES (NULL,NULL,65,8),(NULL,NULL,1,9),(NULL,NULL,4,9),(NULL,NULL,7,9);
/*!40000 ALTER TABLE `competence_technology` ENABLE KEYS */;
UNLOCK TABLES;

--
-- Table structure for table `competences`
--

DROP TABLE IF EXISTS `competences`;
/*!40101 SET @saved_cs_client     = @@character_set_client */;
/*!50503 SET character_set_client = utf8mb4 */;
CREATE TABLE `competences` (
  `id` bigint unsigned NOT NULL AUTO_INCREMENT,
  `code` varchar(255) CHARACTER SET utf8mb4 COLLATE utf8mb4_unicode_ci NOT NULL,
  `mini_code` varchar(255) CHARACTER SET utf8mb4 COLLATE utf8mb4_unicode_ci DEFAULT NULL,
  `nom` varchar(255) CHARACTER SET utf8mb4 COLLATE utf8mb4_unicode_ci NOT NULL,
  `description` longtext CHARACTER SET utf8mb4 COLLATE utf8mb4_unicode_ci,
  `created_at` timestamp NULL DEFAULT NULL,
  `updated_at` timestamp NULL DEFAULT NULL,
  `module_id` bigint unsigned NOT NULL,
  `reference` varchar(255) CHARACTER SET utf8mb4 COLLATE utf8mb4_unicode_ci NOT NULL,
  PRIMARY KEY (`id`),
  UNIQUE KEY `competences_reference_unique` (`reference`),
  KEY `competences_module_id_foreign` (`module_id`),
  CONSTRAINT `competences_module_id_foreign` FOREIGN KEY (`module_id`) REFERENCES `modules` (`id`)
) ENGINE=InnoDB AUTO_INCREMENT=16 DEFAULT CHARSET=utf8mb4 COLLATE=utf8mb4_unicode_ci;
/*!40101 SET character_set_client = @saved_cs_client */;

--
-- Dumping data for table `competences`
--

LOCK TABLES `competences` WRITE;
/*!40000 ALTER TABLE `competences` DISABLE KEYS */;
INSERT INTO `competences` VALUES (1,'C1','Maquettage','Maquetter une application mobile','Création et design des interfaces utilisateur pour une application mobile en utilisant des outils de maquette.','2025-02-19 06:39:28','2025-02-19 06:39:28',2,'183c36db-57cd-4ef3-ba4b-b09be5ff56d1'),(2,'C2','Database','Manipuler une base de données - perfectionnement','Approfondissement des concepts de gestion et manipulation des bases de données pour les applications mobiles.','2025-02-19 06:39:28','2025-02-19 06:39:28',4,'13916b58-9c54-4915-b0f6-adda3597a888'),(3,'C3','Back-end','Développer la partie back-end d’une application web ou web mobile - perfectionnement','Conception et développement des services backend pour les applications, avec un focus sur l\'intégration et l\'optimisation.','2025-02-19 06:39:28','2025-02-19 06:39:28',5,'8c2d7eb3-7de7-4054-8d2d-799597efcbb1'),(4,'C4','Gestion projet','Collaborer à la gestion d’un projet informatique et à l’organisation de l’environnement de développement - perfectionnement','Techniques avancées pour participer efficacement à la gestion de projet et au développement collaboratif.','2025-02-19 06:39:28','2025-02-19 06:39:28',3,'ed8dca25-9173-44e1-baf6-51e8225a46f5'),(5,'C5','Mobile','Développer une application mobile native, avec Android et React Native','Développement d’applications mobiles natives en utilisant Android et React Native.','2025-02-19 06:39:28','2025-02-19 06:39:28',6,'d42caf8b-1109-4fbb-a3e8-ed649671a184'),(6,'C6','Test','Préparer et exécuter les plans de tests d’une application','Mise en œuvre de tests automatisés et manuels pour assurer la qualité des applications.','2025-02-19 06:39:28','2025-02-19 06:39:28',5,'8cd1264a-3471-44af-a815-97f20fc68fde'),(7,'C7','Déploiement','Préparer et exécuter le déploiement d’une application web et mobile - perfectionnement','Étapes pour préparer, tester, et déployer une application sur les environnements de production.','2025-02-19 06:39:28','2025-02-19 06:39:28',7,'9115296c-3621-4283-a6a0-9657e88d6790'),(8,'C1','Maquettage','Maquetter une application',NULL,'2025-02-21 11:21:08','2025-02-26 08:37:35',12,'0393fd36-3f1e-4810-b959-d550f8061475'),(9,'C2','Front-end','Réaliser une interface utilisateur web statique et adaptable',NULL,'2025-02-21 11:22:14','2025-02-26 08:38:22',14,'31166e44-6427-4576-832e-3977686c6b11'),(10,'C3','Développer une interface utilisateur','Développer une interface utilisateur web dynamique',NULL,'2025-02-21 11:22:33','2025-02-26 08:40:43',14,'96e598e7-4147-4f13-ab19-ecc390fb5b8c'),(11,'C5','Database','Créer une base de données - niveau 1',NULL,'2025-02-21 11:23:20','2025-02-26 08:38:51',15,'6aec3b9e-f6fc-4e1a-82ff-c1d8e740ab90'),(12,'C6','Développer les composants d’accès','Développer les composants d’accès aux données - niveau 1',NULL,'2025-02-21 11:23:34','2025-02-26 08:40:27',15,'6e60eef5-5b1e-4371-bc9f-7ec0cec9f328'),(13,'C7','Développer la partie back-end','Développer la partie back-end d’une application web ou web mobile - niveau 1',NULL,'2025-02-21 11:23:47','2025-02-26 08:40:18',15,'38c03e96-51b4-4a52-9c0a-262a438cc529'),(14,'C4','WordPres','Réaliser une interface utilisateur avec une solution de gestion de contenu ou e-commerce',NULL,'2025-02-21 11:26:09','2025-02-26 08:41:24',16,'899a78ef-fe70-437e-a475-6362083e11ba'),(15,'C8','Framwork FrontEnd','Framwork FrontEnd (React, vueJs...)',NULL,'2025-02-21 11:26:40','2025-02-26 08:41:35',16,'29b5ae2b-a67b-453b-b59b-316d39e51e2f');
/*!40000 ALTER TABLE `competences` ENABLE KEYS */;
UNLOCK TABLES;

--
-- Table structure for table `dependance_taches`
--

DROP TABLE IF EXISTS `dependance_taches`;
/*!40101 SET @saved_cs_client     = @@character_set_client */;
/*!50503 SET character_set_client = utf8mb4 */;
CREATE TABLE `dependance_taches` (
  `id` bigint unsigned NOT NULL AUTO_INCREMENT,
  `reference` varchar(255) COLLATE utf8mb4_unicode_ci NOT NULL,
  `tache_id` bigint unsigned NOT NULL,
  `tache_cible_id` bigint unsigned NOT NULL,
  `type_dependance_tache_id` bigint unsigned DEFAULT NULL,
  `created_at` timestamp NULL DEFAULT NULL,
  `updated_at` timestamp NULL DEFAULT NULL,
  PRIMARY KEY (`id`),
  UNIQUE KEY `dependance_taches_reference_unique` (`reference`),
  KEY `dependance_taches_tache_id_foreign` (`tache_id`),
  KEY `dependance_taches_tache_cible_id_foreign` (`tache_cible_id`),
  KEY `dependance_taches_type_dependance_tache_id_foreign` (`type_dependance_tache_id`),
  CONSTRAINT `dependance_taches_tache_cible_id_foreign` FOREIGN KEY (`tache_cible_id`) REFERENCES `taches` (`id`) ON DELETE CASCADE,
  CONSTRAINT `dependance_taches_tache_id_foreign` FOREIGN KEY (`tache_id`) REFERENCES `taches` (`id`) ON DELETE CASCADE,
  CONSTRAINT `dependance_taches_type_dependance_tache_id_foreign` FOREIGN KEY (`type_dependance_tache_id`) REFERENCES `type_dependance_taches` (`id`) ON DELETE SET NULL
) ENGINE=InnoDB DEFAULT CHARSET=utf8mb4 COLLATE=utf8mb4_unicode_ci;
/*!40101 SET character_set_client = @saved_cs_client */;

--
-- Dumping data for table `dependance_taches`
--

LOCK TABLES `dependance_taches` WRITE;
/*!40000 ALTER TABLE `dependance_taches` DISABLE KEYS */;
/*!40000 ALTER TABLE `dependance_taches` ENABLE KEYS */;
UNLOCK TABLES;

--
-- Table structure for table `e_data_fields`
--

DROP TABLE IF EXISTS `e_data_fields`;
/*!40101 SET @saved_cs_client     = @@character_set_client */;
/*!50503 SET character_set_client = utf8mb4 */;
CREATE TABLE `e_data_fields` (
  `id` bigint unsigned NOT NULL AUTO_INCREMENT,
  `reference` varchar(255) CHARACTER SET utf8mb4 COLLATE utf8mb4_unicode_ci NOT NULL,
  `name` varchar(255) CHARACTER SET utf8mb4 COLLATE utf8mb4_unicode_ci NOT NULL,
  `column_name` varchar(255) CHARACTER SET utf8mb4 COLLATE utf8mb4_unicode_ci NOT NULL,
  `data_type` varchar(255) CHARACTER SET utf8mb4 COLLATE utf8mb4_unicode_ci NOT NULL,
  `field_order` int NOT NULL,
  `db_nullable` tinyint(1) NOT NULL,
  `db_primaryKey` tinyint(1) NOT NULL,
  `db_unique` tinyint(1) NOT NULL,
  `default_value` varchar(255) CHARACTER SET utf8mb4 COLLATE utf8mb4_unicode_ci DEFAULT NULL,
  `description` longtext CHARACTER SET utf8mb4 COLLATE utf8mb4_unicode_ci,
  `e_model_id` bigint unsigned NOT NULL,
  `e_relationship_id` bigint unsigned DEFAULT NULL,
  `created_at` timestamp NULL DEFAULT NULL,
  `updated_at` timestamp NULL DEFAULT NULL,
  PRIMARY KEY (`id`),
  UNIQUE KEY `e_data_fields_reference_unique` (`reference`),
  KEY `e_data_fields_e_model_id_foreign` (`e_model_id`),
  KEY `e_data_fields_e_relationship_id_foreign` (`e_relationship_id`),
  CONSTRAINT `e_data_fields_e_model_id_foreign` FOREIGN KEY (`e_model_id`) REFERENCES `e_models` (`id`) ON DELETE CASCADE,
  CONSTRAINT `e_data_fields_e_relationship_id_foreign` FOREIGN KEY (`e_relationship_id`) REFERENCES `e_relationships` (`id`) ON DELETE CASCADE
) ENGINE=InnoDB DEFAULT CHARSET=utf8mb4 COLLATE=utf8mb4_unicode_ci;
/*!40101 SET character_set_client = @saved_cs_client */;

--
-- Dumping data for table `e_data_fields`
--

LOCK TABLES `e_data_fields` WRITE;
/*!40000 ALTER TABLE `e_data_fields` DISABLE KEYS */;
/*!40000 ALTER TABLE `e_data_fields` ENABLE KEYS */;
UNLOCK TABLES;

--
-- Table structure for table `e_metadata`
--

DROP TABLE IF EXISTS `e_metadata`;
/*!40101 SET @saved_cs_client     = @@character_set_client */;
/*!50503 SET character_set_client = utf8mb4 */;
CREATE TABLE `e_metadata` (
  `id` bigint unsigned NOT NULL AUTO_INCREMENT,
  `reference` varchar(255) CHARACTER SET utf8mb4 COLLATE utf8mb4_unicode_ci NOT NULL,
  `value_boolean` tinyint(1) DEFAULT NULL,
  `value_string` varchar(255) CHARACTER SET utf8mb4 COLLATE utf8mb4_unicode_ci DEFAULT NULL,
  `value_integer` int DEFAULT NULL,
  `value_float` double DEFAULT NULL,
  `value_date` date DEFAULT NULL,
  `value_datetime` datetime DEFAULT NULL,
  `value_enum` varchar(255) CHARACTER SET utf8mb4 COLLATE utf8mb4_unicode_ci DEFAULT NULL,
  `value_json` json DEFAULT NULL,
  `value_text` text CHARACTER SET utf8mb4 COLLATE utf8mb4_unicode_ci,
  `e_model_id` bigint unsigned DEFAULT NULL,
  `e_data_field_id` bigint unsigned DEFAULT NULL,
  `e_metadata_definition_id` bigint unsigned NOT NULL,
  `created_at` timestamp NULL DEFAULT NULL,
  `updated_at` timestamp NULL DEFAULT NULL,
  PRIMARY KEY (`id`),
  UNIQUE KEY `e_metadata_reference_unique` (`reference`),
  KEY `e_metadata_e_model_id_foreign` (`e_model_id`),
  KEY `e_metadata_e_data_field_id_foreign` (`e_data_field_id`),
  KEY `e_metadata_e_metadata_definition_id_foreign` (`e_metadata_definition_id`),
  CONSTRAINT `e_metadata_e_data_field_id_foreign` FOREIGN KEY (`e_data_field_id`) REFERENCES `e_data_fields` (`id`) ON DELETE CASCADE,
  CONSTRAINT `e_metadata_e_metadata_definition_id_foreign` FOREIGN KEY (`e_metadata_definition_id`) REFERENCES `e_metadata_definitions` (`id`) ON DELETE CASCADE,
  CONSTRAINT `e_metadata_e_model_id_foreign` FOREIGN KEY (`e_model_id`) REFERENCES `e_models` (`id`) ON DELETE CASCADE
) ENGINE=InnoDB DEFAULT CHARSET=utf8mb4 COLLATE=utf8mb4_unicode_ci;
/*!40101 SET character_set_client = @saved_cs_client */;

--
-- Dumping data for table `e_metadata`
--

LOCK TABLES `e_metadata` WRITE;
/*!40000 ALTER TABLE `e_metadata` DISABLE KEYS */;
/*!40000 ALTER TABLE `e_metadata` ENABLE KEYS */;
UNLOCK TABLES;

--
-- Table structure for table `e_metadata_definitions`
--

DROP TABLE IF EXISTS `e_metadata_definitions`;
/*!40101 SET @saved_cs_client     = @@character_set_client */;
/*!50503 SET character_set_client = utf8mb4 */;
CREATE TABLE `e_metadata_definitions` (
  `id` bigint unsigned NOT NULL AUTO_INCREMENT,
  `reference` varchar(255) CHARACTER SET utf8mb4 COLLATE utf8mb4_unicode_ci NOT NULL,
  `name` varchar(255) CHARACTER SET utf8mb4 COLLATE utf8mb4_unicode_ci NOT NULL,
  `groupe` varchar(255) CHARACTER SET utf8mb4 COLLATE utf8mb4_unicode_ci NOT NULL,
  `type` varchar(255) CHARACTER SET utf8mb4 COLLATE utf8mb4_unicode_ci NOT NULL,
  `scope` varchar(255) CHARACTER SET utf8mb4 COLLATE utf8mb4_unicode_ci NOT NULL,
  `description` longtext CHARACTER SET utf8mb4 COLLATE utf8mb4_unicode_ci,
  `default_value` varchar(255) CHARACTER SET utf8mb4 COLLATE utf8mb4_unicode_ci DEFAULT NULL,
  `created_at` timestamp NULL DEFAULT NULL,
  `updated_at` timestamp NULL DEFAULT NULL,
  PRIMARY KEY (`id`),
  UNIQUE KEY `e_metadata_definitions_reference_unique` (`reference`)
) ENGINE=InnoDB DEFAULT CHARSET=utf8mb4 COLLATE=utf8mb4_unicode_ci;
/*!40101 SET character_set_client = @saved_cs_client */;

--
-- Dumping data for table `e_metadata_definitions`
--

LOCK TABLES `e_metadata_definitions` WRITE;
/*!40000 ALTER TABLE `e_metadata_definitions` DISABLE KEYS */;
/*!40000 ALTER TABLE `e_metadata_definitions` ENABLE KEYS */;
UNLOCK TABLES;

--
-- Table structure for table `e_models`
--

DROP TABLE IF EXISTS `e_models`;
/*!40101 SET @saved_cs_client     = @@character_set_client */;
/*!50503 SET character_set_client = utf8mb4 */;
CREATE TABLE `e_models` (
  `id` bigint unsigned NOT NULL AUTO_INCREMENT,
  `reference` varchar(255) CHARACTER SET utf8mb4 COLLATE utf8mb4_unicode_ci NOT NULL,
  `name` varchar(255) CHARACTER SET utf8mb4 COLLATE utf8mb4_unicode_ci NOT NULL,
  `table_name` varchar(255) CHARACTER SET utf8mb4 COLLATE utf8mb4_unicode_ci NOT NULL,
  `icon` varchar(255) CHARACTER SET utf8mb4 COLLATE utf8mb4_unicode_ci DEFAULT NULL,
  `is_pivot_table` tinyint(1) NOT NULL,
  `description` longtext CHARACTER SET utf8mb4 COLLATE utf8mb4_unicode_ci,
  `e_package_id` bigint unsigned NOT NULL,
  `created_at` timestamp NULL DEFAULT NULL,
  `updated_at` timestamp NULL DEFAULT NULL,
  PRIMARY KEY (`id`),
  UNIQUE KEY `e_models_reference_unique` (`reference`),
  KEY `e_models_e_package_id_foreign` (`e_package_id`),
  CONSTRAINT `e_models_e_package_id_foreign` FOREIGN KEY (`e_package_id`) REFERENCES `e_packages` (`id`) ON DELETE CASCADE
) ENGINE=InnoDB DEFAULT CHARSET=utf8mb4 COLLATE=utf8mb4_unicode_ci;
/*!40101 SET character_set_client = @saved_cs_client */;

--
-- Dumping data for table `e_models`
--

LOCK TABLES `e_models` WRITE;
/*!40000 ALTER TABLE `e_models` DISABLE KEYS */;
/*!40000 ALTER TABLE `e_models` ENABLE KEYS */;
UNLOCK TABLES;

--
-- Table structure for table `e_packages`
--

DROP TABLE IF EXISTS `e_packages`;
/*!40101 SET @saved_cs_client     = @@character_set_client */;
/*!50503 SET character_set_client = utf8mb4 */;
CREATE TABLE `e_packages` (
  `id` bigint unsigned NOT NULL AUTO_INCREMENT,
  `reference` varchar(255) CHARACTER SET utf8mb4 COLLATE utf8mb4_unicode_ci NOT NULL,
  `name` varchar(255) CHARACTER SET utf8mb4 COLLATE utf8mb4_unicode_ci NOT NULL,
  `description` longtext CHARACTER SET utf8mb4 COLLATE utf8mb4_unicode_ci,
  `created_at` timestamp NULL DEFAULT NULL,
  `updated_at` timestamp NULL DEFAULT NULL,
  PRIMARY KEY (`id`),
  UNIQUE KEY `e_packages_reference_unique` (`reference`)
) ENGINE=InnoDB DEFAULT CHARSET=utf8mb4 COLLATE=utf8mb4_unicode_ci;
/*!40101 SET character_set_client = @saved_cs_client */;

--
-- Dumping data for table `e_packages`
--

LOCK TABLES `e_packages` WRITE;
/*!40000 ALTER TABLE `e_packages` DISABLE KEYS */;
/*!40000 ALTER TABLE `e_packages` ENABLE KEYS */;
UNLOCK TABLES;

--
-- Table structure for table `e_relationships`
--

DROP TABLE IF EXISTS `e_relationships`;
/*!40101 SET @saved_cs_client     = @@character_set_client */;
/*!50503 SET character_set_client = utf8mb4 */;
CREATE TABLE `e_relationships` (
  `id` bigint unsigned NOT NULL AUTO_INCREMENT,
  `reference` varchar(255) CHARACTER SET utf8mb4 COLLATE utf8mb4_unicode_ci NOT NULL,
  `name` varchar(255) CHARACTER SET utf8mb4 COLLATE utf8mb4_unicode_ci NOT NULL,
  `type` varchar(255) CHARACTER SET utf8mb4 COLLATE utf8mb4_unicode_ci NOT NULL,
  `source_e_model_id` bigint unsigned NOT NULL,
  `target_e_model_id` bigint unsigned NOT NULL,
  `cascade_on_delete` tinyint(1) NOT NULL DEFAULT '0',
  `is_cascade` tinyint(1) NOT NULL DEFAULT '0',
  `description` longtext CHARACTER SET utf8mb4 COLLATE utf8mb4_unicode_ci,
  `column_name` varchar(255) CHARACTER SET utf8mb4 COLLATE utf8mb4_unicode_ci DEFAULT NULL,
  `referenced_table` varchar(255) CHARACTER SET utf8mb4 COLLATE utf8mb4_unicode_ci DEFAULT NULL,
  `referenced_column` varchar(255) CHARACTER SET utf8mb4 COLLATE utf8mb4_unicode_ci DEFAULT NULL,
  `through` varchar(255) CHARACTER SET utf8mb4 COLLATE utf8mb4_unicode_ci DEFAULT NULL,
  `with_column` varchar(255) CHARACTER SET utf8mb4 COLLATE utf8mb4_unicode_ci DEFAULT NULL,
  `morph_name` varchar(255) CHARACTER SET utf8mb4 COLLATE utf8mb4_unicode_ci DEFAULT NULL,
  `created_at` timestamp NULL DEFAULT NULL,
  `updated_at` timestamp NULL DEFAULT NULL,
  PRIMARY KEY (`id`),
  UNIQUE KEY `e_relationships_reference_unique` (`reference`),
  KEY `e_relationships_source_e_model_id_foreign` (`source_e_model_id`),
  KEY `e_relationships_target_e_model_id_foreign` (`target_e_model_id`),
  CONSTRAINT `e_relationships_source_e_model_id_foreign` FOREIGN KEY (`source_e_model_id`) REFERENCES `e_models` (`id`) ON DELETE CASCADE,
  CONSTRAINT `e_relationships_target_e_model_id_foreign` FOREIGN KEY (`target_e_model_id`) REFERENCES `e_models` (`id`) ON DELETE CASCADE
) ENGINE=InnoDB DEFAULT CHARSET=utf8mb4 COLLATE=utf8mb4_unicode_ci;
/*!40101 SET character_set_client = @saved_cs_client */;

--
-- Dumping data for table `e_relationships`
--

LOCK TABLES `e_relationships` WRITE;
/*!40000 ALTER TABLE `e_relationships` DISABLE KEYS */;
/*!40000 ALTER TABLE `e_relationships` ENABLE KEYS */;
UNLOCK TABLES;

--
-- Table structure for table `etat_realisation_taches`
--

DROP TABLE IF EXISTS `etat_realisation_taches`;
/*!40101 SET @saved_cs_client     = @@character_set_client */;
/*!50503 SET character_set_client = utf8mb4 */;
CREATE TABLE `etat_realisation_taches` (
  `id` bigint unsigned NOT NULL AUTO_INCREMENT,
  `nom` varchar(255) COLLATE utf8mb4_unicode_ci NOT NULL,
  `description` longtext COLLATE utf8mb4_unicode_ci,
  `is_editable_only_by_formateur` tinyint(1) DEFAULT '0',
  `reference` varchar(255) COLLATE utf8mb4_unicode_ci NOT NULL,
  `formateur_id` bigint unsigned NOT NULL,
  `sys_color_id` bigint unsigned NOT NULL,
  `created_at` timestamp NULL DEFAULT NULL,
  `updated_at` timestamp NULL DEFAULT NULL,
  PRIMARY KEY (`id`),
  UNIQUE KEY `etat_realisation_taches_reference_unique` (`reference`),
  KEY `etat_realisation_taches_formateur_id_foreign` (`formateur_id`),
  KEY `etat_realisation_taches_sys_color_id_foreign` (`sys_color_id`),
  CONSTRAINT `etat_realisation_taches_formateur_id_foreign` FOREIGN KEY (`formateur_id`) REFERENCES `formateurs` (`id`) ON DELETE CASCADE,
  CONSTRAINT `etat_realisation_taches_sys_color_id_foreign` FOREIGN KEY (`sys_color_id`) REFERENCES `sys_colors` (`id`)
) ENGINE=InnoDB AUTO_INCREMENT=7 DEFAULT CHARSET=utf8mb4 COLLATE=utf8mb4_unicode_ci;
/*!40101 SET character_set_client = @saved_cs_client */;

--
-- Dumping data for table `etat_realisation_taches`
--

LOCK TABLES `etat_realisation_taches` WRITE;
/*!40000 ALTER TABLE `etat_realisation_taches` DISABLE KEYS */;
INSERT INTO `etat_realisation_taches` VALUES (1,'En cours',NULL,0,'a2c1226b-7b7f-4703-8dc5-5692787de0bb',1,3,'2025-03-03 09:46:49','2025-03-03 09:46:49'),(2,'En validation',NULL,0,'703854dd-fd6b-474c-a26b-e99e353c52e4',1,5,'2025-03-03 09:46:59','2025-03-03 09:46:59'),(3,'Terminée',NULL,0,'eb3968c1-7382-424b-8124-3a10affd611d',1,1,'2025-03-03 09:47:33','2025-03-03 09:47:33'),(4,'En live coding',NULL,0,'b2b5cc90-4bba-40ef-a80f-3693ab82aaab',1,4,'2025-03-03 09:47:56','2025-03-03 09:47:56'),(5,'En présentation',NULL,0,'b28abc56-81e8-4b2e-811b-2558142f202f',1,4,'2025-03-03 09:48:07','2025-03-03 09:48:07'),(6,'En pause',NULL,0,'88284771-4247-4215-a003-7639d6526d7a',1,6,'2025-03-03 10:26:40','2025-03-03 10:26:40');
/*!40000 ALTER TABLE `etat_realisation_taches` ENABLE KEYS */;
UNLOCK TABLES;

--
-- Table structure for table `etats_realisation_projets`
--

DROP TABLE IF EXISTS `etats_realisation_projets`;
/*!40101 SET @saved_cs_client     = @@character_set_client */;
/*!50503 SET character_set_client = utf8mb4 */;
CREATE TABLE `etats_realisation_projets` (
  `id` bigint unsigned NOT NULL AUTO_INCREMENT,
  `titre` varchar(255) CHARACTER SET utf8mb4 COLLATE utf8mb4_unicode_ci NOT NULL,
  `description` longtext CHARACTER SET utf8mb4 COLLATE utf8mb4_unicode_ci,
  `formateur_id` bigint unsigned NOT NULL,
  `reference` varchar(255) CHARACTER SET utf8mb4 COLLATE utf8mb4_unicode_ci NOT NULL,
  `is_editable_by_formateur` tinyint(1) NOT NULL DEFAULT '0',
  `created_at` timestamp NULL DEFAULT NULL,
  `updated_at` timestamp NULL DEFAULT NULL,
  PRIMARY KEY (`id`),
  UNIQUE KEY `etats_realisation_projets_reference_unique` (`reference`),
  KEY `etats_realisation_projets_formateur_id_foreign` (`formateur_id`),
  CONSTRAINT `etats_realisation_projets_formateur_id_foreign` FOREIGN KEY (`formateur_id`) REFERENCES `formateurs` (`id`) ON DELETE CASCADE
) ENGINE=InnoDB AUTO_INCREMENT=21 DEFAULT CHARSET=utf8mb4 COLLATE=utf8mb4_unicode_ci;
/*!40101 SET character_set_client = @saved_cs_client */;

--
-- Dumping data for table `etats_realisation_projets`
--

LOCK TABLES `etats_realisation_projets` WRITE;
/*!40000 ALTER TABLE `etats_realisation_projets` DISABLE KEYS */;
INSERT INTO `etats_realisation_projets` VALUES (1,'En cours','Le projet est en cours de réalisation.',1,'a06d6db2-9e5c-47bc-ba6f-c6aa90f2d700',0,'2025-02-19 06:39:35','2025-02-19 06:39:35'),(2,'Terminé','Le projet a été finalisé avec succès.',1,'2d4cbda3-f546-44a9-a273-c4eec4483d52',0,'2025-02-19 06:39:35','2025-02-19 06:39:35'),(3,'Annulé','Le projet a été abandonné ou annulé.',1,'6aea202a-2f94-4d88-99e1-0c5eb89854e4',0,'2025-02-19 06:39:35','2025-02-19 06:39:35'),(4,'En cours','Le projet est en cours de réalisation.',2,'c94b3f42-78a7-43bb-992d-500592a164d4',0,'2025-02-19 06:39:36','2025-02-19 06:39:36'),(5,'Terminé','Le projet a été finalisé avec succès.',2,'61255872-16e9-4a46-ab70-da1e69aafaa6',0,'2025-02-19 06:39:36','2025-02-19 06:39:36'),(6,'Annulé','Le projet a été abandonné ou annulé.',2,'1f87c622-6071-45f0-9a63-da738ad1b2f5',0,'2025-02-19 06:39:36','2025-02-19 06:39:36'),(7,'En cours','Le projet est en cours de réalisation.',3,'d1301bcf-4450-4e89-a17a-91f4631e182d',0,'2025-02-19 06:39:36','2025-02-19 06:39:36'),(8,'Terminé','Le projet a été finalisé avec succès.',3,'c5d43639-2bed-4d9c-bf49-dbead71bb4bb',0,'2025-02-19 06:39:36','2025-02-19 06:39:36'),(9,'A faire','Le projet n\'a pas été encore commencé.',3,'707e28c5-2a5a-4385-83fd-4df2aa66fa7d',0,'2025-02-19 06:39:36','2025-02-25 13:00:01'),(10,'En cours','Le projet est en cours de réalisation.',4,'ae92f58a-57ae-4e88-81b9-35653f02ef41',0,'2025-02-19 06:39:36','2025-02-19 06:39:36'),(11,'Terminé','Le projet a été finalisé avec succès.',4,'92f0d43c-0182-46b0-ac11-9bb580a4d2c2',0,'2025-02-19 06:39:36','2025-02-19 06:39:36'),(12,'Annulé','Le projet a été abandonné ou annulé.',4,'975413f5-91a9-4302-8972-9d8bd489beac',0,'2025-02-19 06:39:36','2025-02-19 06:39:36'),(13,'En cours','Le projet est en cours de réalisation.',5,'713b1a98-c6b2-40d7-a99f-420390a6bc5e',0,'2025-02-19 06:39:37','2025-02-19 06:39:37'),(14,'Terminé','Le projet a été finalisé avec succès.',5,'76b05498-aaa8-4a25-acb8-6367b5a82aac',0,'2025-02-19 06:39:37','2025-02-19 06:39:37'),(15,'Annulé','Le projet a été abandonné ou annulé.',5,'613fc1ec-cc80-4844-87e8-6f8c3bf5d6e2',0,'2025-02-19 06:39:37','2025-02-19 06:39:37'),(16,'En validation',NULL,1,'50b56f73-14d5-4944-8196-faf321f6f538',0,'2025-02-19 09:18:56','2025-02-19 09:18:56'),(17,'En pause',NULL,1,'d260485e-04b7-427a-a271-6f63a98f3db9',0,'2025-02-19 09:19:05','2025-02-19 09:19:05'),(18,'En présentation',NULL,1,'9fe2bb41-747c-408b-b371-1d754c49f7d2',0,'2025-02-19 09:19:12','2025-02-19 09:19:12'),(19,'À réviser','Le projet a été examiné par le formateur et contient des remarques nécessitant l\'attention de l\'apprenant. Des corrections ou des améliorations sont attendues avant validation finale. L\'apprenant doit consulter les retours et apporter les modifications demandées.',1,'9f140fab-c586-4534-8195-d0294e035dd7',0,'2025-02-26 09:05:47','2025-02-26 09:05:47'),(20,'En pause par le formateur',NULL,1,'7e05cb4e-9f1a-42c9-ae89-b801cdc787b2',1,'2025-03-03 10:08:53','2025-03-03 10:08:53');
/*!40000 ALTER TABLE `etats_realisation_projets` ENABLE KEYS */;
UNLOCK TABLES;

--
-- Table structure for table `failed_jobs`
--

DROP TABLE IF EXISTS `failed_jobs`;
/*!40101 SET @saved_cs_client     = @@character_set_client */;
/*!50503 SET character_set_client = utf8mb4 */;
CREATE TABLE `failed_jobs` (
  `id` bigint unsigned NOT NULL AUTO_INCREMENT,
  `uuid` varchar(255) CHARACTER SET utf8mb4 COLLATE utf8mb4_unicode_ci NOT NULL,
  `connection` longtext CHARACTER SET utf8mb4 COLLATE utf8mb4_unicode_ci NOT NULL,
  `queue` longtext CHARACTER SET utf8mb4 COLLATE utf8mb4_unicode_ci NOT NULL,
  `payload` longtext CHARACTER SET utf8mb4 COLLATE utf8mb4_unicode_ci NOT NULL,
  `exception` longtext CHARACTER SET utf8mb4 COLLATE utf8mb4_unicode_ci NOT NULL,
  `failed_at` timestamp NOT NULL DEFAULT CURRENT_TIMESTAMP,
  PRIMARY KEY (`id`),
  UNIQUE KEY `failed_jobs_uuid_unique` (`uuid`)
) ENGINE=InnoDB DEFAULT CHARSET=utf8mb4 COLLATE=utf8mb4_unicode_ci;
/*!40101 SET character_set_client = @saved_cs_client */;

--
-- Dumping data for table `failed_jobs`
--

LOCK TABLES `failed_jobs` WRITE;
/*!40000 ALTER TABLE `failed_jobs` DISABLE KEYS */;
/*!40000 ALTER TABLE `failed_jobs` ENABLE KEYS */;
UNLOCK TABLES;

--
-- Table structure for table `feature_domains`
--

DROP TABLE IF EXISTS `feature_domains`;
/*!40101 SET @saved_cs_client     = @@character_set_client */;
/*!50503 SET character_set_client = utf8mb4 */;
CREATE TABLE `feature_domains` (
  `id` bigint unsigned NOT NULL AUTO_INCREMENT,
  `name` varchar(255) CHARACTER SET utf8mb4 COLLATE utf8mb4_unicode_ci NOT NULL,
  `slug` varchar(255) CHARACTER SET utf8mb4 COLLATE utf8mb4_unicode_ci NOT NULL,
  `description` longtext CHARACTER SET utf8mb4 COLLATE utf8mb4_unicode_ci,
  `sys_module_id` bigint unsigned NOT NULL,
  `reference` varchar(255) CHARACTER SET utf8mb4 COLLATE utf8mb4_unicode_ci NOT NULL,
  `created_at` timestamp NULL DEFAULT NULL,
  `updated_at` timestamp NULL DEFAULT NULL,
  PRIMARY KEY (`id`),
  UNIQUE KEY `feature_domains_name_unique` (`name`),
  UNIQUE KEY `feature_domains_slug_unique` (`slug`),
  UNIQUE KEY `feature_domains_reference_unique` (`reference`),
  KEY `feature_domains_sys_module_id_foreign` (`sys_module_id`),
  CONSTRAINT `feature_domains_sys_module_id_foreign` FOREIGN KEY (`sys_module_id`) REFERENCES `sys_modules` (`id`) ON DELETE CASCADE
) ENGINE=InnoDB AUTO_INCREMENT=55 DEFAULT CHARSET=utf8mb4 COLLATE=utf8mb4_unicode_ci;
/*!40101 SET character_set_client = @saved_cs_client */;

--
-- Dumping data for table `feature_domains`
--

LOCK TABLES `feature_domains` WRITE;
/*!40000 ALTER TABLE `feature_domains` DISABLE KEYS */;
INSERT INTO `feature_domains` VALUES (1,'Role','role','Gestion des Role',2,'98f923fe-fda8-4016-a2f7-df3005209d50','2025-02-19 06:38:56','2025-02-19 06:38:56'),(2,'User','user','Gestion des User',2,'80388374-05c4-4101-bc24-a832e8fff3a3','2025-02-19 06:38:58','2025-02-19 06:38:58'),(3,'Permission','permission','Gestion des Permission',2,'438a6828-f7f3-424c-a7b1-eebe80ade336','2025-02-19 06:38:58','2025-02-19 06:38:58'),(4,'SysColor','syscolor','Gestion des SysColor',1,'b17412a0-4221-4107-93b2-a0d24f40b520','2025-02-19 06:38:58','2025-02-19 06:38:58'),(5,'SysModule','sysmodule','Gestion des SysModule',1,'d7e55f2f-74e2-461a-90b9-9dfa3ef95163','2025-02-19 06:38:59','2025-02-19 06:38:59'),(6,'SysController','syscontroller','Gestion des SysController',1,'fc25631c-f040-4024-a6fd-f4cd5e74cb05','2025-02-19 06:38:59','2025-02-19 06:38:59'),(7,'FeatureDomain','featuredomain','Gestion des FeatureDomain',1,'5b14ed59-74d2-46d9-80bc-9c5a7d40156b','2025-02-19 06:38:59','2025-02-19 06:38:59'),(8,'Feature','feature','Gestion des Feature',1,'f966ec20-2f17-4d7e-8024-673ae4c27b52','2025-02-19 06:39:00','2025-02-19 06:39:00'),(9,'ApprenantKonosy','apprenantkonosy','Gestion des ApprenantKonosy',8,'90e22bfd-4a86-430e-be6d-caabb90b76f4','2025-02-19 06:39:26','2025-02-19 06:39:26'),(10,'Filiere','filiere','Gestion des Filiere',9,'f67b2ce0-ddd4-46ab-8eba-b5d08257cdc1','2025-02-19 06:39:27','2025-02-19 06:39:27'),(11,'Module','module','Gestion des Module',9,'fe1ce2dd-1500-4d07-ba5b-e23dfd6fa97b','2025-02-19 06:39:27','2025-02-19 06:39:27'),(12,'CategoryTechnology','categorytechnology','Gestion des CategoryTechnology',4,'bd7da8a0-29ee-4daf-bb9a-7c3df2ded7db','2025-02-19 06:39:28','2025-02-19 06:39:28'),(13,'Competence','competence','Gestion des Competence',4,'66620f09-e8e1-48b9-9593-731147c90876','2025-02-19 06:39:28','2025-02-19 06:39:28'),(14,'NiveauCompetence','niveaucompetence','Gestion des NiveauCompetence',4,'3f0ec8df-9076-4bba-8270-246e92a13f68','2025-02-19 06:39:29','2025-02-19 06:39:29'),(15,'Technology','technology','Gestion des Technology',4,'74280dbb-dc4b-4f94-9f1e-d65d5c955a59','2025-02-19 06:39:30','2025-02-19 06:39:30'),(16,'NiveauxScolaire','niveauxscolaire','Gestion des NiveauxScolaire',8,'181fe328-10ed-47cf-abb8-22594841ec6f','2025-02-19 06:39:30','2025-02-19 06:39:30'),(17,'Ville','ville','Gestion des Ville',8,'8e0c1146-cdb6-41eb-94f7-0a5422af23e8','2025-02-19 06:39:31','2025-02-19 06:39:31'),(18,'Nationalite','nationalite','Gestion des Nationalite',8,'aa2661c7-efd4-412c-9b69-1ed51a6ca514','2025-02-19 06:39:31','2025-02-19 06:39:31'),(19,'AnneeFormation','anneeformation','Gestion des AnneeFormation',9,'1369e83c-708d-4133-8b46-11909ccedd9e','2025-02-19 06:39:32','2025-02-19 06:39:32'),(20,'Groupe','groupe','Gestion des Groupe',8,'d36c456c-31e2-4fa2-a5fa-190543c70865','2025-02-19 06:39:32','2025-02-19 06:39:32'),(21,'Apprenant','apprenant','Gestion des Apprenant',8,'fbf80342-013e-41d4-a56e-b2441572e6e3','2025-02-19 06:39:32','2025-02-19 06:39:32'),(22,'Specialite','specialite','Gestion des Specialite',9,'b0194513-e696-4947-9db3-e4531d9b776b','2025-02-19 06:39:33','2025-02-19 06:39:33'),(23,'SysModel','sysmodel','Gestion des SysModel',1,'b37e276a-3e15-4eb3-9e99-0099f9e3d249','2025-02-19 06:39:35','2025-02-19 06:39:35'),(24,'Formateur','formateur','Gestion des Formateur',9,'b40ef016-47ad-4686-9c08-fe2b98f26d66','2025-02-19 06:39:37','2025-02-19 06:39:37'),(25,'WidgetType','widgettype','Gestion des WidgetType',5,'7be57ac7-4fa7-4002-9516-2b398489e80f','2025-02-19 06:39:37','2025-02-19 06:39:37'),(26,'WidgetOperation','widgetoperation','Gestion des WidgetOperation',5,'8d97f4c9-9e2b-4c5c-808e-a6177445fb1a','2025-02-19 06:39:38','2025-02-19 06:39:38'),(27,'Widget','widget','Gestion des Widget',5,'33bacfc1-ddd3-4951-ac0c-c4617867c6c2','2025-02-19 06:39:38','2025-02-19 06:39:38'),(28,'NiveauDifficulte','niveaudifficulte','Gestion des NiveauDifficulte',4,'addc2d6c-4153-4c1b-864b-80db7d9969c7','2025-02-19 06:39:39','2025-02-19 06:39:39'),(29,'NatureLivrable','naturelivrable','Gestion des NatureLivrable',6,'a802612e-1951-4353-8565-ac265ee6c778','2025-02-19 06:39:39','2025-02-19 06:39:39'),(30,'Projet','projet','Gestion des Projet',6,'1118e80d-7299-408e-a5a4-2f453b585dff','2025-02-19 06:39:40','2025-02-19 06:39:40'),(31,'Resource','resource','Gestion des Resource',6,'2f285f77-27b8-4599-8bb8-79be69b5467c','2025-02-19 06:39:40','2025-02-19 06:39:40'),(32,'Livrable','livrable','Gestion des Livrable',6,'fedc5dde-e8de-41c4-b767-5fad27ace1d9','2025-02-19 06:39:41','2025-02-19 06:39:41'),(33,'TransfertCompetence','transfertcompetence','Gestion des TransfertCompetence',6,'81ddd73b-d621-4fd1-95cf-83e4d721e329','2025-02-19 06:39:41','2025-02-19 06:39:41'),(34,'EMetadataDefinition','emetadatadefinition','Gestion des EMetadataDefinition',7,'c106defd-7cca-47a0-bee8-609a462bc326','2025-02-19 06:39:42','2025-02-19 06:39:42'),(35,'EPackage','epackage','Gestion des EPackage',7,'b7bdde5a-7681-41d0-be57-88c2dc193405','2025-02-19 06:39:42','2025-02-19 06:39:42'),(36,'EModel','emodel','Gestion des EModel',7,'26d25449-3a35-46fb-a1be-9740a1f2caf0','2025-02-19 06:39:42','2025-02-19 06:39:42'),(37,'ERelationship','erelationship','Gestion des ERelationship',7,'8f1c523c-4013-46e3-a46e-7893c9cd4417','2025-02-19 06:39:43','2025-02-19 06:39:43'),(38,'EDataField','edatafield','Gestion des EDataField',7,'c799ae57-f860-48be-8b8b-a762f28894cd','2025-02-19 06:39:43','2025-02-19 06:39:43'),(39,'EMetadatum','emetadatum','Gestion des EMetadatum',7,'98b8ce65-f3bb-4e88-91f3-25ac7d509007','2025-02-19 06:39:44','2025-02-19 06:39:44'),(40,'EtatsRealisationProjet','etatsrealisationprojet','Gestion des EtatsRealisationProjet',10,'e2dc30cc-546a-4e6e-8d5a-791d03773aca','2025-02-19 06:39:44','2025-02-19 06:39:44'),(41,'AffectationProjet','affectationprojet','Gestion des AffectationProjet',10,'6afe2e02-2b3d-44c2-926d-80d2c00a539a','2025-02-19 06:39:45','2025-02-19 06:39:45'),(42,'RealisationProjet','realisationprojet','Gestion des RealisationProjet',10,'c57a23e6-1153-479f-b6b1-9b0f867c0fa6','2025-02-19 06:39:45','2025-02-19 06:39:45'),(43,'LivrablesRealisation','livrablesrealisation','Gestion des LivrablesRealisation',10,'8279b83e-19cd-4b8b-bbf0-308237123d79','2025-02-19 06:39:46','2025-02-19 06:39:46'),(44,'Validation','validation','Gestion des Validation',10,'2cf1527a-b1ee-4619-8440-88f0367dfc36','2025-02-19 06:39:46','2025-02-19 06:39:46'),(45,'Profile','profile','Gestion des Profile',2,'40a4db7a-cb54-4a50-976f-f3428e84ae4b','2025-02-19 06:39:46','2025-02-19 06:39:46'),(46,'CommentaireRealisationTache','commentairerealisationtache','Gestion des CommentaireRealisationTache',11,'8a592e03-1e35-4bb5-9bf9-3f3af8ccd890','2025-03-03 09:37:55','2025-03-03 09:37:55'),(47,'DependanceTache','dependancetache','Gestion des DependanceTache',11,'e51d399e-bdf4-448e-85a2-16cde11f196d','2025-03-03 09:38:10','2025-03-03 09:38:10'),(48,'EtatRealisationTache','etatrealisationtache','Gestion des EtatRealisationTache',11,'c2a5dd88-e5dc-4882-aa46-95d2dc6afd60','2025-03-03 09:38:11','2025-03-03 09:38:11'),(49,'HistoriqueRealisationTache','historiquerealisationtache','Gestion des HistoriqueRealisationTache',11,'7cc5d8c2-6d08-4499-a88c-6756d3593c35','2025-03-03 09:38:21','2025-03-03 09:38:21'),(50,'LabelRealisationTache','labelrealisationtache','Gestion des LabelRealisationTache',11,'2015359a-2152-4864-a1dc-e340c4c01cf7','2025-03-03 09:38:22','2025-03-03 09:38:22'),(51,'PrioriteTache','prioritetache','Gestion des PrioriteTache',11,'1148a7cf-475b-46d8-9008-81db5200bf1c','2025-03-03 09:38:22','2025-03-03 09:38:22'),(52,'RealisationTache','realisationtache','Gestion des RealisationTache',11,'08a5b5d5-be69-42cb-a1b5-e295e5b0beed','2025-03-03 09:38:23','2025-03-03 09:38:23'),(53,'Tache','tache','Gestion des Tache',11,'fc1face0-a42a-427c-9326-ffae62a94204','2025-03-03 09:38:24','2025-03-03 09:38:24'),(54,'TypeDependanceTache','typedependancetache','Gestion des TypeDependanceTache',11,'1e864688-17b5-45d9-ac8a-e9c7cf72cbba','2025-03-03 09:38:24','2025-03-03 09:38:24');
/*!40000 ALTER TABLE `feature_domains` ENABLE KEYS */;
UNLOCK TABLES;

--
-- Table structure for table `feature_permission`
--

DROP TABLE IF EXISTS `feature_permission`;
/*!40101 SET @saved_cs_client     = @@character_set_client */;
/*!50503 SET character_set_client = utf8mb4 */;
CREATE TABLE `feature_permission` (
  `id` bigint unsigned NOT NULL AUTO_INCREMENT,
  `feature_id` bigint unsigned NOT NULL,
  `permission_id` bigint unsigned NOT NULL,
  `created_at` timestamp NULL DEFAULT NULL,
  `updated_at` timestamp NULL DEFAULT NULL,
  PRIMARY KEY (`id`),
  KEY `feature_permission_feature_id_foreign` (`feature_id`),
  KEY `feature_permission_permission_id_foreign` (`permission_id`),
  CONSTRAINT `feature_permission_feature_id_foreign` FOREIGN KEY (`feature_id`) REFERENCES `features` (`id`) ON DELETE CASCADE,
  CONSTRAINT `feature_permission_permission_id_foreign` FOREIGN KEY (`permission_id`) REFERENCES `permissions` (`id`) ON DELETE CASCADE
) ENGINE=InnoDB AUTO_INCREMENT=953 DEFAULT CHARSET=utf8mb4 COLLATE=utf8mb4_unicode_ci;
/*!40101 SET character_set_client = @saved_cs_client */;

--
-- Dumping data for table `feature_permission`
--

LOCK TABLES `feature_permission` WRITE;
/*!40000 ALTER TABLE `feature_permission` DISABLE KEYS */;
INSERT INTO `feature_permission` VALUES (1,1,1,NULL,NULL),(2,2,2,NULL,NULL),(3,2,1,NULL,NULL),(4,3,2,NULL,NULL),(5,3,1,NULL,NULL),(6,3,3,NULL,NULL),(7,3,4,NULL,NULL),(8,3,5,NULL,NULL),(9,4,2,NULL,NULL),(10,4,1,NULL,NULL),(11,4,6,NULL,NULL),(12,4,7,NULL,NULL),(13,4,3,NULL,NULL),(14,4,4,NULL,NULL),(15,4,8,NULL,NULL),(16,4,5,NULL,NULL),(17,5,9,NULL,NULL),(18,5,10,NULL,NULL),(19,6,11,NULL,NULL),(20,7,12,NULL,NULL),(21,7,11,NULL,NULL),(22,8,12,NULL,NULL),(23,8,11,NULL,NULL),(24,8,13,NULL,NULL),(25,8,14,NULL,NULL),(26,8,15,NULL,NULL),(27,9,12,NULL,NULL),(28,9,11,NULL,NULL),(29,9,16,NULL,NULL),(30,9,17,NULL,NULL),(31,9,13,NULL,NULL),(32,9,14,NULL,NULL),(33,9,18,NULL,NULL),(34,9,15,NULL,NULL),(35,10,19,NULL,NULL),(36,10,20,NULL,NULL),(37,11,21,NULL,NULL),(38,12,22,NULL,NULL),(39,13,23,NULL,NULL),(40,13,22,NULL,NULL),(41,14,23,NULL,NULL),(42,14,22,NULL,NULL),(43,14,24,NULL,NULL),(44,14,25,NULL,NULL),(45,14,26,NULL,NULL),(46,15,23,NULL,NULL),(47,15,22,NULL,NULL),(48,15,27,NULL,NULL),(49,15,28,NULL,NULL),(50,15,24,NULL,NULL),(51,15,25,NULL,NULL),(52,15,29,NULL,NULL),(53,15,26,NULL,NULL),(54,16,30,NULL,NULL),(55,16,31,NULL,NULL),(56,17,32,NULL,NULL),(57,17,33,NULL,NULL),(58,17,34,NULL,NULL),(59,17,35,NULL,NULL),(60,17,36,NULL,NULL),(61,17,37,NULL,NULL),(62,18,38,NULL,NULL),(63,18,39,NULL,NULL),(64,19,40,NULL,NULL),(65,19,41,NULL,NULL),(66,20,42,NULL,NULL),(67,20,43,NULL,NULL),(68,20,44,NULL,NULL),(69,20,45,NULL,NULL),(70,20,46,NULL,NULL),(71,20,47,NULL,NULL),(72,21,48,NULL,NULL),(73,21,49,NULL,NULL),(74,22,50,NULL,NULL),(75,22,51,NULL,NULL),(76,23,52,NULL,NULL),(77,24,53,NULL,NULL),(78,24,52,NULL,NULL),(79,25,53,NULL,NULL),(80,25,52,NULL,NULL),(81,25,54,NULL,NULL),(82,25,55,NULL,NULL),(83,25,56,NULL,NULL),(84,26,53,NULL,NULL),(85,26,52,NULL,NULL),(86,26,57,NULL,NULL),(87,26,58,NULL,NULL),(88,26,54,NULL,NULL),(89,26,55,NULL,NULL),(90,26,59,NULL,NULL),(91,26,56,NULL,NULL),(92,27,60,NULL,NULL),(93,27,61,NULL,NULL),(94,28,62,NULL,NULL),(95,29,63,NULL,NULL),(96,29,62,NULL,NULL),(97,30,63,NULL,NULL),(98,30,62,NULL,NULL),(99,30,64,NULL,NULL),(100,30,65,NULL,NULL),(101,30,66,NULL,NULL),(102,31,63,NULL,NULL),(103,31,62,NULL,NULL),(104,31,67,NULL,NULL),(105,31,68,NULL,NULL),(106,31,64,NULL,NULL),(107,31,65,NULL,NULL),(108,31,69,NULL,NULL),(109,31,66,NULL,NULL),(110,32,70,NULL,NULL),(111,32,71,NULL,NULL),(112,33,72,NULL,NULL),(113,34,73,NULL,NULL),(114,34,72,NULL,NULL),(115,35,73,NULL,NULL),(116,35,72,NULL,NULL),(117,35,74,NULL,NULL),(118,35,75,NULL,NULL),(119,35,76,NULL,NULL),(120,36,73,NULL,NULL),(121,36,72,NULL,NULL),(122,36,77,NULL,NULL),(123,36,78,NULL,NULL),(124,36,74,NULL,NULL),(125,36,75,NULL,NULL),(126,36,79,NULL,NULL),(127,36,76,NULL,NULL),(128,37,80,NULL,NULL),(129,37,81,NULL,NULL),(130,38,82,NULL,NULL),(131,38,83,NULL,NULL),(132,38,84,NULL,NULL),(133,38,85,NULL,NULL),(134,38,86,NULL,NULL),(135,38,87,NULL,NULL),(136,39,88,NULL,NULL),(137,39,89,NULL,NULL),(138,40,90,NULL,NULL),(139,40,91,NULL,NULL),(140,41,92,NULL,NULL),(141,42,93,NULL,NULL),(142,42,92,NULL,NULL),(143,43,93,NULL,NULL),(144,43,92,NULL,NULL),(145,43,94,NULL,NULL),(146,43,95,NULL,NULL),(147,43,96,NULL,NULL),(148,44,93,NULL,NULL),(149,44,92,NULL,NULL),(150,44,97,NULL,NULL),(151,44,98,NULL,NULL),(152,44,94,NULL,NULL),(153,44,95,NULL,NULL),(154,44,99,NULL,NULL),(155,44,96,NULL,NULL),(156,45,100,NULL,NULL),(157,45,101,NULL,NULL),(158,46,102,NULL,NULL),(159,47,103,NULL,NULL),(160,47,102,NULL,NULL),(161,48,103,NULL,NULL),(162,48,102,NULL,NULL),(163,48,104,NULL,NULL),(164,48,105,NULL,NULL),(165,48,106,NULL,NULL),(166,49,103,NULL,NULL),(167,49,102,NULL,NULL),(168,49,107,NULL,NULL),(169,49,108,NULL,NULL),(170,49,104,NULL,NULL),(171,49,105,NULL,NULL),(172,49,109,NULL,NULL),(173,49,106,NULL,NULL),(174,50,110,NULL,NULL),(175,50,111,NULL,NULL),(176,51,112,NULL,NULL),(177,52,113,NULL,NULL),(178,52,112,NULL,NULL),(179,53,113,NULL,NULL),(180,53,112,NULL,NULL),(181,53,114,NULL,NULL),(182,53,115,NULL,NULL),(183,53,116,NULL,NULL),(184,54,113,NULL,NULL),(185,54,112,NULL,NULL),(186,54,117,NULL,NULL),(187,54,118,NULL,NULL),(188,54,114,NULL,NULL),(189,54,115,NULL,NULL),(190,54,119,NULL,NULL),(191,54,116,NULL,NULL),(192,55,120,NULL,NULL),(193,55,121,NULL,NULL),(194,56,122,NULL,NULL),(195,57,123,NULL,NULL),(196,57,122,NULL,NULL),(197,58,123,NULL,NULL),(198,58,122,NULL,NULL),(199,58,124,NULL,NULL),(200,58,125,NULL,NULL),(201,58,126,NULL,NULL),(202,59,123,NULL,NULL),(203,59,122,NULL,NULL),(204,59,127,NULL,NULL),(205,59,128,NULL,NULL),(206,59,124,NULL,NULL),(207,59,125,NULL,NULL),(208,59,129,NULL,NULL),(209,59,126,NULL,NULL),(210,60,130,NULL,NULL),(211,60,131,NULL,NULL),(212,61,132,NULL,NULL),(213,62,133,NULL,NULL),(214,62,132,NULL,NULL),(215,63,133,NULL,NULL),(216,63,132,NULL,NULL),(217,63,134,NULL,NULL),(218,63,135,NULL,NULL),(219,63,136,NULL,NULL),(220,64,133,NULL,NULL),(221,64,132,NULL,NULL),(222,64,137,NULL,NULL),(223,64,138,NULL,NULL),(224,64,134,NULL,NULL),(225,64,135,NULL,NULL),(226,64,139,NULL,NULL),(227,64,136,NULL,NULL),(228,65,140,NULL,NULL),(229,65,141,NULL,NULL),(230,66,142,NULL,NULL),(231,67,143,NULL,NULL),(232,67,142,NULL,NULL),(233,68,143,NULL,NULL),(234,68,142,NULL,NULL),(235,68,144,NULL,NULL),(236,68,145,NULL,NULL),(237,68,146,NULL,NULL),(238,69,143,NULL,NULL),(239,69,142,NULL,NULL),(240,69,147,NULL,NULL),(241,69,148,NULL,NULL),(242,69,144,NULL,NULL),(243,69,145,NULL,NULL),(244,69,149,NULL,NULL),(245,69,146,NULL,NULL),(246,70,150,NULL,NULL),(247,70,151,NULL,NULL),(248,71,152,NULL,NULL),(249,72,153,NULL,NULL),(250,72,152,NULL,NULL),(251,73,153,NULL,NULL),(252,73,152,NULL,NULL),(253,73,154,NULL,NULL),(254,73,155,NULL,NULL),(255,73,156,NULL,NULL),(256,74,153,NULL,NULL),(257,74,152,NULL,NULL),(258,74,157,NULL,NULL),(259,74,158,NULL,NULL),(260,74,154,NULL,NULL),(261,74,155,NULL,NULL),(262,74,159,NULL,NULL),(263,74,156,NULL,NULL),(264,75,160,NULL,NULL),(265,75,161,NULL,NULL),(266,76,162,NULL,NULL),(267,77,163,NULL,NULL),(268,77,162,NULL,NULL),(269,78,163,NULL,NULL),(270,78,162,NULL,NULL),(271,78,164,NULL,NULL),(272,78,165,NULL,NULL),(273,78,166,NULL,NULL),(274,79,163,NULL,NULL),(275,79,162,NULL,NULL),(276,79,167,NULL,NULL),(277,79,168,NULL,NULL),(278,79,164,NULL,NULL),(279,79,165,NULL,NULL),(280,79,169,NULL,NULL),(281,79,166,NULL,NULL),(282,80,170,NULL,NULL),(283,80,171,NULL,NULL),(284,81,172,NULL,NULL),(285,82,173,NULL,NULL),(286,82,172,NULL,NULL),(287,83,173,NULL,NULL),(288,83,172,NULL,NULL),(289,83,174,NULL,NULL),(290,83,175,NULL,NULL),(291,83,176,NULL,NULL),(292,84,173,NULL,NULL),(293,84,172,NULL,NULL),(294,84,177,NULL,NULL),(295,84,178,NULL,NULL),(296,84,174,NULL,NULL),(297,84,175,NULL,NULL),(298,84,179,NULL,NULL),(299,84,176,NULL,NULL),(300,85,180,NULL,NULL),(301,85,181,NULL,NULL),(302,86,182,NULL,NULL),(303,87,183,NULL,NULL),(304,87,182,NULL,NULL),(305,88,183,NULL,NULL),(306,88,182,NULL,NULL),(307,88,184,NULL,NULL),(308,88,185,NULL,NULL),(309,88,186,NULL,NULL),(310,89,183,NULL,NULL),(311,89,182,NULL,NULL),(312,89,187,NULL,NULL),(313,89,188,NULL,NULL),(314,89,184,NULL,NULL),(315,89,185,NULL,NULL),(316,89,189,NULL,NULL),(317,89,186,NULL,NULL),(318,90,190,NULL,NULL),(319,90,191,NULL,NULL),(320,91,192,NULL,NULL),(321,92,193,NULL,NULL),(322,92,192,NULL,NULL),(323,93,193,NULL,NULL),(324,93,192,NULL,NULL),(325,93,194,NULL,NULL),(326,93,195,NULL,NULL),(327,93,196,NULL,NULL),(328,94,193,NULL,NULL),(329,94,192,NULL,NULL),(330,94,197,NULL,NULL),(331,94,198,NULL,NULL),(332,94,194,NULL,NULL),(333,94,195,NULL,NULL),(334,94,199,NULL,NULL),(335,94,196,NULL,NULL),(336,95,200,NULL,NULL),(337,95,201,NULL,NULL),(338,96,202,NULL,NULL),(339,97,203,NULL,NULL),(340,97,202,NULL,NULL),(341,98,203,NULL,NULL),(342,98,202,NULL,NULL),(343,98,204,NULL,NULL),(344,98,205,NULL,NULL),(345,98,206,NULL,NULL),(346,99,203,NULL,NULL),(347,99,202,NULL,NULL),(348,99,207,NULL,NULL),(349,99,208,NULL,NULL),(350,99,204,NULL,NULL),(351,99,205,NULL,NULL),(352,99,209,NULL,NULL),(353,99,206,NULL,NULL),(354,100,210,NULL,NULL),(355,100,211,NULL,NULL),(356,101,212,NULL,NULL),(357,102,213,NULL,NULL),(358,103,214,NULL,NULL),(359,103,213,NULL,NULL),(360,104,214,NULL,NULL),(361,104,213,NULL,NULL),(362,104,215,NULL,NULL),(363,104,216,NULL,NULL),(364,104,217,NULL,NULL),(365,105,214,NULL,NULL),(366,105,213,NULL,NULL),(367,105,218,NULL,NULL),(368,105,219,NULL,NULL),(369,105,215,NULL,NULL),(370,105,216,NULL,NULL),(371,105,220,NULL,NULL),(372,105,217,NULL,NULL),(373,106,221,NULL,NULL),(374,106,222,NULL,NULL),(375,107,223,NULL,NULL),(376,107,224,NULL,NULL),(377,107,225,NULL,NULL),(378,107,226,NULL,NULL),(379,107,227,NULL,NULL),(380,107,228,NULL,NULL),(381,108,229,NULL,NULL),(382,108,230,NULL,NULL),(383,109,231,NULL,NULL),(384,109,232,NULL,NULL),(385,110,233,NULL,NULL),(386,111,234,NULL,NULL),(387,111,233,NULL,NULL),(388,112,234,NULL,NULL),(389,112,233,NULL,NULL),(390,112,235,NULL,NULL),(391,112,236,NULL,NULL),(392,112,237,NULL,NULL),(393,113,234,NULL,NULL),(394,113,233,NULL,NULL),(395,113,238,NULL,NULL),(396,113,239,NULL,NULL),(397,113,235,NULL,NULL),(398,113,236,NULL,NULL),(399,113,240,NULL,NULL),(400,113,237,NULL,NULL),(401,114,241,NULL,NULL),(402,114,242,NULL,NULL),(403,115,243,NULL,NULL),(404,116,244,NULL,NULL),(405,117,245,NULL,NULL),(406,117,244,NULL,NULL),(407,118,245,NULL,NULL),(408,118,244,NULL,NULL),(409,118,246,NULL,NULL),(410,118,247,NULL,NULL),(411,118,248,NULL,NULL),(412,119,245,NULL,NULL),(413,119,244,NULL,NULL),(414,119,249,NULL,NULL),(415,119,250,NULL,NULL),(416,119,246,NULL,NULL),(417,119,247,NULL,NULL),(418,119,251,NULL,NULL),(419,119,248,NULL,NULL),(420,120,252,NULL,NULL),(421,120,253,NULL,NULL),(422,121,254,NULL,NULL),(423,122,255,NULL,NULL),(424,122,254,NULL,NULL),(425,123,255,NULL,NULL),(426,123,254,NULL,NULL),(427,123,256,NULL,NULL),(428,123,257,NULL,NULL),(429,123,258,NULL,NULL),(430,124,255,NULL,NULL),(431,124,254,NULL,NULL),(432,124,259,NULL,NULL),(433,124,260,NULL,NULL),(434,124,256,NULL,NULL),(435,124,257,NULL,NULL),(436,124,261,NULL,NULL),(437,124,258,NULL,NULL),(438,125,262,NULL,NULL),(439,125,263,NULL,NULL),(440,126,264,NULL,NULL),(441,127,265,NULL,NULL),(442,127,264,NULL,NULL),(443,128,265,NULL,NULL),(444,128,264,NULL,NULL),(445,128,266,NULL,NULL),(446,128,267,NULL,NULL),(447,128,268,NULL,NULL),(448,129,265,NULL,NULL),(449,129,264,NULL,NULL),(450,129,269,NULL,NULL),(451,129,270,NULL,NULL),(452,129,266,NULL,NULL),(453,129,267,NULL,NULL),(454,129,271,NULL,NULL),(455,129,268,NULL,NULL),(456,130,272,NULL,NULL),(457,130,273,NULL,NULL),(458,131,274,NULL,NULL),(459,132,275,NULL,NULL),(460,132,274,NULL,NULL),(461,133,275,NULL,NULL),(462,133,274,NULL,NULL),(463,133,276,NULL,NULL),(464,133,277,NULL,NULL),(465,133,278,NULL,NULL),(466,134,275,NULL,NULL),(467,134,274,NULL,NULL),(468,134,279,NULL,NULL),(469,134,280,NULL,NULL),(470,134,276,NULL,NULL),(471,134,277,NULL,NULL),(472,134,281,NULL,NULL),(473,134,278,NULL,NULL),(474,135,282,NULL,NULL),(475,135,283,NULL,NULL),(476,136,284,NULL,NULL),(477,137,285,NULL,NULL),(478,137,284,NULL,NULL),(479,138,285,NULL,NULL),(480,138,284,NULL,NULL),(481,138,286,NULL,NULL),(482,138,287,NULL,NULL),(483,138,288,NULL,NULL),(484,139,285,NULL,NULL),(485,139,284,NULL,NULL),(486,139,289,NULL,NULL),(487,139,290,NULL,NULL),(488,139,286,NULL,NULL),(489,139,287,NULL,NULL),(490,139,291,NULL,NULL),(491,139,288,NULL,NULL),(492,140,292,NULL,NULL),(493,140,293,NULL,NULL),(494,141,294,NULL,NULL),(495,142,295,NULL,NULL),(496,142,294,NULL,NULL),(497,143,295,NULL,NULL),(498,143,294,NULL,NULL),(499,143,296,NULL,NULL),(500,143,297,NULL,NULL),(501,143,298,NULL,NULL),(502,144,295,NULL,NULL),(503,144,294,NULL,NULL),(504,144,299,NULL,NULL),(505,144,300,NULL,NULL),(506,144,296,NULL,NULL),(507,144,297,NULL,NULL),(508,144,301,NULL,NULL),(509,144,298,NULL,NULL),(510,145,302,NULL,NULL),(511,145,303,NULL,NULL),(512,146,304,NULL,NULL),(513,147,305,NULL,NULL),(514,147,304,NULL,NULL),(515,148,305,NULL,NULL),(516,148,304,NULL,NULL),(517,148,306,NULL,NULL),(518,148,307,NULL,NULL),(519,148,308,NULL,NULL),(520,149,305,NULL,NULL),(521,149,304,NULL,NULL),(522,149,309,NULL,NULL),(523,149,310,NULL,NULL),(524,149,306,NULL,NULL),(525,149,307,NULL,NULL),(526,149,311,NULL,NULL),(527,149,308,NULL,NULL),(528,150,312,NULL,NULL),(529,150,313,NULL,NULL),(530,151,314,NULL,NULL),(531,152,315,NULL,NULL),(532,152,314,NULL,NULL),(533,153,315,NULL,NULL),(534,153,314,NULL,NULL),(535,153,316,NULL,NULL),(536,153,317,NULL,NULL),(537,153,318,NULL,NULL),(538,154,315,NULL,NULL),(539,154,314,NULL,NULL),(540,154,319,NULL,NULL),(541,154,320,NULL,NULL),(542,154,316,NULL,NULL),(543,154,317,NULL,NULL),(544,154,321,NULL,NULL),(545,154,318,NULL,NULL),(546,155,322,NULL,NULL),(547,155,323,NULL,NULL),(548,156,324,NULL,NULL),(549,157,325,NULL,NULL),(550,157,324,NULL,NULL),(551,158,325,NULL,NULL),(552,158,324,NULL,NULL),(553,158,326,NULL,NULL),(554,158,327,NULL,NULL),(555,158,328,NULL,NULL),(556,159,325,NULL,NULL),(557,159,324,NULL,NULL),(558,159,329,NULL,NULL),(559,159,330,NULL,NULL),(560,159,326,NULL,NULL),(561,159,327,NULL,NULL),(562,159,331,NULL,NULL),(563,159,328,NULL,NULL),(564,160,332,NULL,NULL),(565,160,333,NULL,NULL),(566,161,334,NULL,NULL),(567,162,335,NULL,NULL),(568,162,334,NULL,NULL),(569,163,335,NULL,NULL),(570,163,334,NULL,NULL),(571,163,336,NULL,NULL),(572,163,337,NULL,NULL),(573,163,338,NULL,NULL),(574,164,335,NULL,NULL),(575,164,334,NULL,NULL),(576,164,339,NULL,NULL),(577,164,340,NULL,NULL),(578,164,336,NULL,NULL),(579,164,337,NULL,NULL),(580,164,341,NULL,NULL),(581,164,338,NULL,NULL),(582,165,342,NULL,NULL),(583,165,343,NULL,NULL),(584,166,344,NULL,NULL),(585,167,345,NULL,NULL),(586,167,344,NULL,NULL),(587,168,345,NULL,NULL),(588,168,344,NULL,NULL),(589,168,346,NULL,NULL),(590,168,347,NULL,NULL),(591,168,348,NULL,NULL),(592,169,345,NULL,NULL),(593,169,344,NULL,NULL),(594,169,349,NULL,NULL),(595,169,350,NULL,NULL),(596,169,346,NULL,NULL),(597,169,347,NULL,NULL),(598,169,351,NULL,NULL),(599,169,348,NULL,NULL),(600,170,352,NULL,NULL),(601,170,353,NULL,NULL),(602,171,354,NULL,NULL),(603,172,355,NULL,NULL),(604,172,354,NULL,NULL),(605,173,355,NULL,NULL),(606,173,354,NULL,NULL),(607,173,356,NULL,NULL),(608,173,357,NULL,NULL),(609,173,358,NULL,NULL),(610,174,355,NULL,NULL),(611,174,354,NULL,NULL),(612,174,359,NULL,NULL),(613,174,360,NULL,NULL),(614,174,356,NULL,NULL),(615,174,357,NULL,NULL),(616,174,361,NULL,NULL),(617,174,358,NULL,NULL),(618,175,362,NULL,NULL),(619,175,363,NULL,NULL),(620,176,364,NULL,NULL),(621,177,365,NULL,NULL),(622,177,364,NULL,NULL),(623,178,365,NULL,NULL),(624,178,364,NULL,NULL),(625,178,366,NULL,NULL),(626,178,367,NULL,NULL),(627,178,368,NULL,NULL),(628,179,365,NULL,NULL),(629,179,364,NULL,NULL),(630,179,369,NULL,NULL),(631,179,370,NULL,NULL),(632,179,366,NULL,NULL),(633,179,367,NULL,NULL),(634,179,371,NULL,NULL),(635,179,368,NULL,NULL),(636,180,372,NULL,NULL),(637,180,373,NULL,NULL),(638,181,374,NULL,NULL),(639,182,375,NULL,NULL),(640,182,374,NULL,NULL),(641,183,375,NULL,NULL),(642,183,374,NULL,NULL),(643,183,376,NULL,NULL),(644,183,377,NULL,NULL),(645,183,378,NULL,NULL),(646,184,375,NULL,NULL),(647,184,374,NULL,NULL),(648,184,379,NULL,NULL),(649,184,380,NULL,NULL),(650,184,376,NULL,NULL),(651,184,377,NULL,NULL),(652,184,381,NULL,NULL),(653,184,378,NULL,NULL),(654,185,382,NULL,NULL),(655,185,383,NULL,NULL),(656,186,384,NULL,NULL),(657,187,385,NULL,NULL),(658,187,384,NULL,NULL),(659,188,385,NULL,NULL),(660,188,384,NULL,NULL),(661,188,386,NULL,NULL),(662,188,387,NULL,NULL),(663,188,388,NULL,NULL),(664,189,385,NULL,NULL),(665,189,384,NULL,NULL),(666,189,389,NULL,NULL),(667,189,390,NULL,NULL),(668,189,386,NULL,NULL),(669,189,387,NULL,NULL),(670,189,391,NULL,NULL),(671,189,388,NULL,NULL),(672,190,392,NULL,NULL),(673,190,393,NULL,NULL),(674,191,394,NULL,NULL),(675,192,395,NULL,NULL),(676,192,394,NULL,NULL),(677,193,395,NULL,NULL),(678,193,394,NULL,NULL),(679,193,396,NULL,NULL),(680,193,397,NULL,NULL),(681,193,398,NULL,NULL),(682,194,395,NULL,NULL),(683,194,394,NULL,NULL),(684,194,399,NULL,NULL),(685,194,400,NULL,NULL),(686,194,396,NULL,NULL),(687,194,397,NULL,NULL),(688,194,401,NULL,NULL),(689,194,398,NULL,NULL),(690,195,402,NULL,NULL),(691,195,403,NULL,NULL),(692,196,404,NULL,NULL),(693,197,405,NULL,NULL),(694,197,404,NULL,NULL),(695,198,405,NULL,NULL),(696,198,404,NULL,NULL),(697,198,406,NULL,NULL),(698,198,407,NULL,NULL),(699,198,408,NULL,NULL),(700,199,405,NULL,NULL),(701,199,404,NULL,NULL),(702,199,409,NULL,NULL),(703,199,410,NULL,NULL),(704,199,406,NULL,NULL),(705,199,407,NULL,NULL),(706,199,411,NULL,NULL),(707,199,408,NULL,NULL),(708,200,412,NULL,NULL),(709,200,413,NULL,NULL),(710,201,414,NULL,NULL),(711,202,415,NULL,NULL),(712,202,414,NULL,NULL),(713,203,415,NULL,NULL),(714,203,414,NULL,NULL),(715,203,416,NULL,NULL),(716,203,417,NULL,NULL),(717,203,418,NULL,NULL),(718,204,415,NULL,NULL),(719,204,414,NULL,NULL),(720,204,419,NULL,NULL),(721,204,420,NULL,NULL),(722,204,416,NULL,NULL),(723,204,417,NULL,NULL),(724,204,421,NULL,NULL),(725,204,418,NULL,NULL),(726,205,422,NULL,NULL),(727,205,423,NULL,NULL),(728,206,424,NULL,NULL),(729,207,425,NULL,NULL),(730,207,424,NULL,NULL),(731,208,425,NULL,NULL),(732,208,424,NULL,NULL),(733,208,426,NULL,NULL),(734,208,427,NULL,NULL),(735,208,428,NULL,NULL),(736,209,425,NULL,NULL),(737,209,424,NULL,NULL),(738,209,429,NULL,NULL),(739,209,430,NULL,NULL),(740,209,426,NULL,NULL),(741,209,427,NULL,NULL),(742,209,431,NULL,NULL),(743,209,428,NULL,NULL),(744,210,432,NULL,NULL),(745,210,433,NULL,NULL),(746,211,434,NULL,NULL),(747,212,435,NULL,NULL),(748,212,434,NULL,NULL),(749,213,435,NULL,NULL),(750,213,434,NULL,NULL),(751,213,436,NULL,NULL),(752,213,437,NULL,NULL),(753,213,438,NULL,NULL),(754,214,435,NULL,NULL),(755,214,434,NULL,NULL),(756,214,439,NULL,NULL),(757,214,440,NULL,NULL),(758,214,436,NULL,NULL),(759,214,437,NULL,NULL),(760,214,441,NULL,NULL),(761,214,438,NULL,NULL),(762,215,442,NULL,NULL),(763,215,443,NULL,NULL),(764,216,444,NULL,NULL),(765,217,445,NULL,NULL),(766,217,444,NULL,NULL),(767,218,445,NULL,NULL),(768,218,444,NULL,NULL),(769,218,446,NULL,NULL),(770,218,447,NULL,NULL),(771,218,448,NULL,NULL),(772,219,445,NULL,NULL),(773,219,444,NULL,NULL),(774,219,449,NULL,NULL),(775,219,450,NULL,NULL),(776,219,446,NULL,NULL),(777,219,447,NULL,NULL),(778,219,451,NULL,NULL),(779,219,448,NULL,NULL),(780,220,452,NULL,NULL),(781,220,453,NULL,NULL),(782,221,49,NULL,NULL),(783,222,48,NULL,NULL),(784,222,49,NULL,NULL),(785,222,44,NULL,NULL),(786,222,45,NULL,NULL),(787,222,454,NULL,NULL),(788,20,48,NULL,NULL),(789,20,49,NULL,NULL),(790,20,454,NULL,NULL),(791,223,455,NULL,NULL),(792,224,456,NULL,NULL),(793,224,455,NULL,NULL),(794,225,456,NULL,NULL),(795,225,455,NULL,NULL),(796,225,457,NULL,NULL),(797,225,458,NULL,NULL),(798,225,459,NULL,NULL),(799,226,456,NULL,NULL),(800,226,455,NULL,NULL),(801,226,460,NULL,NULL),(802,226,461,NULL,NULL),(803,226,457,NULL,NULL),(804,226,458,NULL,NULL),(805,226,462,NULL,NULL),(806,226,459,NULL,NULL),(807,227,463,NULL,NULL),(808,227,464,NULL,NULL),(809,228,465,NULL,NULL),(810,229,466,NULL,NULL),(811,229,465,NULL,NULL),(812,230,466,NULL,NULL),(813,230,465,NULL,NULL),(814,230,467,NULL,NULL),(815,230,468,NULL,NULL),(816,230,469,NULL,NULL),(817,231,466,NULL,NULL),(818,231,465,NULL,NULL),(819,231,470,NULL,NULL),(820,231,471,NULL,NULL),(821,231,467,NULL,NULL),(822,231,468,NULL,NULL),(823,231,472,NULL,NULL),(824,231,469,NULL,NULL),(825,232,473,NULL,NULL),(826,232,474,NULL,NULL),(827,233,475,NULL,NULL),(828,234,476,NULL,NULL),(829,234,475,NULL,NULL),(830,235,476,NULL,NULL),(831,235,475,NULL,NULL),(832,235,477,NULL,NULL),(833,235,478,NULL,NULL),(834,235,479,NULL,NULL),(835,236,476,NULL,NULL),(836,236,475,NULL,NULL),(837,236,480,NULL,NULL),(838,236,481,NULL,NULL),(839,236,477,NULL,NULL),(840,236,478,NULL,NULL),(841,236,482,NULL,NULL),(842,236,479,NULL,NULL),(843,237,483,NULL,NULL),(844,237,484,NULL,NULL),(845,238,485,NULL,NULL),(846,239,486,NULL,NULL),(847,239,485,NULL,NULL),(848,240,486,NULL,NULL),(849,240,485,NULL,NULL),(850,240,487,NULL,NULL),(851,240,488,NULL,NULL),(852,240,489,NULL,NULL),(853,241,486,NULL,NULL),(854,241,485,NULL,NULL),(855,241,490,NULL,NULL),(856,241,491,NULL,NULL),(857,241,487,NULL,NULL),(858,241,488,NULL,NULL),(859,241,492,NULL,NULL),(860,241,489,NULL,NULL),(861,242,493,NULL,NULL),(862,242,494,NULL,NULL),(863,243,495,NULL,NULL),(864,244,496,NULL,NULL),(865,244,495,NULL,NULL),(866,245,496,NULL,NULL),(867,245,495,NULL,NULL),(868,245,497,NULL,NULL),(869,245,498,NULL,NULL),(870,245,499,NULL,NULL),(871,246,496,NULL,NULL),(872,246,495,NULL,NULL),(873,246,500,NULL,NULL),(874,246,501,NULL,NULL),(875,246,497,NULL,NULL),(876,246,498,NULL,NULL),(877,246,502,NULL,NULL),(878,246,499,NULL,NULL),(879,247,503,NULL,NULL),(880,247,504,NULL,NULL),(881,248,505,NULL,NULL),(882,249,506,NULL,NULL),(883,249,505,NULL,NULL),(884,250,506,NULL,NULL),(885,250,505,NULL,NULL),(886,250,507,NULL,NULL),(887,250,508,NULL,NULL),(888,250,509,NULL,NULL),(889,251,506,NULL,NULL),(890,251,505,NULL,NULL),(891,251,510,NULL,NULL),(892,251,511,NULL,NULL),(893,251,507,NULL,NULL),(894,251,508,NULL,NULL),(895,251,512,NULL,NULL),(896,251,509,NULL,NULL),(897,252,513,NULL,NULL),(898,252,514,NULL,NULL),(899,253,515,NULL,NULL),(900,254,516,NULL,NULL),(901,254,515,NULL,NULL),(902,255,516,NULL,NULL),(903,255,515,NULL,NULL),(904,255,517,NULL,NULL),(905,255,518,NULL,NULL),(906,255,519,NULL,NULL),(907,256,516,NULL,NULL),(908,256,515,NULL,NULL),(909,256,520,NULL,NULL),(910,256,521,NULL,NULL),(911,256,517,NULL,NULL),(912,256,518,NULL,NULL),(913,256,522,NULL,NULL),(914,256,519,NULL,NULL),(915,257,523,NULL,NULL),(916,257,524,NULL,NULL),(917,258,525,NULL,NULL),(918,259,526,NULL,NULL),(919,259,525,NULL,NULL),(920,260,526,NULL,NULL),(921,260,525,NULL,NULL),(922,260,527,NULL,NULL),(923,260,528,NULL,NULL),(924,260,529,NULL,NULL),(925,261,526,NULL,NULL),(926,261,525,NULL,NULL),(927,261,530,NULL,NULL),(928,261,531,NULL,NULL),(929,261,527,NULL,NULL),(930,261,528,NULL,NULL),(931,261,532,NULL,NULL),(932,261,529,NULL,NULL),(933,262,533,NULL,NULL),(934,262,534,NULL,NULL),(935,263,535,NULL,NULL),(936,264,536,NULL,NULL),(937,264,535,NULL,NULL),(938,265,536,NULL,NULL),(939,265,535,NULL,NULL),(940,265,537,NULL,NULL),(941,265,538,NULL,NULL),(942,265,539,NULL,NULL),(943,266,536,NULL,NULL),(944,266,535,NULL,NULL),(945,266,540,NULL,NULL),(946,266,541,NULL,NULL),(947,266,537,NULL,NULL),(948,266,538,NULL,NULL),(949,266,542,NULL,NULL),(950,266,539,NULL,NULL),(951,267,543,NULL,NULL),(952,267,544,NULL,NULL);
/*!40000 ALTER TABLE `feature_permission` ENABLE KEYS */;
UNLOCK TABLES;

--
-- Table structure for table `features`
--

DROP TABLE IF EXISTS `features`;
/*!40101 SET @saved_cs_client     = @@character_set_client */;
/*!50503 SET character_set_client = utf8mb4 */;
CREATE TABLE `features` (
  `id` bigint unsigned NOT NULL AUTO_INCREMENT,
  `name` varchar(255) CHARACTER SET utf8mb4 COLLATE utf8mb4_unicode_ci NOT NULL,
  `description` longtext CHARACTER SET utf8mb4 COLLATE utf8mb4_unicode_ci,
  `feature_domain_id` bigint unsigned NOT NULL,
  `reference` varchar(255) CHARACTER SET utf8mb4 COLLATE utf8mb4_unicode_ci NOT NULL,
  `created_at` timestamp NULL DEFAULT NULL,
  `updated_at` timestamp NULL DEFAULT NULL,
  PRIMARY KEY (`id`),
  UNIQUE KEY `features_name_unique` (`name`),
  UNIQUE KEY `features_reference_unique` (`reference`),
  KEY `features_feature_domain_id_foreign` (`feature_domain_id`),
  CONSTRAINT `features_feature_domain_id_foreign` FOREIGN KEY (`feature_domain_id`) REFERENCES `feature_domains` (`id`) ON DELETE CASCADE
) ENGINE=InnoDB AUTO_INCREMENT=268 DEFAULT CHARSET=utf8mb4 COLLATE=utf8mb4_unicode_ci;
/*!40101 SET character_set_client = @saved_cs_client */;

--
-- Dumping data for table `features`
--

LOCK TABLES `features` WRITE;
/*!40000 ALTER TABLE `features` DISABLE KEYS */;
INSERT INTO `features` VALUES (1,'Role - Afficher','Feature Afficher for Role',1,'003d55ef-5342-4892-b47e-1cf86ba07d15','2025-02-19 06:38:56','2025-02-19 06:38:56'),(2,'Role - Lecture','Feature Lecture for Role',1,'dc6ab26f-5933-4cb9-97ec-a630510173cf','2025-02-19 06:38:56','2025-02-19 06:38:56'),(3,'Role - Édition sans Ajouter','Feature Édition sans Ajouter for Role',1,'6035cc10-8b53-4d5c-a7ba-6d7e115eb8c1','2025-02-19 06:38:56','2025-02-19 06:38:56'),(4,'Role - Édition ','Feature Édition  for Role',1,'40327854-33fe-443e-8ec4-caf76e4bf5c1','2025-02-19 06:38:56','2025-02-19 06:38:56'),(5,'Role - Extraction','Feature Extraction for Role',1,'34933607-3f69-444c-b520-b2c6e9234489','2025-02-19 06:38:57','2025-02-19 06:38:57'),(6,'User - Afficher','Feature Afficher for User',2,'e2e6dba1-a2ca-4ddb-a538-fcd2f3038682','2025-02-19 06:38:58','2025-02-19 06:38:58'),(7,'User - Lecture','Feature Lecture for User',2,'5a648c83-80c3-46f7-8f06-bef274a084b4','2025-02-19 06:38:58','2025-02-19 06:38:58'),(8,'User - Édition sans Ajouter','Feature Édition sans Ajouter for User',2,'02ee4637-ee98-48e3-9e25-14504b9931ab','2025-02-19 06:38:58','2025-02-19 06:38:58'),(9,'User - Édition ','Feature Édition  for User',2,'71282361-0d50-4596-9d92-9dc8257a2d03','2025-02-19 06:38:58','2025-02-19 06:38:58'),(10,'User - Extraction','Feature Extraction for User',2,'096987d1-1e46-4401-a390-9fcaf066b457','2025-02-19 06:38:58','2025-02-19 06:38:58'),(11,'User - initPassword','Feature initPassword for User',2,'df62f09c-af23-45d7-b295-3583f7cf7460','2025-02-19 06:38:58','2025-02-19 06:38:58'),(12,'Permission - Afficher','Feature Afficher for Permission',3,'b7b4751d-3a0c-421f-a1c3-28fbec3b01cb','2025-02-19 06:38:58','2025-02-19 06:38:58'),(13,'Permission - Lecture','Feature Lecture for Permission',3,'c2af9be2-090a-4889-baac-529e8a26e746','2025-02-19 06:38:58','2025-02-19 06:38:58'),(14,'Permission - Édition sans Ajouter','Feature Édition sans Ajouter for Permission',3,'0192f45b-d90c-41a6-b85f-37fe1174aa8d','2025-02-19 06:38:58','2025-02-19 06:38:58'),(15,'Permission - Édition ','Feature Édition  for Permission',3,'5671e03d-3779-4b42-8f4e-3faf80044121','2025-02-19 06:38:58','2025-02-19 06:38:58'),(16,'Permission - Extraction','Feature Extraction for Permission',3,'d8e1526d-ee71-42f5-b4da-9a48d5a8d747','2025-02-19 06:38:58','2025-02-19 06:38:58'),(17,'SysColor - Édition ','Feature Édition  for SysColor',4,'779a3242-de9d-42ab-a1c6-f072e4112e99','2025-02-19 06:38:58','2025-02-19 06:38:58'),(18,'SysColor - Lecture','Feature Lecture for SysColor',4,'94db179f-f68f-4f13-8fc7-d6ec22706e99','2025-02-19 06:38:59','2025-02-19 06:38:59'),(19,'SysColor - Extraction','Feature Extraction for SysColor',4,'d04f18ac-98cb-4e58-91e9-75bd317a0afe','2025-02-19 06:38:59','2025-02-19 06:38:59'),(20,'SysModule - Édition ','Feature Édition  for SysModule',5,'6bd678f3-6310-462c-980b-5f73ef0246cb','2025-02-19 06:38:59','2025-02-19 06:38:59'),(21,'SysModule - Lecture','Feature Lecture for SysModule',5,'96612610-51c2-4320-a5bf-7f97a3b31c4b','2025-02-19 06:38:59','2025-02-19 06:38:59'),(22,'SysModule - Extraction','Feature Extraction for SysModule',5,'16892b78-1770-43c7-8e90-b7e4845293bd','2025-02-19 06:38:59','2025-02-19 06:38:59'),(23,'SysController - Afficher','Feature Afficher for SysController',6,'bdc3cac1-25bf-40d0-8234-ce982b1395ba','2025-02-19 06:38:59','2025-02-19 06:38:59'),(24,'SysController - Lecture','Feature Lecture for SysController',6,'a8ddedc7-9524-486c-875a-4b688cb93970','2025-02-19 06:38:59','2025-02-19 06:38:59'),(25,'SysController - Édition sans Ajouter','Feature Édition sans Ajouter for SysController',6,'9ee4b24e-0f04-4b04-8f0a-276c2069a27e','2025-02-19 06:38:59','2025-02-19 06:38:59'),(26,'SysController - Édition ','Feature Édition  for SysController',6,'cdd71a61-adea-43f2-9c61-86a91ea2ea95','2025-02-19 06:38:59','2025-02-19 06:38:59'),(27,'SysController - Extraction','Feature Extraction for SysController',6,'4f45d5c3-7964-454d-b253-d8d5f58e84b1','2025-02-19 06:38:59','2025-02-19 06:38:59'),(28,'FeatureDomain - Afficher','Feature Afficher for FeatureDomain',7,'362dc53d-11ee-459d-a81a-b3623c2ec941','2025-02-19 06:38:59','2025-02-19 06:38:59'),(29,'FeatureDomain - Lecture','Feature Lecture for FeatureDomain',7,'87c7786c-7c4a-4baf-a796-97761f0cc8fb','2025-02-19 06:38:59','2025-02-19 06:38:59'),(30,'FeatureDomain - Édition sans Ajouter','Feature Édition sans Ajouter for FeatureDomain',7,'0f9119b9-ed96-428d-bc4f-1c5d28f085b1','2025-02-19 06:39:00','2025-02-19 06:39:00'),(31,'FeatureDomain - Édition ','Feature Édition  for FeatureDomain',7,'13bccbae-2c1c-4eb7-b055-d3c3096d0d2c','2025-02-19 06:39:00','2025-02-19 06:39:00'),(32,'FeatureDomain - Extraction','Feature Extraction for FeatureDomain',7,'866f6ab1-7a24-4ea8-9489-32dc7c832d69','2025-02-19 06:39:00','2025-02-19 06:39:00'),(33,'Feature - Afficher','Feature Afficher for Feature',8,'f3248184-5de1-4ee1-9001-9c0987f7d01b','2025-02-19 06:39:00','2025-02-19 06:39:00'),(34,'Feature - Lecture','Feature Lecture for Feature',8,'76f04e88-cf46-42e9-954a-3dac04ede542','2025-02-19 06:39:00','2025-02-19 06:39:00'),(35,'Feature - Édition sans Ajouter','Feature Édition sans Ajouter for Feature',8,'8cc3a749-8cc9-491a-b880-0eb1a71109e2','2025-02-19 06:39:00','2025-02-19 06:39:00'),(36,'Feature - Édition ','Feature Édition  for Feature',8,'3d66a863-0045-4ad6-8daf-a113386708b0','2025-02-19 06:39:00','2025-02-19 06:39:00'),(37,'Feature - Extraction','Feature Extraction for Feature',8,'3fa7f6d7-9fd6-4ef7-a088-dcf01ab9e423','2025-02-19 06:39:00','2025-02-19 06:39:00'),(38,'ApprenantKonosy - Édition ','Feature Édition  for ApprenantKonosy',9,'6eaf93d7-0b4c-4e75-b51d-4ab05b572f44','2025-02-19 06:39:26','2025-02-19 06:39:26'),(39,'ApprenantKonosy - Lecture','Feature Lecture for ApprenantKonosy',9,'5745e890-f2ab-4e12-a508-ee381356cd38','2025-02-19 06:39:26','2025-02-19 06:39:26'),(40,'ApprenantKonosy - Extraction','Feature Extraction for ApprenantKonosy',9,'b481ebe7-f660-45ac-b905-161eea8dbf57','2025-02-19 06:39:26','2025-02-19 06:39:26'),(41,'Filiere - Afficher','Feature Afficher for Filiere',10,'c3948a11-a42b-480b-bfd6-9702be14adc2','2025-02-19 06:39:27','2025-02-19 06:39:27'),(42,'Filiere - Lecture','Feature Lecture for Filiere',10,'acb91aea-0a6c-4e8d-b9d2-9cac50611c26','2025-02-19 06:39:27','2025-02-19 06:39:27'),(43,'Filiere - Édition sans Ajouter','Feature Édition sans Ajouter for Filiere',10,'2e2488d9-b230-4921-919c-99952c0808ae','2025-02-19 06:39:27','2025-02-19 06:39:27'),(44,'Filiere - Édition ','Feature Édition  for Filiere',10,'994d0daa-7433-4984-bce8-84e0de01fe7e','2025-02-19 06:39:27','2025-02-19 06:39:27'),(45,'Filiere - Extraction','Feature Extraction for Filiere',10,'d6410643-3ae0-4776-a8aa-3b6acda09e0e','2025-02-19 06:39:27','2025-02-19 06:39:27'),(46,'Module - Afficher','Feature Afficher for Module',11,'da1ee1a5-db7a-4b60-9cb5-ae4984749e66','2025-02-19 06:39:27','2025-02-19 06:39:27'),(47,'Module - Lecture','Feature Lecture for Module',11,'c6e5aec6-ee53-4e82-9ad6-56c3a2c9011b','2025-02-19 06:39:27','2025-02-19 06:39:27'),(48,'Module - Édition sans Ajouter','Feature Édition sans Ajouter for Module',11,'e2524d57-94ed-448b-bd5e-af7b91422821','2025-02-19 06:39:27','2025-02-19 06:39:27'),(49,'Module - Édition ','Feature Édition  for Module',11,'d98d158f-d733-4c82-9559-2dadd3a974b0','2025-02-19 06:39:27','2025-02-19 06:39:27'),(50,'Module - Extraction','Feature Extraction for Module',11,'cce426d7-f4e6-4327-99ff-d8945cd8e0a6','2025-02-19 06:39:27','2025-02-19 06:39:27'),(51,'CategoryTechnology - Afficher','Feature Afficher for CategoryTechnology',12,'3126d35b-b174-46f0-adce-8c39fb3161fd','2025-02-19 06:39:28','2025-02-19 06:39:28'),(52,'CategoryTechnology - Lecture','Feature Lecture for CategoryTechnology',12,'116b9818-f92e-43a2-b244-61959376f85e','2025-02-19 06:39:28','2025-02-19 06:39:28'),(53,'CategoryTechnology - Édition sans Ajouter','Feature Édition sans Ajouter for CategoryTechnology',12,'bd61d87a-84e7-4387-95e4-fd59cba79582','2025-02-19 06:39:28','2025-02-19 06:39:28'),(54,'CategoryTechnology - Édition ','Feature Édition  for CategoryTechnology',12,'e8e35ccf-1837-4778-baec-49832b336312','2025-02-19 06:39:28','2025-02-19 06:39:28'),(55,'CategoryTechnology - Extraction','Feature Extraction for CategoryTechnology',12,'57b5b067-c371-4760-a9b6-f4ff2eb35ad3','2025-02-19 06:39:28','2025-02-19 06:39:28'),(56,'Competence - Afficher','Feature Afficher for Competence',13,'1205a837-4551-43a9-ad87-a7a666c70eee','2025-02-19 06:39:28','2025-02-19 06:39:28'),(57,'Competence - Lecture','Feature Lecture for Competence',13,'441b35a0-1f58-460f-bff7-fdbe5f9c2924','2025-02-19 06:39:28','2025-02-19 06:39:28'),(58,'Competence - Édition sans Ajouter','Feature Édition sans Ajouter for Competence',13,'fae6e077-8787-492f-ba88-44f225388c0c','2025-02-19 06:39:28','2025-02-19 06:39:28'),(59,'Competence - Édition ','Feature Édition  for Competence',13,'c101e6c5-dd33-400d-aa01-488ee54d6287','2025-02-19 06:39:28','2025-02-19 06:39:28'),(60,'Competence - Extraction','Feature Extraction for Competence',13,'484cb915-2cf6-4465-840b-f0d76943cb47','2025-02-19 06:39:28','2025-02-19 06:39:28'),(61,'NiveauCompetence - Afficher','Feature Afficher for NiveauCompetence',14,'a8df0193-4642-4a6c-b97a-83fab0f007e7','2025-02-19 06:39:29','2025-02-19 06:39:29'),(62,'NiveauCompetence - Lecture','Feature Lecture for NiveauCompetence',14,'9574a6a4-2148-4be7-a18e-1c922ce42084','2025-02-19 06:39:29','2025-02-19 06:39:29'),(63,'NiveauCompetence - Édition sans Ajouter','Feature Édition sans Ajouter for NiveauCompetence',14,'c38aa122-e88d-4bde-84e5-9c7e714490b9','2025-02-19 06:39:29','2025-02-19 06:39:29'),(64,'NiveauCompetence - Édition ','Feature Édition  for NiveauCompetence',14,'71babc14-d8a1-487b-af4c-d5ecfaf324d6','2025-02-19 06:39:29','2025-02-19 06:39:29'),(65,'NiveauCompetence - Extraction','Feature Extraction for NiveauCompetence',14,'26326464-0fe2-45a1-9516-7a48dd8f81e0','2025-02-19 06:39:29','2025-02-19 06:39:29'),(66,'Technology - Afficher','Feature Afficher for Technology',15,'77d54a76-a99d-4673-9e92-d70ba004dd15','2025-02-19 06:39:30','2025-02-19 06:39:30'),(67,'Technology - Lecture','Feature Lecture for Technology',15,'398bf096-3ddd-46df-9b30-92801db0ec0d','2025-02-19 06:39:30','2025-02-19 06:39:30'),(68,'Technology - Édition sans Ajouter','Feature Édition sans Ajouter for Technology',15,'c8006747-8b0c-45e4-93ae-98cbf399c8a9','2025-02-19 06:39:30','2025-02-19 06:39:30'),(69,'Technology - Édition ','Feature Édition  for Technology',15,'2d972a1e-6240-498d-80e2-0523521cdc14','2025-02-19 06:39:30','2025-02-19 06:39:30'),(70,'Technology - Extraction','Feature Extraction for Technology',15,'a851a585-dcab-4572-ad13-d3ddffabeb4c','2025-02-19 06:39:30','2025-02-19 06:39:30'),(71,'NiveauxScolaire - Afficher','Feature Afficher for NiveauxScolaire',16,'3a2bf055-1690-4cbf-bafd-56be8c790622','2025-02-19 06:39:30','2025-02-19 06:39:30'),(72,'NiveauxScolaire - Lecture','Feature Lecture for NiveauxScolaire',16,'ccf2b63c-5e08-4160-a584-c68c30d8106f','2025-02-19 06:39:30','2025-02-19 06:39:30'),(73,'NiveauxScolaire - Édition sans Ajouter','Feature Édition sans Ajouter for NiveauxScolaire',16,'2aafa796-7bac-43e7-8040-c9c1a7a9bb0f','2025-02-19 06:39:30','2025-02-19 06:39:30'),(74,'NiveauxScolaire - Édition ','Feature Édition  for NiveauxScolaire',16,'1a8a41ca-f283-4260-a7cc-e87cb6b7ecd2','2025-02-19 06:39:30','2025-02-19 06:39:30'),(75,'NiveauxScolaire - Extraction','Feature Extraction for NiveauxScolaire',16,'4d167d4e-8d3f-4f2e-ae2c-596d5757114b','2025-02-19 06:39:31','2025-02-19 06:39:31'),(76,'Ville - Afficher','Feature Afficher for Ville',17,'21d03a52-259f-47db-8db8-e7edda4261fc','2025-02-19 06:39:31','2025-02-19 06:39:31'),(77,'Ville - Lecture','Feature Lecture for Ville',17,'f898d1ae-dcde-4cc2-87ac-ecaa04a9551b','2025-02-19 06:39:31','2025-02-19 06:39:31'),(78,'Ville - Édition sans Ajouter','Feature Édition sans Ajouter for Ville',17,'ef132e97-d8b0-4917-8c47-d50916c1ef2d','2025-02-19 06:39:31','2025-02-19 06:39:31'),(79,'Ville - Édition ','Feature Édition  for Ville',17,'5813bd86-8b34-4def-9370-836340966c1a','2025-02-19 06:39:31','2025-02-19 06:39:31'),(80,'Ville - Extraction','Feature Extraction for Ville',17,'d65bb33b-baf9-4ddf-a24b-546a0212190f','2025-02-19 06:39:31','2025-02-19 06:39:31'),(81,'Nationalite - Afficher','Feature Afficher for Nationalite',18,'24815185-3562-4767-8f51-aec83bc3445c','2025-02-19 06:39:31','2025-02-19 06:39:31'),(82,'Nationalite - Lecture','Feature Lecture for Nationalite',18,'e2b0a2d0-2006-4c8f-97ec-70f7340e419b','2025-02-19 06:39:31','2025-02-19 06:39:31'),(83,'Nationalite - Édition sans Ajouter','Feature Édition sans Ajouter for Nationalite',18,'1a898530-3dd0-4119-93bb-108142dee946','2025-02-19 06:39:31','2025-02-19 06:39:31'),(84,'Nationalite - Édition ','Feature Édition  for Nationalite',18,'bc71d317-dfcb-4c27-883d-8a7df29c6fc4','2025-02-19 06:39:31','2025-02-19 06:39:31'),(85,'Nationalite - Extraction','Feature Extraction for Nationalite',18,'ba8d2eb9-b165-4958-bcb0-e397b6796b17','2025-02-19 06:39:32','2025-02-19 06:39:32'),(86,'AnneeFormation - Afficher','Feature Afficher for AnneeFormation',19,'53e4564a-867f-4e77-b105-048ab40ae31b','2025-02-19 06:39:32','2025-02-19 06:39:32'),(87,'AnneeFormation - Lecture','Feature Lecture for AnneeFormation',19,'2d6a9937-db88-48e9-a0a6-9d7be7a03ea8','2025-02-19 06:39:32','2025-02-19 06:39:32'),(88,'AnneeFormation - Édition sans Ajouter','Feature Édition sans Ajouter for AnneeFormation',19,'14f0cb95-ce1a-4d30-aba0-ee0e41f52b64','2025-02-19 06:39:32','2025-02-19 06:39:32'),(89,'AnneeFormation - Édition ','Feature Édition  for AnneeFormation',19,'2c6f5f79-c5bf-4889-bb40-4abd14445b2a','2025-02-19 06:39:32','2025-02-19 06:39:32'),(90,'AnneeFormation - Extraction','Feature Extraction for AnneeFormation',19,'65adc1eb-1fe0-47c0-bedf-2578e4b7ebcf','2025-02-19 06:39:32','2025-02-19 06:39:32'),(91,'Groupe - Afficher','Feature Afficher for Groupe',20,'69aaca83-4c8f-4de2-8f0b-9966abd319d4','2025-02-19 06:39:32','2025-02-19 06:39:32'),(92,'Groupe - Lecture','Feature Lecture for Groupe',20,'e178e9f7-c096-433b-abcc-d78320ac8678','2025-02-19 06:39:32','2025-02-19 06:39:32'),(93,'Groupe - Édition sans Ajouter','Feature Édition sans Ajouter for Groupe',20,'c0935070-4a18-44be-b36a-7c6d66221336','2025-02-19 06:39:32','2025-02-19 06:39:32'),(94,'Groupe - Édition ','Feature Édition  for Groupe',20,'a9184a6a-5812-45ca-aa11-8e36c34fc55f','2025-02-19 06:39:32','2025-02-19 06:39:32'),(95,'Groupe - Extraction','Feature Extraction for Groupe',20,'00f52501-f6db-4bfc-a121-ea04cfc982e4','2025-02-19 06:39:32','2025-02-19 06:39:32'),(96,'Apprenant - Afficher','Feature Afficher for Apprenant',21,'ed73e7b0-ac87-4744-b578-ca7158bd4b2a','2025-02-19 06:39:32','2025-02-19 06:39:32'),(97,'Apprenant - Lecture','Feature Lecture for Apprenant',21,'edd2186f-724e-4d9f-a0e7-320e773b82ba','2025-02-19 06:39:32','2025-02-19 06:39:32'),(98,'Apprenant - Édition sans Ajouter','Feature Édition sans Ajouter for Apprenant',21,'25a59b4d-1a12-4f73-a960-c621e9f739eb','2025-02-19 06:39:32','2025-02-19 06:39:32'),(99,'Apprenant - Édition ','Feature Édition  for Apprenant',21,'69dc9632-7bce-4e8d-bb36-9caccf7f12b5','2025-02-19 06:39:33','2025-02-19 06:39:33'),(100,'Apprenant - Extraction','Feature Extraction for Apprenant',21,'b1d8d671-690e-4c6b-9d34-3f2ee3f90aff','2025-02-19 06:39:33','2025-02-19 06:39:33'),(101,'Apprenant - initPassword','Feature initPassword for Apprenant',21,'d07ae37b-b5a1-4dee-ab62-8d5c719d4376','2025-02-19 06:39:33','2025-02-19 06:39:33'),(102,'Specialite - Afficher','Feature Afficher for Specialite',22,'8febb5be-2e75-4bd3-9b06-fa09f0c5834a','2025-02-19 06:39:33','2025-02-19 06:39:33'),(103,'Specialite - Lecture','Feature Lecture for Specialite',22,'6a4b4cca-626b-4964-8f43-bd0629bde17a','2025-02-19 06:39:33','2025-02-19 06:39:33'),(104,'Specialite - Édition sans Ajouter','Feature Édition sans Ajouter for Specialite',22,'7ae90c50-67bb-43fd-8ce5-35d83e69dab9','2025-02-19 06:39:33','2025-02-19 06:39:33'),(105,'Specialite - Édition ','Feature Édition  for Specialite',22,'33cd3e7b-0257-4f4a-bd10-dbc4a97ddafa','2025-02-19 06:39:33','2025-02-19 06:39:33'),(106,'Specialite - Extraction','Feature Extraction for Specialite',22,'0065c727-66e2-49da-83e1-c700d00516dc','2025-02-19 06:39:33','2025-02-19 06:39:33'),(107,'SysModel - Édition ','Feature Édition  for SysModel',23,'2449993d-f281-4945-b924-f965a6b4480b','2025-02-19 06:39:35','2025-02-19 06:39:35'),(108,'SysModel - Lecture','Feature Lecture for SysModel',23,'5b51643c-06a0-4712-bb76-bc8c5fa14e8a','2025-02-19 06:39:35','2025-02-19 06:39:35'),(109,'SysModel - Extraction','Feature Extraction for SysModel',23,'2f6a92a4-52ea-46e5-80d7-29c12784971b','2025-02-19 06:39:35','2025-02-19 06:39:35'),(110,'Formateur - Afficher','Feature Afficher for Formateur',24,'b12b3c23-75f0-4b06-897e-9d8ac4176cdf','2025-02-19 06:39:37','2025-02-19 06:39:37'),(111,'Formateur - Lecture','Feature Lecture for Formateur',24,'1d410408-c638-4f94-8f34-737513c454d2','2025-02-19 06:39:37','2025-02-19 06:39:37'),(112,'Formateur - Édition sans Ajouter','Feature Édition sans Ajouter for Formateur',24,'cf008b8f-c35b-4b59-ad8f-1370a942dbbf','2025-02-19 06:39:37','2025-02-19 06:39:37'),(113,'Formateur - Édition ','Feature Édition  for Formateur',24,'66db13b0-fa9a-4efc-8d1f-6d03826b02cf','2025-02-19 06:39:37','2025-02-19 06:39:37'),(114,'Formateur - Extraction','Feature Extraction for Formateur',24,'768f4939-04c5-4bec-be60-fa087b444e57','2025-02-19 06:39:37','2025-02-19 06:39:37'),(115,'Formateur - initPassword','Feature initPassword for Formateur',24,'2e6f24cd-050a-459a-9ba4-f87fef3a3c46','2025-02-19 06:39:37','2025-02-19 06:39:37'),(116,'WidgetType - Afficher','Feature Afficher for WidgetType',25,'81dbce66-8313-4ce2-b86c-b99dd46fc103','2025-02-19 06:39:37','2025-02-19 06:39:37'),(117,'WidgetType - Lecture','Feature Lecture for WidgetType',25,'2e19a7b7-9520-4ed1-a60e-07f375ee744f','2025-02-19 06:39:37','2025-02-19 06:39:37'),(118,'WidgetType - Édition sans Ajouter','Feature Édition sans Ajouter for WidgetType',25,'7583156f-e4a1-478d-bdde-ced553466eff','2025-02-19 06:39:37','2025-02-19 06:39:37'),(119,'WidgetType - Édition ','Feature Édition  for WidgetType',25,'eb4282e2-c8bd-420d-b2a8-92050d759d23','2025-02-19 06:39:37','2025-02-19 06:39:37'),(120,'WidgetType - Extraction','Feature Extraction for WidgetType',25,'abd9826b-35a6-4d7e-ae80-147815c1104a','2025-02-19 06:39:38','2025-02-19 06:39:38'),(121,'WidgetOperation - Afficher','Feature Afficher for WidgetOperation',26,'5d1798ec-d2e3-456f-ba92-aba9adb2bbbf','2025-02-19 06:39:38','2025-02-19 06:39:38'),(122,'WidgetOperation - Lecture','Feature Lecture for WidgetOperation',26,'f0f38e8f-9eb0-4785-8bb2-a78ce87b4dea','2025-02-19 06:39:38','2025-02-19 06:39:38'),(123,'WidgetOperation - Édition sans Ajouter','Feature Édition sans Ajouter for WidgetOperation',26,'ff2b8762-fccc-4fa0-bf05-5890c8bd487f','2025-02-19 06:39:38','2025-02-19 06:39:38'),(124,'WidgetOperation - Édition ','Feature Édition  for WidgetOperation',26,'a6475c63-c43b-436d-ab9d-e19f4afb701c','2025-02-19 06:39:38','2025-02-19 06:39:38'),(125,'WidgetOperation - Extraction','Feature Extraction for WidgetOperation',26,'097aed95-311b-422f-b3e3-c1d5abdb9786','2025-02-19 06:39:38','2025-02-19 06:39:38'),(126,'Widget - Afficher','Feature Afficher for Widget',27,'bb23e641-d388-498d-b79f-d6f39d80507b','2025-02-19 06:39:38','2025-02-19 06:39:38'),(127,'Widget - Lecture','Feature Lecture for Widget',27,'6fe52aef-b6d2-4fbb-83a8-0b23c910b0a8','2025-02-19 06:39:38','2025-02-19 06:39:38'),(128,'Widget - Édition sans Ajouter','Feature Édition sans Ajouter for Widget',27,'59302b9b-46c5-4420-928f-1b99ce0453a7','2025-02-19 06:39:38','2025-02-19 06:39:38'),(129,'Widget - Édition ','Feature Édition  for Widget',27,'305f00cb-b4ff-427e-8320-7d1ae98558d3','2025-02-19 06:39:38','2025-02-19 06:39:38'),(130,'Widget - Extraction','Feature Extraction for Widget',27,'3bfa2f8f-5935-4e12-93d3-643ebcdafce0','2025-02-19 06:39:38','2025-02-19 06:39:38'),(131,'NiveauDifficulte - Afficher','Feature Afficher for NiveauDifficulte',28,'bdeb94d1-f61e-450a-89e3-65522773c7f5','2025-02-19 06:39:39','2025-02-19 06:39:39'),(132,'NiveauDifficulte - Lecture','Feature Lecture for NiveauDifficulte',28,'7fcb0753-4db1-43d8-8909-f47608fa0dc0','2025-02-19 06:39:39','2025-02-19 06:39:39'),(133,'NiveauDifficulte - Édition sans Ajouter','Feature Édition sans Ajouter for NiveauDifficulte',28,'426d9e31-6c9f-42e5-b287-c99215f7197e','2025-02-19 06:39:39','2025-02-19 06:39:39'),(134,'NiveauDifficulte - Édition ','Feature Édition  for NiveauDifficulte',28,'66f90868-1353-437e-aa2b-f57ed00c654a','2025-02-19 06:39:39','2025-02-19 06:39:39'),(135,'NiveauDifficulte - Extraction','Feature Extraction for NiveauDifficulte',28,'483e6e76-6861-4006-8b07-d8d0b5357866','2025-02-19 06:39:39','2025-02-19 06:39:39'),(136,'NatureLivrable - Afficher','Feature Afficher for NatureLivrable',29,'2c13b35f-3efc-4123-9594-ebe25a65dab4','2025-02-19 06:39:39','2025-02-19 06:39:39'),(137,'NatureLivrable - Lecture','Feature Lecture for NatureLivrable',29,'e6c6d22c-bf56-4a6b-b4e5-e0e6dab34cea','2025-02-19 06:39:39','2025-02-19 06:39:39'),(138,'NatureLivrable - Édition sans Ajouter','Feature Édition sans Ajouter for NatureLivrable',29,'67c3923d-4c2a-4249-aa29-1e5d18ba6159','2025-02-19 06:39:39','2025-02-19 06:39:39'),(139,'NatureLivrable - Édition ','Feature Édition  for NatureLivrable',29,'003eb7b1-c57a-46ed-8456-f6772734acd0','2025-02-19 06:39:39','2025-02-19 06:39:39'),(140,'NatureLivrable - Extraction','Feature Extraction for NatureLivrable',29,'52f82b69-9203-45d8-a502-4ba376190803','2025-02-19 06:39:39','2025-02-19 06:39:39'),(141,'Projet - Afficher','Feature Afficher for Projet',30,'e99cc244-331b-4282-b1d4-952963efce8a','2025-02-19 06:39:40','2025-02-19 06:39:40'),(142,'Projet - Lecture','Feature Lecture for Projet',30,'dd6e0563-555f-4877-b69a-a4120c86151a','2025-02-19 06:39:40','2025-02-19 06:39:40'),(143,'Projet - Édition sans Ajouter','Feature Édition sans Ajouter for Projet',30,'b07ad2ce-68d5-42ed-a1cd-05909757e250','2025-02-19 06:39:40','2025-02-19 06:39:40'),(144,'Projet - Édition ','Feature Édition  for Projet',30,'727ce7fb-0f8a-41c0-b69a-6e6eb8495912','2025-02-19 06:39:40','2025-02-19 06:39:40'),(145,'Projet - Extraction','Feature Extraction for Projet',30,'2c09179a-804c-4fd9-b1fc-2c4c21c59aa8','2025-02-19 06:39:40','2025-02-19 06:39:40'),(146,'Resource - Afficher','Feature Afficher for Resource',31,'220730f4-e5b7-442b-9d33-a17165a48b6a','2025-02-19 06:39:40','2025-02-19 06:39:40'),(147,'Resource - Lecture','Feature Lecture for Resource',31,'43673388-5895-4933-a719-a72ec13ecd9f','2025-02-19 06:39:40','2025-02-19 06:39:40'),(148,'Resource - Édition sans Ajouter','Feature Édition sans Ajouter for Resource',31,'9d53278f-b443-4afd-8986-85eb472a430c','2025-02-19 06:39:40','2025-02-19 06:39:40'),(149,'Resource - Édition ','Feature Édition  for Resource',31,'86525120-99e0-4032-aed6-649ae926b9c2','2025-02-19 06:39:40','2025-02-19 06:39:40'),(150,'Resource - Extraction','Feature Extraction for Resource',31,'2c5035be-00a8-43cb-a6be-cbb2dd384d96','2025-02-19 06:39:40','2025-02-19 06:39:40'),(151,'Livrable - Afficher','Feature Afficher for Livrable',32,'1ed317be-54aa-4d51-b7fe-a995c394aff2','2025-02-19 06:39:41','2025-02-19 06:39:41'),(152,'Livrable - Lecture','Feature Lecture for Livrable',32,'2879f948-4077-4244-9105-0b7c8faff8ed','2025-02-19 06:39:41','2025-02-19 06:39:41'),(153,'Livrable - Édition sans Ajouter','Feature Édition sans Ajouter for Livrable',32,'b5826c94-3ed1-4d43-a0da-66c134eaf307','2025-02-19 06:39:41','2025-02-19 06:39:41'),(154,'Livrable - Édition ','Feature Édition  for Livrable',32,'6f2b77ee-2e09-47c3-a939-ef72e56cc891','2025-02-19 06:39:41','2025-02-19 06:39:41'),(155,'Livrable - Extraction','Feature Extraction for Livrable',32,'227472ce-ea6f-440f-9aff-3ac0e9e62409','2025-02-19 06:39:41','2025-02-19 06:39:41'),(156,'TransfertCompetence - Afficher','Feature Afficher for TransfertCompetence',33,'38ffeef0-f432-46e4-9e47-019362537570','2025-02-19 06:39:41','2025-02-19 06:39:41'),(157,'TransfertCompetence - Lecture','Feature Lecture for TransfertCompetence',33,'6fe713e2-58fd-4367-912d-eec7ada0aee8','2025-02-19 06:39:41','2025-02-19 06:39:41'),(158,'TransfertCompetence - Édition sans Ajouter','Feature Édition sans Ajouter for TransfertCompetence',33,'8bc03705-011d-46a7-9b29-fc552717d3b4','2025-02-19 06:39:41','2025-02-19 06:39:41'),(159,'TransfertCompetence - Édition ','Feature Édition  for TransfertCompetence',33,'d64196c4-1e2a-4d50-9004-6e8ce37c0fdc','2025-02-19 06:39:41','2025-02-19 06:39:41'),(160,'TransfertCompetence - Extraction','Feature Extraction for TransfertCompetence',33,'754e3b04-76f1-4fe7-9e15-f06902c8f3d4','2025-02-19 06:39:42','2025-02-19 06:39:42'),(161,'EMetadataDefinition - Afficher','Feature Afficher for EMetadataDefinition',34,'475e42f4-7e3a-4838-9805-a08f0fbbfc73','2025-02-19 06:39:42','2025-02-19 06:39:42'),(162,'EMetadataDefinition - Lecture','Feature Lecture for EMetadataDefinition',34,'0edf12e6-5f54-4063-9601-64c798ebf9ee','2025-02-19 06:39:42','2025-02-19 06:39:42'),(163,'EMetadataDefinition - Édition sans Ajouter','Feature Édition sans Ajouter for EMetadataDefinition',34,'b8dc9a91-aafb-421b-9a70-014b1dcc7e48','2025-02-19 06:39:42','2025-02-19 06:39:42'),(164,'EMetadataDefinition - Édition ','Feature Édition  for EMetadataDefinition',34,'eabc5ec5-4fd1-46ae-b171-57f4cc5f4027','2025-02-19 06:39:42','2025-02-19 06:39:42'),(165,'EMetadataDefinition - Extraction','Feature Extraction for EMetadataDefinition',34,'4af6850e-df05-4c90-8bb7-27cca08589b8','2025-02-19 06:39:42','2025-02-19 06:39:42'),(166,'EPackage - Afficher','Feature Afficher for EPackage',35,'6dfc9547-08da-45af-8237-01e995166ead','2025-02-19 06:39:42','2025-02-19 06:39:42'),(167,'EPackage - Lecture','Feature Lecture for EPackage',35,'15656e29-2d39-4d1a-8b69-8a2aff035aac','2025-02-19 06:39:42','2025-02-19 06:39:42'),(168,'EPackage - Édition sans Ajouter','Feature Édition sans Ajouter for EPackage',35,'19f8cb8b-8884-4417-9fde-40345a57ff47','2025-02-19 06:39:42','2025-02-19 06:39:42'),(169,'EPackage - Édition ','Feature Édition  for EPackage',35,'c86f44c4-d21f-4ccb-b367-aaa20452d39c','2025-02-19 06:39:42','2025-02-19 06:39:42'),(170,'EPackage - Extraction','Feature Extraction for EPackage',35,'34ed7189-6c4e-4b55-9b74-7d1f2d8cd879','2025-02-19 06:39:42','2025-02-19 06:39:42'),(171,'EModel - Afficher','Feature Afficher for EModel',36,'29e50cf7-7a16-414d-9e50-d4642afbbd42','2025-02-19 06:39:42','2025-02-19 06:39:42'),(172,'EModel - Lecture','Feature Lecture for EModel',36,'ff4a4ddc-3c3b-4964-9d60-fa801d961e0d','2025-02-19 06:39:43','2025-02-19 06:39:43'),(173,'EModel - Édition sans Ajouter','Feature Édition sans Ajouter for EModel',36,'54838ded-80ab-4ef3-95fd-8bba69af2919','2025-02-19 06:39:43','2025-02-19 06:39:43'),(174,'EModel - Édition ','Feature Édition  for EModel',36,'c6273b04-e1ad-4c82-9974-834e547ab019','2025-02-19 06:39:43','2025-02-19 06:39:43'),(175,'EModel - Extraction','Feature Extraction for EModel',36,'459319fd-385a-4bf2-83c0-9d01b420f7f5','2025-02-19 06:39:43','2025-02-19 06:39:43'),(176,'ERelationship - Afficher','Feature Afficher for ERelationship',37,'f14436f2-5693-46a2-9f67-694b4882e7cf','2025-02-19 06:39:43','2025-02-19 06:39:43'),(177,'ERelationship - Lecture','Feature Lecture for ERelationship',37,'6cf55692-3bef-45b2-9168-63fb4175bd2e','2025-02-19 06:39:43','2025-02-19 06:39:43'),(178,'ERelationship - Édition sans Ajouter','Feature Édition sans Ajouter for ERelationship',37,'39cdf920-b0ad-47c1-b21f-047f22db25bf','2025-02-19 06:39:43','2025-02-19 06:39:43'),(179,'ERelationship - Édition ','Feature Édition  for ERelationship',37,'a550ef63-bbfa-4620-9f21-32c9ddadb1db','2025-02-19 06:39:43','2025-02-19 06:39:43'),(180,'ERelationship - Extraction','Feature Extraction for ERelationship',37,'e93a8d73-2726-4fc3-a2d2-ea613d9611a5','2025-02-19 06:39:43','2025-02-19 06:39:43'),(181,'EDataField - Afficher','Feature Afficher for EDataField',38,'598e9470-c219-4e7a-adfa-23cc85f22bd4','2025-02-19 06:39:43','2025-02-19 06:39:43'),(182,'EDataField - Lecture','Feature Lecture for EDataField',38,'ec9f9b6e-a90e-4e68-807a-8050cfa3a63b','2025-02-19 06:39:43','2025-02-19 06:39:43'),(183,'EDataField - Édition sans Ajouter','Feature Édition sans Ajouter for EDataField',38,'41e20529-f223-4fbc-b01f-73c416d8fff9','2025-02-19 06:39:43','2025-02-19 06:39:43'),(184,'EDataField - Édition ','Feature Édition  for EDataField',38,'8d56f851-f0f4-4e33-ae0f-1edd3ad48880','2025-02-19 06:39:43','2025-02-19 06:39:43'),(185,'EDataField - Extraction','Feature Extraction for EDataField',38,'97487dd1-cbbd-4f78-891d-7ea925992b72','2025-02-19 06:39:44','2025-02-19 06:39:44'),(186,'EMetadatum - Afficher','Feature Afficher for EMetadatum',39,'ec038a8d-89f9-482b-81e1-ad0f1918b09a','2025-02-19 06:39:44','2025-02-19 06:39:44'),(187,'EMetadatum - Lecture','Feature Lecture for EMetadatum',39,'fa6fb84e-035d-4ca5-9069-08d0203df1a9','2025-02-19 06:39:44','2025-02-19 06:39:44'),(188,'EMetadatum - Édition sans Ajouter','Feature Édition sans Ajouter for EMetadatum',39,'d4fa2dca-5fa5-4c3a-b27c-098ef2d5da6c','2025-02-19 06:39:44','2025-02-19 06:39:44'),(189,'EMetadatum - Édition ','Feature Édition  for EMetadatum',39,'a8564d86-7f1b-467f-8c29-1a6dddf2ebc0','2025-02-19 06:39:44','2025-02-19 06:39:44'),(190,'EMetadatum - Extraction','Feature Extraction for EMetadatum',39,'346333ba-c6cb-4aef-ab8a-e6e8a8b12b9e','2025-02-19 06:39:44','2025-02-19 06:39:44'),(191,'EtatsRealisationProjet - Afficher','Feature Afficher for EtatsRealisationProjet',40,'77af0b8c-0a12-46a3-922d-96ac03963030','2025-02-19 06:39:44','2025-02-19 06:39:44'),(192,'EtatsRealisationProjet - Lecture','Feature Lecture for EtatsRealisationProjet',40,'95d644ef-4409-487e-8e62-9aa7e6e897bf','2025-02-19 06:39:44','2025-02-19 06:39:44'),(193,'EtatsRealisationProjet - Édition sans Ajouter','Feature Édition sans Ajouter for EtatsRealisationProjet',40,'deed40b0-1242-4f3a-96e5-a7d0313f5ab2','2025-02-19 06:39:44','2025-02-19 06:39:44'),(194,'EtatsRealisationProjet - Édition ','Feature Édition  for EtatsRealisationProjet',40,'0ecae3b8-676f-4ad9-9287-b043ffa5f696','2025-02-19 06:39:44','2025-02-19 06:39:44'),(195,'EtatsRealisationProjet - Extraction','Feature Extraction for EtatsRealisationProjet',40,'e8bd5cc1-e0d2-44de-bd5e-c7880315e772','2025-02-19 06:39:44','2025-02-19 06:39:44'),(196,'AffectationProjet - Afficher','Feature Afficher for AffectationProjet',41,'6d70726e-201a-494d-91af-52805b728797','2025-02-19 06:39:45','2025-02-19 06:39:45'),(197,'AffectationProjet - Lecture','Feature Lecture for AffectationProjet',41,'ca4a503a-07c8-4865-9b3a-6f33ab19aa10','2025-02-19 06:39:45','2025-02-19 06:39:45'),(198,'AffectationProjet - Édition sans Ajouter','Feature Édition sans Ajouter for AffectationProjet',41,'5f99d621-2c6a-4a93-abab-a472bd27312d','2025-02-19 06:39:45','2025-02-19 06:39:45'),(199,'AffectationProjet - Édition ','Feature Édition  for AffectationProjet',41,'7c69ecb6-cac9-472e-86f2-bdae35ac3598','2025-02-19 06:39:45','2025-02-19 06:39:45'),(200,'AffectationProjet - Extraction','Feature Extraction for AffectationProjet',41,'6db6c93a-6f61-452f-8815-7753b1247329','2025-02-19 06:39:45','2025-02-19 06:39:45'),(201,'RealisationProjet - Afficher','Feature Afficher for RealisationProjet',42,'98ae3b9a-770a-40ce-aa3a-d405ce391c2e','2025-02-19 06:39:45','2025-02-19 06:39:45'),(202,'RealisationProjet - Lecture','Feature Lecture for RealisationProjet',42,'7da58bf4-6886-4e65-9c10-090a58a57282','2025-02-19 06:39:45','2025-02-19 06:39:45'),(203,'RealisationProjet - Édition sans Ajouter','Feature Édition sans Ajouter for RealisationProjet',42,'8dfcbe7b-92d6-4d4e-9bb6-79c66264a646','2025-02-19 06:39:45','2025-02-19 06:39:45'),(204,'RealisationProjet - Édition ','Feature Édition  for RealisationProjet',42,'df27f22d-cdc6-4e9f-8728-d56083acf231','2025-02-19 06:39:45','2025-02-19 06:39:45'),(205,'RealisationProjet - Extraction','Feature Extraction for RealisationProjet',42,'a00b3a37-1eb6-460a-a03e-eef30b448cc8','2025-02-19 06:39:45','2025-02-19 06:39:45'),(206,'LivrablesRealisation - Afficher','Feature Afficher for LivrablesRealisation',43,'020adcee-3d84-4e3b-819d-e50d1a1a38f5','2025-02-19 06:39:46','2025-02-19 06:39:46'),(207,'LivrablesRealisation - Lecture','Feature Lecture for LivrablesRealisation',43,'e64e2e2f-90eb-43cb-89c9-36a90cecb840','2025-02-19 06:39:46','2025-02-19 06:39:46'),(208,'LivrablesRealisation - Édition sans Ajouter','Feature Édition sans Ajouter for LivrablesRealisation',43,'760b7949-0480-41ef-b565-27ec9d7dbcf1','2025-02-19 06:39:46','2025-02-19 06:39:46'),(209,'LivrablesRealisation - Édition ','Feature Édition  for LivrablesRealisation',43,'2390c74e-1b03-41a0-aa22-a5602c8b88ef','2025-02-19 06:39:46','2025-02-19 06:39:46'),(210,'LivrablesRealisation - Extraction','Feature Extraction for LivrablesRealisation',43,'1a9d1fac-d503-4042-97f2-3ecbd048ed69','2025-02-19 06:39:46','2025-02-19 06:39:46'),(211,'Validation - Afficher','Feature Afficher for Validation',44,'e0d17e0a-6e38-4138-90f4-90ad690772ab','2025-02-19 06:39:46','2025-02-19 06:39:46'),(212,'Validation - Lecture','Feature Lecture for Validation',44,'8d522bb1-02af-48d6-9143-51b2897487a0','2025-02-19 06:39:46','2025-02-19 06:39:46'),(213,'Validation - Édition sans Ajouter','Feature Édition sans Ajouter for Validation',44,'14107a2e-33b7-4bf6-81d6-21b4552fd6c6','2025-02-19 06:39:46','2025-02-19 06:39:46'),(214,'Validation - Édition ','Feature Édition  for Validation',44,'4b4af258-7812-4c95-aaba-3ab410884c70','2025-02-19 06:39:46','2025-02-19 06:39:46'),(215,'Validation - Extraction','Feature Extraction for Validation',44,'b1e8d05a-6a29-4df5-8ccf-f927fda74863','2025-02-19 06:39:46','2025-02-19 06:39:46'),(216,'Profile - Afficher','Feature Afficher for Profile',45,'4fbf0084-0658-4ae9-9475-37da30bdc98b','2025-02-19 06:39:46','2025-02-19 06:39:46'),(217,'Profile - Lecture','Feature Lecture for Profile',45,'3fb7aac0-274b-429a-9278-fd6563b63d82','2025-02-19 06:39:46','2025-02-19 06:39:46'),(218,'Profile - Édition sans Ajouter','Feature Édition sans Ajouter for Profile',45,'0f1e25b4-4ee7-4a3f-b26f-40eeb472024e','2025-02-19 06:39:46','2025-02-19 06:39:46'),(219,'Profile - Édition ','Feature Édition  for Profile',45,'e13037fd-a32e-40d4-9537-3d2941c7ce99','2025-02-19 06:39:46','2025-02-19 06:39:46'),(220,'Profile - Extraction','Feature Extraction for Profile',45,'b04347a5-fcd4-45f1-8465-ed6c264d1f38','2025-02-19 06:39:46','2025-02-19 06:39:46'),(221,'SysModule - Afficher','Feature Afficher for SysModule',5,'b0905ab9-0737-48d0-8bb5-0d8659ed8983','2025-03-03 09:36:53','2025-03-03 09:36:53'),(222,'SysModule - Édition sans Ajouter','Feature Édition sans Ajouter for SysModule',5,'e24f7272-665a-450a-bd99-f1761907067e','2025-03-03 09:36:53','2025-03-03 09:36:53'),(223,'CommentaireRealisationTache - Afficher','Feature Afficher for CommentaireRealisationTache',46,'f16dbaa9-721e-4f58-b62c-532900fc4905','2025-03-03 09:37:55','2025-03-03 09:37:55'),(224,'CommentaireRealisationTache - Lecture','Feature Lecture for CommentaireRealisationTache',46,'bbc244d7-f4e1-4efd-99f0-842af9e4f4dd','2025-03-03 09:37:55','2025-03-03 09:37:55'),(225,'CommentaireRealisationTache - Édition sans Ajouter','Feature Édition sans Ajouter for CommentaireRealisationTache',46,'da9df307-7f1b-42aa-bee8-501af31d6ba0','2025-03-03 09:37:55','2025-03-03 09:37:55'),(226,'CommentaireRealisationTache - Édition ','Feature Édition  for CommentaireRealisationTache',46,'76940d0e-ac75-4c16-a025-93403f728070','2025-03-03 09:37:56','2025-03-03 09:37:56'),(227,'CommentaireRealisationTache - Extraction','Feature Extraction for CommentaireRealisationTache',46,'bdde2fa3-3cff-4b1b-8b10-f408dda5ddd9','2025-03-03 09:37:56','2025-03-03 09:37:56'),(228,'DependanceTache - Afficher','Feature Afficher for DependanceTache',47,'fb727da7-fb94-45f7-abfb-371a9542e1cc','2025-03-03 09:38:10','2025-03-03 09:38:10'),(229,'DependanceTache - Lecture','Feature Lecture for DependanceTache',47,'2a6478b1-b052-4a9f-a205-985132b70337','2025-03-03 09:38:10','2025-03-03 09:38:10'),(230,'DependanceTache - Édition sans Ajouter','Feature Édition sans Ajouter for DependanceTache',47,'44a0c5db-868f-4606-b49c-40f59e34908b','2025-03-03 09:38:11','2025-03-03 09:38:11'),(231,'DependanceTache - Édition ','Feature Édition  for DependanceTache',47,'fae0117a-54cc-4013-8956-da3895c1b7fa','2025-03-03 09:38:11','2025-03-03 09:38:11'),(232,'DependanceTache - Extraction','Feature Extraction for DependanceTache',47,'08d23ea5-e1b2-4acd-9d26-5ba46a9f5ead','2025-03-03 09:38:11','2025-03-03 09:38:11'),(233,'EtatRealisationTache - Afficher','Feature Afficher for EtatRealisationTache',48,'61f05693-c36f-467c-b261-c7d2b54d618a','2025-03-03 09:38:11','2025-03-03 09:38:11'),(234,'EtatRealisationTache - Lecture','Feature Lecture for EtatRealisationTache',48,'b9d48c13-f528-4088-b29b-d9ece3bde410','2025-03-03 09:38:11','2025-03-03 09:38:11'),(235,'EtatRealisationTache - Édition sans Ajouter','Feature Édition sans Ajouter for EtatRealisationTache',48,'b38d7ddb-c7f5-4636-b153-2166367363a6','2025-03-03 09:38:11','2025-03-03 09:38:11'),(236,'EtatRealisationTache - Édition ','Feature Édition  for EtatRealisationTache',48,'c8718861-905e-4563-9b5f-99840d1679f8','2025-03-03 09:38:11','2025-03-03 09:38:11'),(237,'EtatRealisationTache - Extraction','Feature Extraction for EtatRealisationTache',48,'0b8e15cd-d314-4fb0-b9c3-0e8b94e3b107','2025-03-03 09:38:11','2025-03-03 09:38:11'),(238,'HistoriqueRealisationTache - Afficher','Feature Afficher for HistoriqueRealisationTache',49,'f5fe8771-d3e1-4224-b7f8-cf6e6a0a83e8','2025-03-03 09:38:21','2025-03-03 09:38:21'),(239,'HistoriqueRealisationTache - Lecture','Feature Lecture for HistoriqueRealisationTache',49,'b96af8e2-986d-4225-b603-c2fba0db9f1c','2025-03-03 09:38:21','2025-03-03 09:38:21'),(240,'HistoriqueRealisationTache - Édition sans Ajouter','Feature Édition sans Ajouter for HistoriqueRealisationTache',49,'46158d50-41bc-44c0-9eb6-e0d62887de32','2025-03-03 09:38:21','2025-03-03 09:38:21'),(241,'HistoriqueRealisationTache - Édition ','Feature Édition  for HistoriqueRealisationTache',49,'b7e892d3-b999-477a-917f-6f9475c01753','2025-03-03 09:38:21','2025-03-03 09:38:21'),(242,'HistoriqueRealisationTache - Extraction','Feature Extraction for HistoriqueRealisationTache',49,'4c95b89f-6fa9-46e2-9aa1-8806b99ac108','2025-03-03 09:38:22','2025-03-03 09:38:22'),(243,'LabelRealisationTache - Afficher','Feature Afficher for LabelRealisationTache',50,'d05100d0-f9fc-4b6e-9730-825c01c35bae','2025-03-03 09:38:22','2025-03-03 09:38:22'),(244,'LabelRealisationTache - Lecture','Feature Lecture for LabelRealisationTache',50,'48d83e04-e385-44c6-856e-ccb839b74a26','2025-03-03 09:38:22','2025-03-03 09:38:22'),(245,'LabelRealisationTache - Édition sans Ajouter','Feature Édition sans Ajouter for LabelRealisationTache',50,'98bb0b7f-792a-4716-a671-96e38dffffcb','2025-03-03 09:38:22','2025-03-03 09:38:22'),(246,'LabelRealisationTache - Édition ','Feature Édition  for LabelRealisationTache',50,'283d2031-ffe7-4b9b-802e-5aab7ba24944','2025-03-03 09:38:22','2025-03-03 09:38:22'),(247,'LabelRealisationTache - Extraction','Feature Extraction for LabelRealisationTache',50,'e19def6c-0ca7-4eef-8747-890eec8d1c8f','2025-03-03 09:38:22','2025-03-03 09:38:22'),(248,'PrioriteTache - Afficher','Feature Afficher for PrioriteTache',51,'727051ea-5fe8-4d1c-b43e-b2160b48a319','2025-03-03 09:38:22','2025-03-03 09:38:22'),(249,'PrioriteTache - Lecture','Feature Lecture for PrioriteTache',51,'f9683a7c-baf2-4407-92ed-08da64fda04d','2025-03-03 09:38:22','2025-03-03 09:38:22'),(250,'PrioriteTache - Édition sans Ajouter','Feature Édition sans Ajouter for PrioriteTache',51,'27345782-3adf-4d93-bb26-e1d3e0dbff0d','2025-03-03 09:38:23','2025-03-03 09:38:23'),(251,'PrioriteTache - Édition ','Feature Édition  for PrioriteTache',51,'788a5b16-c94f-40b0-8a17-25c65a580a43','2025-03-03 09:38:23','2025-03-03 09:38:23'),(252,'PrioriteTache - Extraction','Feature Extraction for PrioriteTache',51,'51de4771-1fa8-475a-836c-56da9aea916a','2025-03-03 09:38:23','2025-03-03 09:38:23'),(253,'RealisationTache - Afficher','Feature Afficher for RealisationTache',52,'ab176e0e-909c-4b8a-ab1b-b83512ea483d','2025-03-03 09:38:23','2025-03-03 09:38:23'),(254,'RealisationTache - Lecture','Feature Lecture for RealisationTache',52,'29a5ea7e-317e-44d7-b8a7-75818e7e4d4b','2025-03-03 09:38:23','2025-03-03 09:38:23'),(255,'RealisationTache - Édition sans Ajouter','Feature Édition sans Ajouter for RealisationTache',52,'83014430-a3a7-4c59-8e1b-09b6bb492ab4','2025-03-03 09:38:23','2025-03-03 09:38:23'),(256,'RealisationTache - Édition ','Feature Édition  for RealisationTache',52,'57aaf985-46b8-4259-8741-060aa422d7db','2025-03-03 09:38:23','2025-03-03 09:38:23'),(257,'RealisationTache - Extraction','Feature Extraction for RealisationTache',52,'e5d37ed0-dc0f-4be1-aae9-71f594d4d469','2025-03-03 09:38:23','2025-03-03 09:38:23'),(258,'Tache - Afficher','Feature Afficher for Tache',53,'5e26b479-7e1b-4c2c-bb92-7da5b7a6bfc7','2025-03-03 09:38:24','2025-03-03 09:38:24'),(259,'Tache - Lecture','Feature Lecture for Tache',53,'d81b7708-5310-4462-a2d0-8804bbee3072','2025-03-03 09:38:24','2025-03-03 09:38:24'),(260,'Tache - Édition sans Ajouter','Feature Édition sans Ajouter for Tache',53,'5260ff51-abdf-4cd9-bc20-f9930ca96da3','2025-03-03 09:38:24','2025-03-03 09:38:24'),(261,'Tache - Édition ','Feature Édition  for Tache',53,'fa3bda8c-2bf1-49d1-9f76-5b2151e2ec56','2025-03-03 09:38:24','2025-03-03 09:38:24'),(262,'Tache - Extraction','Feature Extraction for Tache',53,'f28b715b-6a7b-4a2a-8cf2-1f3a0753abf8','2025-03-03 09:38:24','2025-03-03 09:38:24'),(263,'TypeDependanceTache - Afficher','Feature Afficher for TypeDependanceTache',54,'ef806d1a-36c3-47e6-a569-8d24b8da0790','2025-03-03 09:38:24','2025-03-03 09:38:24'),(264,'TypeDependanceTache - Lecture','Feature Lecture for TypeDependanceTache',54,'3c7f9451-97b3-4eaa-8e3e-b2d684502209','2025-03-03 09:38:24','2025-03-03 09:38:24'),(265,'TypeDependanceTache - Édition sans Ajouter','Feature Édition sans Ajouter for TypeDependanceTache',54,'4fa141c4-d482-4e18-8f9e-67831304f614','2025-03-03 09:38:24','2025-03-03 09:38:24'),(266,'TypeDependanceTache - Édition ','Feature Édition  for TypeDependanceTache',54,'5bf04ae0-70b7-4af2-a8c1-b3c03f2226a0','2025-03-03 09:38:24','2025-03-03 09:38:24'),(267,'TypeDependanceTache - Extraction','Feature Extraction for TypeDependanceTache',54,'a611dc47-448c-4554-b6fe-ac946c72c466','2025-03-03 09:38:24','2025-03-03 09:38:24');
/*!40000 ALTER TABLE `features` ENABLE KEYS */;
UNLOCK TABLES;

--
-- Table structure for table `filieres`
--

DROP TABLE IF EXISTS `filieres`;
/*!40101 SET @saved_cs_client     = @@character_set_client */;
/*!50503 SET character_set_client = utf8mb4 */;
CREATE TABLE `filieres` (
  `id` bigint unsigned NOT NULL AUTO_INCREMENT,
  `code` varchar(255) CHARACTER SET utf8mb4 COLLATE utf8mb4_unicode_ci NOT NULL,
  `nom` varchar(255) CHARACTER SET utf8mb4 COLLATE utf8mb4_unicode_ci DEFAULT NULL,
  `description` longtext CHARACTER SET utf8mb4 COLLATE utf8mb4_unicode_ci,
  `reference` varchar(255) CHARACTER SET utf8mb4 COLLATE utf8mb4_unicode_ci NOT NULL,
  `created_at` timestamp NULL DEFAULT NULL,
  `updated_at` timestamp NULL DEFAULT NULL,
  PRIMARY KEY (`id`),
  UNIQUE KEY `filieres_reference_unique` (`reference`)
) ENGINE=InnoDB AUTO_INCREMENT=3 DEFAULT CHARSET=utf8mb4 COLLATE=utf8mb4_unicode_ci;
/*!40101 SET character_set_client = @saved_cs_client */;

--
-- Dumping data for table `filieres`
--

LOCK TABLES `filieres` WRITE;
/*!40000 ALTER TABLE `filieres` DISABLE KEYS */;
INSERT INTO `filieres` VALUES (1,'DMB','Développeur Mobile – mode Bootcamp',NULL,'DMB','2025-02-19 06:39:00','2025-02-21 10:52:24'),(2,'DWB','Développeur Web – mode Bootcamp',NULL,'DWB','2025-02-19 06:39:04','2025-02-21 10:51:59');
/*!40000 ALTER TABLE `filieres` ENABLE KEYS */;
UNLOCK TABLES;

--
-- Table structure for table `formateur_groupe`
--

DROP TABLE IF EXISTS `formateur_groupe`;
/*!40101 SET @saved_cs_client     = @@character_set_client */;
/*!50503 SET character_set_client = utf8mb4 */;
CREATE TABLE `formateur_groupe` (
  `created_at` timestamp NULL DEFAULT NULL,
  `updated_at` timestamp NULL DEFAULT NULL,
  `groupe_id` bigint unsigned NOT NULL,
  `formateur_id` bigint unsigned NOT NULL,
  KEY `formateur_groupe_groupe_id_foreign` (`groupe_id`),
  KEY `formateur_groupe_formateur_id_foreign` (`formateur_id`),
  CONSTRAINT `formateur_groupe_formateur_id_foreign` FOREIGN KEY (`formateur_id`) REFERENCES `formateurs` (`id`),
  CONSTRAINT `formateur_groupe_groupe_id_foreign` FOREIGN KEY (`groupe_id`) REFERENCES `groupes` (`id`)
) ENGINE=InnoDB DEFAULT CHARSET=utf8mb4 COLLATE=utf8mb4_unicode_ci;
/*!40101 SET character_set_client = @saved_cs_client */;

--
-- Dumping data for table `formateur_groupe`
--

LOCK TABLES `formateur_groupe` WRITE;
/*!40000 ALTER TABLE `formateur_groupe` DISABLE KEYS */;
INSERT INTO `formateur_groupe` VALUES ('2025-02-19 06:39:51','2025-02-19 06:39:51',1,1),('2025-02-19 06:39:51','2025-02-19 06:39:51',2,2),(NULL,NULL,3,4),(NULL,NULL,5,3),(NULL,NULL,4,5);
/*!40000 ALTER TABLE `formateur_groupe` ENABLE KEYS */;
UNLOCK TABLES;

--
-- Table structure for table `formateur_specialite`
--

DROP TABLE IF EXISTS `formateur_specialite`;
/*!40101 SET @saved_cs_client     = @@character_set_client */;
/*!50503 SET character_set_client = utf8mb4 */;
CREATE TABLE `formateur_specialite` (
  `created_at` timestamp NULL DEFAULT NULL,
  `updated_at` timestamp NULL DEFAULT NULL,
  `specialite_id` bigint unsigned NOT NULL,
  `formateur_id` bigint unsigned NOT NULL,
  KEY `formateur_specialite_specialite_id_foreign` (`specialite_id`),
  KEY `formateur_specialite_formateur_id_foreign` (`formateur_id`),
  CONSTRAINT `formateur_specialite_formateur_id_foreign` FOREIGN KEY (`formateur_id`) REFERENCES `formateurs` (`id`),
  CONSTRAINT `formateur_specialite_specialite_id_foreign` FOREIGN KEY (`specialite_id`) REFERENCES `specialites` (`id`)
) ENGINE=InnoDB DEFAULT CHARSET=utf8mb4 COLLATE=utf8mb4_unicode_ci;
/*!40101 SET character_set_client = @saved_cs_client */;

--
-- Dumping data for table `formateur_specialite`
--

LOCK TABLES `formateur_specialite` WRITE;
/*!40000 ALTER TABLE `formateur_specialite` DISABLE KEYS */;
/*!40000 ALTER TABLE `formateur_specialite` ENABLE KEYS */;
UNLOCK TABLES;

--
-- Table structure for table `formateurs`
--

DROP TABLE IF EXISTS `formateurs`;
/*!40101 SET @saved_cs_client     = @@character_set_client */;
/*!50503 SET character_set_client = utf8mb4 */;
CREATE TABLE `formateurs` (
  `id` bigint unsigned NOT NULL AUTO_INCREMENT,
  `matricule` varchar(255) CHARACTER SET utf8mb4 COLLATE utf8mb4_unicode_ci NOT NULL,
  `nom` varchar(255) CHARACTER SET utf8mb4 COLLATE utf8mb4_unicode_ci NOT NULL,
  `prenom` varchar(255) CHARACTER SET utf8mb4 COLLATE utf8mb4_unicode_ci NOT NULL,
  `prenom_arab` varchar(255) CHARACTER SET utf8mb4 COLLATE utf8mb4_unicode_ci DEFAULT NULL,
  `nom_arab` varchar(255) CHARACTER SET utf8mb4 COLLATE utf8mb4_unicode_ci DEFAULT NULL,
  `email` varchar(255) CHARACTER SET utf8mb4 COLLATE utf8mb4_unicode_ci DEFAULT NULL,
  `tele_num` varchar(255) CHARACTER SET utf8mb4 COLLATE utf8mb4_unicode_ci DEFAULT NULL,
  `adresse` varchar(255) CHARACTER SET utf8mb4 COLLATE utf8mb4_unicode_ci DEFAULT NULL,
  `diplome` varchar(255) CHARACTER SET utf8mb4 COLLATE utf8mb4_unicode_ci DEFAULT NULL,
  `echelle` int DEFAULT NULL,
  `echelon` int DEFAULT NULL,
  `profile_image` varchar(255) CHARACTER SET utf8mb4 COLLATE utf8mb4_unicode_ci DEFAULT NULL,
  `user_id` bigint unsigned DEFAULT NULL,
  `reference` varchar(255) CHARACTER SET utf8mb4 COLLATE utf8mb4_unicode_ci NOT NULL,
  `created_at` timestamp NULL DEFAULT NULL,
  `updated_at` timestamp NULL DEFAULT NULL,
  PRIMARY KEY (`id`),
  UNIQUE KEY `formateurs_matricule_unique` (`matricule`),
  UNIQUE KEY `formateurs_reference_unique` (`reference`),
  KEY `formateurs_user_id_foreign` (`user_id`),
  CONSTRAINT `formateurs_user_id_foreign` FOREIGN KEY (`user_id`) REFERENCES `users` (`id`)
) ENGINE=InnoDB AUTO_INCREMENT=6 DEFAULT CHARSET=utf8mb4 COLLATE=utf8mb4_unicode_ci;
/*!40101 SET character_set_client = @saved_cs_client */;

--
-- Dumping data for table `formateurs`
--

LOCK TABLES `formateurs` WRITE;
/*!40000 ALTER TABLE `formateurs` DISABLE KEYS */;
INSERT INTO `formateurs` VALUES (1,'0001','ESSARRAJ','Fouad',NULL,NULL,'fouad.essarraj@ofppt-edu.ma',NULL,NULL,NULL,NULL,NULL,NULL,102,'0001','2025-02-19 06:39:35','2025-02-19 06:39:35'),(2,'0002','CHEBAB','FATIN',NULL,NULL,'fatin.chebab@ofppt-edu.ma',NULL,NULL,NULL,NULL,NULL,NULL,103,'0002','2025-02-19 06:39:35','2025-02-19 06:39:36'),(3,'0003','BOUZIANE','IMANE',NULL,NULL,'imane.bouziane@ofppt-edu.ma',NULL,NULL,NULL,NULL,NULL,NULL,104,'0003','2025-02-19 06:39:36','2025-02-19 06:39:36'),(4,'0004','SOKLABI','ABDELLATIF',NULL,NULL,'abdellatif.soklabi@ofppt-edu.ma',NULL,NULL,NULL,NULL,NULL,NULL,105,'0004','2025-02-19 06:39:36','2025-02-19 06:39:36'),(5,'0005','EL MASOUDI','EL MASOUDI',NULL,NULL,'abelouahab.elmasoudi@ofppt-edu.ma',NULL,NULL,NULL,NULL,NULL,NULL,106,'0005','2025-02-19 06:39:36','2025-02-19 06:39:37');
/*!40000 ALTER TABLE `formateurs` ENABLE KEYS */;
UNLOCK TABLES;

--
-- Table structure for table `groupes`
--

DROP TABLE IF EXISTS `groupes`;
/*!40101 SET @saved_cs_client     = @@character_set_client */;
/*!50503 SET character_set_client = utf8mb4 */;
CREATE TABLE `groupes` (
  `id` bigint unsigned NOT NULL AUTO_INCREMENT,
  `code` varchar(255) CHARACTER SET utf8mb4 COLLATE utf8mb4_unicode_ci NOT NULL,
  `nom` varchar(255) CHARACTER SET utf8mb4 COLLATE utf8mb4_unicode_ci DEFAULT NULL,
  `description` longtext CHARACTER SET utf8mb4 COLLATE utf8mb4_unicode_ci,
  `filiere_id` bigint unsigned DEFAULT NULL,
  `annee_formation_id` bigint unsigned DEFAULT NULL,
  `reference` varchar(255) CHARACTER SET utf8mb4 COLLATE utf8mb4_unicode_ci NOT NULL,
  `created_at` timestamp NULL DEFAULT NULL,
  `updated_at` timestamp NULL DEFAULT NULL,
  PRIMARY KEY (`id`),
  UNIQUE KEY `groupes_reference_unique` (`reference`),
  KEY `groupes_filiere_id_foreign` (`filiere_id`),
  KEY `groupes_annee_formation_id_foreign` (`annee_formation_id`),
  CONSTRAINT `groupes_annee_formation_id_foreign` FOREIGN KEY (`annee_formation_id`) REFERENCES `annee_formations` (`id`),
  CONSTRAINT `groupes_filiere_id_foreign` FOREIGN KEY (`filiere_id`) REFERENCES `filieres` (`id`)
) ENGINE=InnoDB AUTO_INCREMENT=6 DEFAULT CHARSET=utf8mb4 COLLATE=utf8mb4_unicode_ci;
/*!40101 SET character_set_client = @saved_cs_client */;

--
-- Dumping data for table `groupes`
--

LOCK TABLES `groupes` WRITE;
/*!40000 ALTER TABLE `groupes` DISABLE KEYS */;
INSERT INTO `groupes` VALUES (1,'DMB101',NULL,NULL,1,1,'DMB101-2024-2025','2025-02-19 06:39:00','2025-02-19 06:39:00'),(2,'DWB101',NULL,NULL,2,1,'DWB101-2024-2025','2025-02-19 06:39:05','2025-02-19 06:39:05'),(3,'DWB102',NULL,NULL,2,1,'DWB102-2024-2025','2025-02-19 06:39:05','2025-02-19 06:39:05'),(4,'DWB103',NULL,NULL,2,1,'DWB103-2024-2025','2025-02-19 06:39:05','2025-02-19 06:39:05'),(5,'DWB104',NULL,NULL,2,1,'DWB104-2024-2025','2025-02-19 06:39:06','2025-02-19 06:39:06');
/*!40000 ALTER TABLE `groupes` ENABLE KEYS */;
UNLOCK TABLES;

--
-- Table structure for table `historique_realisation_taches`
--

DROP TABLE IF EXISTS `historique_realisation_taches`;
/*!40101 SET @saved_cs_client     = @@character_set_client */;
/*!50503 SET character_set_client = utf8mb4 */;
CREATE TABLE `historique_realisation_taches` (
  `id` bigint unsigned NOT NULL AUTO_INCREMENT,
  `dateModification` datetime NOT NULL,
  `changement` longtext COLLATE utf8mb4_unicode_ci NOT NULL,
  `reference` varchar(255) COLLATE utf8mb4_unicode_ci NOT NULL,
  `realisation_tache_id` bigint unsigned NOT NULL,
  `created_at` timestamp NULL DEFAULT NULL,
  `updated_at` timestamp NULL DEFAULT NULL,
  PRIMARY KEY (`id`),
  UNIQUE KEY `historique_realisation_taches_reference_unique` (`reference`),
  KEY `historique_realisation_taches_realisation_tache_id_foreign` (`realisation_tache_id`),
  CONSTRAINT `historique_realisation_taches_realisation_tache_id_foreign` FOREIGN KEY (`realisation_tache_id`) REFERENCES `realisation_taches` (`id`) ON DELETE CASCADE
) ENGINE=InnoDB DEFAULT CHARSET=utf8mb4 COLLATE=utf8mb4_unicode_ci;
/*!40101 SET character_set_client = @saved_cs_client */;

--
-- Dumping data for table `historique_realisation_taches`
--

LOCK TABLES `historique_realisation_taches` WRITE;
/*!40000 ALTER TABLE `historique_realisation_taches` DISABLE KEYS */;
/*!40000 ALTER TABLE `historique_realisation_taches` ENABLE KEYS */;
UNLOCK TABLES;

--
-- Table structure for table `job_batches`
--

DROP TABLE IF EXISTS `job_batches`;
/*!40101 SET @saved_cs_client     = @@character_set_client */;
/*!50503 SET character_set_client = utf8mb4 */;
CREATE TABLE `job_batches` (
  `id` varchar(255) CHARACTER SET utf8mb4 COLLATE utf8mb4_unicode_ci NOT NULL,
  `name` varchar(255) CHARACTER SET utf8mb4 COLLATE utf8mb4_unicode_ci NOT NULL,
  `total_jobs` int NOT NULL,
  `pending_jobs` int NOT NULL,
  `failed_jobs` int NOT NULL,
  `failed_job_ids` longtext CHARACTER SET utf8mb4 COLLATE utf8mb4_unicode_ci NOT NULL,
  `options` mediumtext CHARACTER SET utf8mb4 COLLATE utf8mb4_unicode_ci,
  `cancelled_at` int DEFAULT NULL,
  `created_at` int NOT NULL,
  `finished_at` int DEFAULT NULL,
  PRIMARY KEY (`id`)
) ENGINE=InnoDB DEFAULT CHARSET=utf8mb4 COLLATE=utf8mb4_unicode_ci;
/*!40101 SET character_set_client = @saved_cs_client */;

--
-- Dumping data for table `job_batches`
--

LOCK TABLES `job_batches` WRITE;
/*!40000 ALTER TABLE `job_batches` DISABLE KEYS */;
/*!40000 ALTER TABLE `job_batches` ENABLE KEYS */;
UNLOCK TABLES;

--
-- Table structure for table `jobs`
--

DROP TABLE IF EXISTS `jobs`;
/*!40101 SET @saved_cs_client     = @@character_set_client */;
/*!50503 SET character_set_client = utf8mb4 */;
CREATE TABLE `jobs` (
  `id` bigint unsigned NOT NULL AUTO_INCREMENT,
  `queue` varchar(255) CHARACTER SET utf8mb4 COLLATE utf8mb4_unicode_ci NOT NULL,
  `payload` longtext CHARACTER SET utf8mb4 COLLATE utf8mb4_unicode_ci NOT NULL,
  `attempts` tinyint unsigned NOT NULL,
  `reserved_at` int unsigned DEFAULT NULL,
  `available_at` int unsigned NOT NULL,
  `created_at` int unsigned NOT NULL,
  PRIMARY KEY (`id`),
  KEY `jobs_queue_index` (`queue`)
) ENGINE=InnoDB DEFAULT CHARSET=utf8mb4 COLLATE=utf8mb4_unicode_ci;
/*!40101 SET character_set_client = @saved_cs_client */;

--
-- Dumping data for table `jobs`
--

LOCK TABLES `jobs` WRITE;
/*!40000 ALTER TABLE `jobs` DISABLE KEYS */;
/*!40000 ALTER TABLE `jobs` ENABLE KEYS */;
UNLOCK TABLES;

--
-- Table structure for table `label_realisation_taches`
--

DROP TABLE IF EXISTS `label_realisation_taches`;
/*!40101 SET @saved_cs_client     = @@character_set_client */;
/*!50503 SET character_set_client = utf8mb4 */;
CREATE TABLE `label_realisation_taches` (
  `id` bigint unsigned NOT NULL AUTO_INCREMENT,
  `nom` varchar(255) COLLATE utf8mb4_unicode_ci NOT NULL,
  `description` longtext COLLATE utf8mb4_unicode_ci,
  `reference` varchar(255) COLLATE utf8mb4_unicode_ci NOT NULL,
  `formateur_id` bigint unsigned NOT NULL,
  `sys_color_id` bigint unsigned NOT NULL,
  `created_at` timestamp NULL DEFAULT NULL,
  `updated_at` timestamp NULL DEFAULT NULL,
  PRIMARY KEY (`id`),
  UNIQUE KEY `label_realisation_taches_reference_unique` (`reference`),
  KEY `label_realisation_taches_formateur_id_foreign` (`formateur_id`),
  KEY `label_realisation_taches_sys_color_id_foreign` (`sys_color_id`),
  CONSTRAINT `label_realisation_taches_formateur_id_foreign` FOREIGN KEY (`formateur_id`) REFERENCES `formateurs` (`id`) ON DELETE CASCADE,
  CONSTRAINT `label_realisation_taches_sys_color_id_foreign` FOREIGN KEY (`sys_color_id`) REFERENCES `sys_colors` (`id`)
) ENGINE=InnoDB DEFAULT CHARSET=utf8mb4 COLLATE=utf8mb4_unicode_ci;
/*!40101 SET character_set_client = @saved_cs_client */;

--
-- Dumping data for table `label_realisation_taches`
--

LOCK TABLES `label_realisation_taches` WRITE;
/*!40000 ALTER TABLE `label_realisation_taches` DISABLE KEYS */;
/*!40000 ALTER TABLE `label_realisation_taches` ENABLE KEYS */;
UNLOCK TABLES;

--
-- Table structure for table `livrables`
--

DROP TABLE IF EXISTS `livrables`;
/*!40101 SET @saved_cs_client     = @@character_set_client */;
/*!50503 SET character_set_client = utf8mb4 */;
CREATE TABLE `livrables` (
  `id` bigint unsigned NOT NULL AUTO_INCREMENT,
  `titre` varchar(255) CHARACTER SET utf8mb4 COLLATE utf8mb4_unicode_ci NOT NULL,
  `nature_livrable_id` bigint unsigned NOT NULL,
  `projet_id` bigint unsigned NOT NULL,
  `description` longtext CHARACTER SET utf8mb4 COLLATE utf8mb4_unicode_ci,
  `reference` varchar(255) CHARACTER SET utf8mb4 COLLATE utf8mb4_unicode_ci NOT NULL,
  `created_at` timestamp NULL DEFAULT NULL,
  `updated_at` timestamp NULL DEFAULT NULL,
  PRIMARY KEY (`id`),
  UNIQUE KEY `livrables_reference_unique` (`reference`),
  KEY `livrables_nature_livrable_id_foreign` (`nature_livrable_id`),
  KEY `livrables_projet_id_foreign` (`projet_id`),
  CONSTRAINT `livrables_nature_livrable_id_foreign` FOREIGN KEY (`nature_livrable_id`) REFERENCES `nature_livrables` (`id`) ON DELETE RESTRICT,
  CONSTRAINT `livrables_projet_id_foreign` FOREIGN KEY (`projet_id`) REFERENCES `projets` (`id`) ON DELETE CASCADE
) ENGINE=InnoDB AUTO_INCREMENT=66 DEFAULT CHARSET=utf8mb4 COLLATE=utf8mb4_unicode_ci;
/*!40101 SET character_set_client = @saved_cs_client */;

--
-- Dumping data for table `livrables`
--

LOCK TABLES `livrables` WRITE;
/*!40000 ALTER TABLE `livrables` DISABLE KEYS */;
INSERT INTO `livrables` VALUES (5,'Prototype v2',5,2,'Prototype avancé avec nouvelles fonctionnalités.','6f3115d8-0e91-4cff-989e-be64a3095859','2025-02-19 06:39:40','2025-02-19 06:39:40'),(6,'Vidéo promotionnelle',6,2,'Vidéo expliquant le projet pour les parties prenantes.','ca50e823-d890-4cd7-9cfd-0d95d4be328a','2025-02-19 06:39:40','2025-02-19 06:39:40'),(7,'Diagramme UML',7,2,'Diagramme représentant l\'architecture du projet.','6bf86e96-da80-4759-b393-94d5d0a7d50d','2025-02-19 06:39:40','2025-02-19 06:39:40'),(8,'Tests initiaux',8,2,'Rapport des tests effectués sur les fonctionnalités de base.','dbf07ac4-1296-4b96-b496-31a2d9bc7451','2025-02-19 06:39:41','2025-02-19 06:39:41'),(21,'Prototype graphique',5,6,'Prototype montrant uniquement l\'interface graphique.','740863ad-eb6f-43d2-8416-f316f1db61b7','2025-02-19 06:39:41','2025-02-19 06:39:41'),(22,'Vidéo démonstrative',6,6,'Vidéo présentant les fonctionnalités principales.','ddf12b98-6b92-481c-9f0c-9beed4d2888d','2025-02-19 06:39:41','2025-02-19 06:39:41'),(23,'Diagramme de séquence',7,6,'Diagramme représentant les flux de communication.','2e485d32-15c6-44dc-ad49-7b9aef9efa9b','2025-02-19 06:39:41','2025-02-19 06:39:41'),(24,'Tests de charge',8,6,'Rapport sur la performance sous haute charge.','57c04ad0-b248-4864-a9ae-123b197671f6','2025-02-19 06:39:41','2025-02-19 06:39:41'),(37,'Prototype interactif v1',5,10,'Première version interactive du prototype.','2dd72646-d0ac-4b67-8b51-4d421e4cc19d','2025-02-19 06:39:41','2025-02-19 06:39:41'),(38,'Vidéo récapitulative',6,10,'Vidéo résumant l\'ensemble du projet.','72bfa903-9069-43e6-b5ab-8d19af3ae03d','2025-02-19 06:39:41','2025-02-19 06:39:41'),(39,'Diagramme d\'activités',7,10,'Diagramme représentant les flux de travail.','95f99f12-1cf6-4b0d-91cc-2b8caf420a3d','2025-02-19 06:39:41','2025-02-19 06:39:41'),(40,'Test d\'intégration',8,10,'Rapport sur les tests d\'intégration entre les modules.','c630f840-07f0-4a04-a04b-a07f47351c29','2025-02-19 06:39:41','2025-02-19 06:39:41'),(41,'Code sur github',1,21,NULL,'85f954e5-a18b-4992-887f-4a799e0bc316','2025-02-19 10:12:38','2025-02-19 10:12:38'),(42,'Présentation',2,21,NULL,'8413f506-e472-4144-a1db-1e500e7bcf21','2025-02-19 10:14:11','2025-02-27 14:50:48'),(43,'Rapport',3,21,NULL,'c94ad9fb-719f-4b8d-a4b0-a4cf6c14e740','2025-02-19 10:14:21','2025-02-19 10:14:21'),(44,'Lien git',1,23,NULL,'841e0235-6069-4f51-b81d-f09f11959052','2025-02-19 11:04:35','2025-02-19 11:04:35'),(45,'Présentation de l\'atelier',2,23,NULL,'fd8c57ff-a480-4554-96c1-88e053dab5de','2025-02-19 11:05:01','2025-02-19 11:05:01'),(49,'attachement json',1,25,NULL,'819b1245-33a6-4ed0-a964-bb599a049124','2025-02-21 09:59:12','2025-02-21 09:59:12'),(50,'Gestion de Projet',3,21,'Le lien de gestion de projet sur github','77ca1742-c04e-4a21-af77-1d15a1ff124b','2025-02-24 15:12:33','2025-02-24 15:12:33'),(51,'Code source sur github',1,26,NULL,'db048a78-15ed-427d-a382-0381b8882d0f','2025-02-25 12:56:32','2025-02-25 12:56:32'),(52,'PHP/MYSQL',2,27,NULL,'36004a5d-af4e-4223-b94e-01737b3250f2','2025-02-25 14:51:29','2025-02-25 14:51:29'),(53,'Lien github',1,28,NULL,'b4588dc6-32a6-49c7-b0c9-06ed21cc516d','2025-02-27 13:00:09','2025-02-27 13:00:09'),(54,'Live coding I18n',1,28,NULL,'f08b7530-fdb2-4966-8138-9d80c0183bab','2025-02-27 13:02:28','2025-02-27 13:02:28'),(55,'Live coding : API',1,28,NULL,'e3548f89-faba-4f8e-bf28-3f9154db8fab','2025-02-27 13:02:41','2025-02-27 13:02:41'),(56,'Live coding : One Page',1,28,NULL,'e805c3a0-439f-42ed-b1e6-4ee3c233bba8','2025-02-27 13:03:17','2025-02-27 13:03:17'),(57,'Live Coding : Unit Test',1,28,NULL,'7dd49e31-e033-4778-bcfa-bd340bc1e732','2025-02-27 13:03:38','2025-02-27 13:03:38'),(58,'Live Coding : Test UI',1,28,NULL,'b4f2cfa5-e440-4b25-9d64-b9c723d3bd76','2025-02-27 13:03:54','2025-02-27 13:03:54'),(59,'Live Coding : Sécurité',1,28,NULL,'86c38461-3ac3-4faa-8b04-acdb3720e561','2025-02-27 13:04:19','2025-02-27 13:04:19'),(60,'Live coding : Classe Request',1,28,NULL,'49be089d-6a05-4211-bdb8-6e0cf6719d35','2025-02-27 13:04:52','2025-02-27 13:04:52'),(61,'Instruction de déploiement',1,23,NULL,'d7361684-d412-420f-9c4f-dd7b99e8eca1','2025-02-27 13:57:28','2025-02-27 13:57:28'),(62,'Live Coding : déploiement',1,23,NULL,'34d724bf-aeeb-46f6-8e82-bb2230f95de2','2025-02-27 13:58:13','2025-02-27 13:58:13'),(63,'Live coding OnePage',1,23,NULL,'7fc9fad0-117b-49d8-a5db-c77d23dd0393','2025-02-27 14:55:17','2025-02-27 14:55:17'),(64,'Gestion de projet',2,28,NULL,'469642a5-1a9c-44ce-af30-5d265ca573af','2025-02-27 14:57:11','2025-02-27 14:57:11'),(65,'Gestion de Projet',2,23,NULL,'f3752b4f-cc44-473e-b18a-ee9e1bd9741a','2025-02-28 10:00:18','2025-02-28 10:00:18');
/*!40000 ALTER TABLE `livrables` ENABLE KEYS */;
UNLOCK TABLES;

--
-- Table structure for table `livrables_realisations`
--

DROP TABLE IF EXISTS `livrables_realisations`;
/*!40101 SET @saved_cs_client     = @@character_set_client */;
/*!50503 SET character_set_client = utf8mb4 */;
CREATE TABLE `livrables_realisations` (
  `id` bigint unsigned NOT NULL AUTO_INCREMENT,
  `titre` varchar(255) CHARACTER SET utf8mb4 COLLATE utf8mb4_unicode_ci NOT NULL,
  `description` text CHARACTER SET utf8mb4 COLLATE utf8mb4_unicode_ci,
  `lien` varchar(255) CHARACTER SET utf8mb4 COLLATE utf8mb4_unicode_ci DEFAULT NULL,
  `livrable_id` bigint unsigned NOT NULL,
  `realisation_projet_id` bigint unsigned NOT NULL,
  `reference` varchar(255) CHARACTER SET utf8mb4 COLLATE utf8mb4_unicode_ci NOT NULL,
  `created_at` timestamp NULL DEFAULT NULL,
  `updated_at` timestamp NULL DEFAULT NULL,
  PRIMARY KEY (`id`),
  UNIQUE KEY `livrables_realisations_reference_unique` (`reference`),
  KEY `livrables_realisations_livrable_id_foreign` (`livrable_id`),
  KEY `livrables_realisations_realisation_projet_id_foreign` (`realisation_projet_id`),
  CONSTRAINT `livrables_realisations_livrable_id_foreign` FOREIGN KEY (`livrable_id`) REFERENCES `livrables` (`id`),
  CONSTRAINT `livrables_realisations_realisation_projet_id_foreign` FOREIGN KEY (`realisation_projet_id`) REFERENCES `realisation_projets` (`id`) ON DELETE CASCADE
) ENGINE=InnoDB AUTO_INCREMENT=119 DEFAULT CHARSET=utf8mb4 COLLATE=utf8mb4_unicode_ci;
/*!40101 SET character_set_client = @saved_cs_client */;

--
-- Dumping data for table `livrables_realisations`
--

LOCK TABLES `livrables_realisations` WRITE;
/*!40000 ALTER TABLE `livrables_realisations` DISABLE KEYS */;
INSERT INTO `livrables_realisations` VALUES (2,'Présentation',NULL,'https://www.canva.com/design/DAGaw9cCU7Y/8B7QrkS5feI9JBd_W5x-VQ/edit?utm_content=DAGaw9cCU7Y&utm_campaign=designshare&utm_medium=link2&utm_source=sharebutton',42,22,'c1f2a248-714f-4bb9-9dfe-185356f5e1b4','2025-02-19 10:24:02','2025-02-19 10:49:47'),(3,'Lien GitHub',NULL,'https://github.com/TamraouiAbdelouahab/FileRouge02',41,22,'699a5ec4-76bf-4e4d-9830-4088662dfe61','2025-02-19 10:26:02','2025-02-19 10:26:02'),(4,'Rapport','en cours','https://docs.google.com/document/d/1mg9RbQzXMKit1G-4TvP0PqIK2Ii39pNdZ4V1JKgzrrI/edit?tab=t.0',43,22,'10e6c1ed-0aaf-4ff4-8ae1-e4430efd97d3','2025-02-19 10:28:57','2025-02-19 10:28:57'),(6,'Github Repo',NULL,'https://github.com/bardichoussama/FileRouge',41,31,'8d4ade5f-0ca8-450b-8f96-70810c2fc716','2025-02-19 10:30:36','2025-02-19 10:30:36'),(7,'GitHub','Sprint 1 Not Completed Yet','https://github.com/CHABBEH-Aymen/fill_rouge_grouper',41,25,'d8e9e677-090d-4aeb-b118-05ec5266fd30','2025-02-19 10:31:06','2025-02-19 10:31:06'),(8,'Canva Presentation',NULL,'https://www.canva.com/design/DAGbaKfUXPU/A4DzfJkks6ahxQes6_y7eQ/edit?utm_content=DAGbaKfUXPU&utm_campaign=designshare&utm_medium=link2&utm_source=sharebutton',42,31,'39bf9234-9d25-464e-a5dd-3bc4d9fc5c70','2025-02-19 10:31:08','2025-02-19 10:31:08'),(10,'GitHub',NULL,'https://github.com/TamraouiAbdelouahab/Atelier_DevOps',44,60,'89ede968-23d4-4927-b841-9850e9b713de','2025-02-19 11:09:27','2025-02-19 11:09:27'),(11,'git hub',NULL,'https://github.com/ZOUBAIRDouae/Projet_Fil_Rouge',41,34,'a47c426f-3eda-4019-93ea-612d1155d667','2025-02-20 07:48:46','2025-02-27 10:17:37'),(12,'Suirita/Deployment_workshop',NULL,'https://github.com/Suirita/Deployment_workshop',44,71,'4d42597d-88ae-4d7d-be2d-6310836a5563','2025-02-20 07:50:16','2025-02-20 07:50:16'),(14,'Canva',NULL,'https://www.canva.com/design/DAGfjugXH1c/bR3A9NxIPvKjAOyBLpo2lQ/edit?utm_content=DAGfjugXH1c&utm_campaign=designshare&utm_medium=link2&utm_source=sharebutton',45,58,'cc2da764-7496-439d-84cd-57615851f7bc','2025-02-20 07:54:14','2025-02-20 11:38:27'),(15,'Code Source',NULL,'https://github.com/Tribak-Ayoub/Project-fil-rouge',41,28,'c801ddb3-7358-461c-a2f1-91cfb50c58d6','2025-02-20 07:54:37','2025-02-20 08:01:00'),(16,'Google Slide',NULL,'https://docs.google.com/presentation/d/16flHKbWMjuBigrH9LYUJmT-V47_qAG-n12MCK5Mj3lo/edit#slide=id.g322af2d7168_0_91',42,20,'6e31c461-3152-439e-9df7-245d477b9a30','2025-02-20 07:55:33','2025-02-20 08:00:17'),(17,'File Rouge',NULL,'https://github.com/Suirita/File_rouge',41,33,'9a5518f1-6f6e-4e21-a6d3-26ed3b6776bd','2025-02-20 07:55:37','2025-02-26 09:54:12'),(19,'Git',NULL,'https://github.com/AyoubBakali07/UI_UX_Design.git',41,20,'1ad3b215-388b-422f-88ec-3d3106d73656','2025-02-20 07:56:11','2025-02-20 07:56:11'),(20,'Presentation',NULL,'https://docs.google.com/presentation/d/1IRxNs6E31VJ27A2FrTfWaqQ--vnwyOuXxPMsfRCFMsk/edit?usp=sharing',42,28,'00f15da4-773d-4a49-af5f-f672a5ca7e1f','2025-02-20 07:56:13','2025-02-20 07:56:13'),(21,'Presentation',NULL,'https://docs.google.com/presentation/d/18iDS6OYx5eA--AgdRMULkhA-3DfiaaH9brVyn0IvfLA/edit?usp=sharing',42,23,'0abc20dd-b861-48f8-8eb5-b916b08c1123','2025-02-20 07:56:16','2025-02-20 07:56:16'),(22,'Présentation',NULL,'https://www.canva.com/design/DAGawzGgE4I/SbM6O57aHd_8ii5BWXupzw/edit?utm_content=DAGawzGgE4I&utm_campaign=designshare&utm_medium=link2&utm_source=sharebutton',42,34,'ef226e8c-8df1-4b19-a1d4-795fb6452512','2025-02-20 07:56:17','2025-02-24 15:10:03'),(23,'Git',NULL,'https://github.com/Aminebennani1/UI-UX-Dessign.git',41,32,'e8780839-0162-4e6c-971a-4e667c2e7f2d','2025-02-20 07:56:25','2025-02-20 07:56:25'),(24,'Github Pages Presentation',NULL,'https://suirita.github.io/14.EFM_UI_UX/presentation/index.html',42,33,'18621a40-06c7-4cce-a4ae-fae5e8b6b9a0','2025-02-20 07:56:58','2025-02-20 07:57:46'),(25,'Slides',NULL,'https://docs.google.com/presentation/d/1vZcgwoD-NuKPu_F0jym--yS_nlhk0frAn0j4aKowcPU/edit?usp=sharing',42,25,'8f9bf66b-0e79-46cd-9e99-23693367145f','2025-02-20 07:57:02','2025-02-20 07:57:02'),(26,'Rapport',NULL,'https://docs.google.com/document/d/1xgRTYBe1vBTvYKsaEOG7rWpR2G0PRIKz3XS-FYYCcJ8/edit?usp=sharing',43,34,'7a79be8d-f4dd-438c-aa38-bc4d8bff7069','2025-02-20 07:57:26','2025-02-20 07:57:26'),(27,'Présentation slide',NULL,'https://docs.google.com/presentation/d/1BmIB7eDW8HsDHNCvOgTx7ZcWLXR_HY4Mb-iAlE4TGH4/edit?usp=sharing',42,32,'3cd6fbe6-cf65-4307-86db-4ac5f96cf367','2025-02-20 07:57:31','2025-02-20 07:57:31'),(28,'Github Pages Rapport',NULL,'https://suirita.github.io/14.EFM_UI_UX/rapport/index.html',43,33,'43527dfc-b043-4c5c-824b-d9c5e4b7a106','2025-02-20 07:57:32','2025-02-20 07:57:32'),(29,'rapport',NULL,'https://docs.google.com/document/d/1CiKj1fooSasud0-C4q4h0nJGeC8sDx99mft4jfgW04Y/edit?usp=sharing',43,28,'72cb9546-c1ac-4858-8718-90adae341c08','2025-02-20 07:57:33','2025-02-20 07:57:33'),(30,'Rapport',NULL,'https://docs.google.com/document/d/1Z75hoWx1xFjV-YJGbLyLHZ4uBzxSBAS83jdIPh5EO9w/edit?usp=sharing',43,32,'356592d1-11f3-453a-ae54-72f92727ee5c','2025-02-20 07:59:39','2025-02-20 07:59:39'),(31,'Google Docs',NULL,'https://docs.google.com/document/d/1MJllYZ1ES019rRavJnhKSDq_tm-hYdmC_WvQ5JrQo-8/edit?tab=t.pjlb50r8psk2#heading=h.3pwnrzf0hw9k',43,20,'4d16a41a-9fef-4fc7-94e3-9299e6b665d7','2025-02-20 08:00:03','2025-02-20 08:00:03'),(32,'Slide',NULL,'https://www.canva.com/design/DAGbCLfYmGw/VseKYTnHk-nnXLtJR5Hc0A/edit?utm_content=DAGbCLfYmGw&utm_campaign=designshare&utm_medium=link2&utm_source=sharebutton',42,37,'7a6960fa-147a-4a28-bf8d-146459026dba','2025-02-20 08:00:30','2025-02-20 08:08:47'),(33,'Github',NULL,'https://github.com/MohamedMezziane/Gestion-des-cong-s',41,37,'5645b9be-30c9-4fbf-a506-cde7060fb8a1','2025-02-20 08:01:47','2025-02-20 08:08:55'),(34,'Rapport',NULL,'https://docs.google.com/document/d/1vc4lNiDl9O4-NGnSE7bl0pF3-M4xMWpYfALgVCAiozs/edit?usp=sharing',43,37,'2c13617a-8fae-42b4-9ffa-2fbd0af5d146','2025-02-20 08:02:58','2025-02-20 08:09:06'),(35,'Github Repository',NULL,'https://github.com/DevZakariaAz/Projet_fil_rouge_v1',41,35,'53c2f7eb-9005-4d2c-9e46-76c5bfa9c0e6','2025-02-20 08:04:57','2025-02-27 12:47:33'),(36,'Google Slide',NULL,'https://docs.google.com/presentation/d/1ZBW2GjNYv2iT1A1r4LMFLSYS3BsXwQ7DulfLO-58KhA/edit?usp=sharing',42,35,'a0624ad5-58c5-468e-89d6-5ff2fdba39b2','2025-02-20 08:05:58','2025-02-20 08:05:58'),(37,'Rapport Projet',NULL,'https://devzakariaaz.github.io/14.Ui_Ux_Session/Rapport/index.html',43,35,'34864f42-4df6-474a-94b1-c09eca623ef8','2025-02-20 08:06:39','2025-02-20 08:06:39'),(38,'Soli_LMS_Test_Inscription',NULL,'https://github.com/samiaBoug/Soli_LMS_Test_Inscription',41,27,'7877116f-724b-4c44-8a42-68b1adea5254','2025-02-20 08:11:01','2025-02-20 08:11:01'),(39,'Présentation de projet Soli-lms pkg_Inscription_test',NULL,'https://docs.google.com/presentation/d/1J1ll7Zf_5dn8dpHsqriVC0QyHL0-y5WDsBs9RKTPXCs/edit#slide=id.p',42,27,'cd65623f-5554-4615-9b60-06a81cf2a569','2025-02-20 08:12:18','2025-02-20 08:12:18'),(40,'git',NULL,'https://github.com/AyoubBakali07/Atelier_Hardware.git',44,70,'955251de-a5de-4755-bd32-758a84fd5ced','2025-02-20 08:12:59','2025-02-20 08:12:59'),(41,'Rapport de projet fil rouge pkg_inscription_test',NULL,'https://samiaboug.github.io/Soli_LMS_Test_Inscription/',43,27,'53fd72aa-8443-48e4-9ef7-24cd03a62858','2025-02-20 08:14:06','2025-02-20 08:14:06'),(42,'Code',NULL,'https://github.com/yahya-Boussakla/File-Rouge',41,23,'31ec4fb5-b568-45b6-a98c-17b0549cc14a','2025-02-20 08:45:11','2025-03-03 09:32:03'),(43,'Présentation  de projet',NULL,'https://suirita.github.io/Deployment_workshop/#/2',45,60,'a49932d4-7430-459f-b99a-670f74746405','2025-02-20 09:23:15','2025-02-20 09:23:15'),(44,'Présentation de l\'atelier réseaux',NULL,'https://www.canva.com/design/DAGfEh6cA8g/4NtW5KjiMq-nz9XSynCJxA/edit',45,65,'462c443e-a61a-4f61-87dd-36630421079c','2025-02-20 10:51:07','2025-02-20 10:51:07'),(45,'Git',NULL,'https://github.com/AyoubBakali07/Atelier_Hardware.git',44,58,'f558b04b-ffe3-4af9-ba10-14b570e457ac','2025-02-20 11:39:07','2025-02-20 11:39:07'),(46,'FilleRougeCode',NULL,'https://github.com/dinadehbi/Fille-Rouge-Soli-LMS',41,29,'eddf8c62-ede5-42cc-8644-ffd0bb30720a','2025-02-24 15:34:55','2025-02-27 10:28:10'),(47,'Presentation',NULL,'https://www.canva.com/design/DAGbDzpdMuQ/exYvCQfg3G2Iiy8ZEG64SA/edit?ui=eyJEIjp7IlAiOnsiQiI6ZmFsc2V9fX0',42,29,'1edfc256-b49d-40cc-9dc8-29d3180163fe','2025-02-24 15:35:36','2025-02-24 15:35:36'),(48,'Rapport',NULL,'https://docs.google.com/document/d/1QJiRklqs9xyRE4LbOwvtPltflyWvDoCRZBLgCXKC4MY/edit?tab=t.0#heading=h.adqnqb7h8nt1',43,29,'281f3235-8f9b-4e34-b408-024c66b5e2cb','2025-02-24 15:36:09','2025-02-24 15:36:09'),(49,'Gestion de projet',NULL,'https://github.com/users/dinadehbi/projects/6/views/2?layout=board',50,29,'fc7f74a4-3b83-456e-b8e3-887d1504c4bf','2025-02-24 15:37:07','2025-02-27 10:29:30'),(50,'gestion de projet',NULL,'https://github.com/users/ZOUBAIRDouae/projects/3',50,34,'af0ac227-d29a-484f-8b92-1fdf31b8a7f6','2025-02-24 15:37:50','2025-02-26 10:17:06'),(51,'Gestion De Project',NULL,'https://github.com/users/bardichoussama/projects/7',50,31,'54464b29-6c92-42c5-9228-1a59cfd6e122','2025-02-24 16:01:14','2025-02-24 16:01:14'),(52,'Présentation',NULL,'https://www.google.com/',42,36,'ac449181-b360-408d-87a7-dc5317adbe57','2025-02-25 12:34:45','2025-02-25 12:34:45'),(53,'tableau de planification',NULL,'https://github.com/users/Aminebennani1/projects/1/views/1',50,32,'7583fd1d-d1b6-4fe7-b54c-fd84fc099acd','2025-02-25 14:51:49','2025-02-27 10:05:51'),(54,'Github Project',NULL,'https://github.com/users/Suirita/projects/6/views/2',50,33,'da815679-a9e1-4fc5-bd67-d80e7ddcb917','2025-02-26 09:36:58','2025-02-27 10:22:18'),(55,'Saisie d\'absence Projet',NULL,'https://github.com/users/DevZakariaAz/projects/9/views/2',50,35,'d87fde14-2c2b-4826-b017-a2a6d0850abf','2025-02-26 09:38:21','2025-02-27 12:46:57'),(56,'workshop : network',NULL,'https://www.canva.com/design/DAGfEh6cA8g/4NtW5KjiMq-nz9XSynCJxA/edit?utm_content=DAGfEh6cA8g&utm_campaign=designshare&utm_medium=link2&utm_source=sharebutton',45,66,'65d86f82-1259-4690-945d-ce4616ee69a7','2025-02-26 09:39:17','2025-02-26 09:39:17'),(57,'table des taches Inscription_Test',NULL,'https://github.com/users/samiaBoug/projects/3',50,27,'4fc86ff3-bcd2-46ee-90a2-e364905ab337','2025-02-26 09:43:28','2025-02-26 09:43:28'),(58,'Gestion de Projet',NULL,'https://github.com/users/AyoubBakali07/projects/1/views/1',50,20,'403f2bd5-97bf-4a91-a684-4aea32a23c8c','2025-02-26 09:43:33','2025-02-26 10:03:41'),(59,'gestion de project',NULL,'https://github.com/users/Tribak-Ayoub/projects/3/views/2',50,28,'405232f7-1eb6-4ca7-af94-dbda649e7853','2025-02-26 10:03:05','2025-02-26 10:03:05'),(60,'Gestion de projet sur GitHub Projet',NULL,'https://github.com/users/TamraouiAbdelouahab/projects/5',50,22,'746cfcc3-e0fd-427b-9e67-88114046c28b','2025-02-26 10:03:42','2025-02-26 10:03:42'),(61,'github',NULL,'https://github.com/Ayoub-El-Bouzidi/UX.UI',41,24,'6916d8ba-11ed-45bf-b1b9-ee729767182d','2025-02-26 10:10:33','2025-02-26 10:10:33'),(62,'gestion',NULL,'https://github.com/users/Ayoub-El-Bouzidi/projects/2/views/2',50,24,'4b47b757-8cbf-4abd-9411-1d1054302d6f','2025-02-26 10:13:11','2025-02-27 09:44:36'),(63,'presentation',NULL,'https://docs.google.com/presentation/d/1E0h6sGPA8DOnPZuwNT7YXSsxn7s_Km1ENMX3Aj7YsjM/edit?usp=sharing',42,24,'26e20e16-1447-4e6a-8d8b-a50d058bafec','2025-02-26 10:13:55','2025-02-26 10:13:55'),(64,'rapport',NULL,'https://docs.google.com/document/d/14DDdyFP5J0cTgTyN4AmC3mxzxcExOPfAsI0SH1EiuyY/edit?tab=t.0',43,24,'45bc1d69-f704-4423-8f42-8d18e44e49a9','2025-02-26 10:15:20','2025-02-26 10:15:20'),(65,'code git',NULL,'https://github.com/AbderrafieElmrabet/UI_UX',41,21,'956aed30-fc28-4ac5-9e16-8c69d588a4e2','2025-02-26 12:03:03','2025-02-26 12:03:03'),(66,'presentation',NULL,'https://docs.google.com/presentation/d/1MbYH2-47fBkaiTPF5KK8uttQQs7n6Sdc8v8-JLHeGd8/edit?usp=sharing',42,21,'b0918b2b-2f7c-4a78-a416-1390212894ea','2025-02-26 12:05:16','2025-02-26 12:05:16'),(67,'Rapport',NULL,'https://docs.google.com/document/d/13wayD9f1r_P6XSSJY_cid_dlggnmbM2_-C2wzV6DibQ/edit?usp=sharing',43,21,'5f14d7e1-ac9e-414d-843d-a87e0a3d00dc','2025-02-26 12:06:24','2025-02-26 12:06:24'),(68,'gestion de tache',NULL,'https://github.com/users/AbderrafieElmrabet/projects/2/views/1',50,21,'4f436547-3c7f-4aa0-9294-afc5109276ae','2025-02-26 12:08:16','2025-02-27 09:56:27'),(69,'Gestion de Projet',NULL,'https://github.com/users/MohamedMezziane/projects/2/views/1',50,37,'d9a5ed24-0cc2-4f78-9956-5672f97052cd','2025-02-26 12:23:56','2025-02-27 10:43:51'),(70,'Github',NULL,'https://github.com/samir20-23/FileRouge_v2',41,26,'fe76d667-83d2-403b-a196-3693f7a0099c','2025-02-27 09:27:41','2025-02-27 09:27:41'),(71,'presentation',NULL,'https://docs.google.com/presentation/d/1RfODNJk909Aqs1fXE5JPZ3sLJVnspJdTibMs-LoIJuY/edit?usp=sharing',42,30,'a26b4b40-ec3f-4b78-b58e-fb72ab633b8b','2025-02-27 09:28:30','2025-02-27 09:28:30'),(72,'code',NULL,'https://github.com/AyoubyAmazu/ui_ux',41,30,'de31890f-3773-4e80-b576-7578f5fb48d2','2025-02-27 09:29:02','2025-02-27 09:29:02'),(73,'Rapport',NULL,'https://docs.google.com/document/d/1I51vyWHPIMmYBuAWCtcMNiW1gaEwz2sJLjLnUQSIipg/edit?usp=sharing',43,30,'42161c3f-61aa-4d3e-a5eb-7f9783296500','2025-02-27 09:29:39','2025-02-27 09:29:39'),(74,'slide',NULL,'https://www.canva.com/design/DAGbI0svsFg/JIW9xZzPPwj97C-1qZONgQ/edit',42,26,'292e5119-74a9-482a-bb03-f89a81690968','2025-02-27 09:30:44','2025-02-27 09:30:44'),(75,'report',NULL,'https://docs.google.com/document/d/1TYoQgip-52FMFFAQsjDAUXbaET6UYUtsHaezMfBV1Ow/edit?usp=sharing',43,26,'cf5f815f-b6e8-4c34-ab73-e091474428df','2025-02-27 09:31:32','2025-02-27 09:31:32'),(76,'Gestion du projet',NULL,'https://github.com/users/AyoubyAmazu/projects/4/views/1?layout=board',50,30,'f131b749-d819-43f4-91df-be6b23d81deb','2025-02-27 09:39:43','2025-02-27 09:39:43'),(77,'github Project',NULL,'https://github.com/users/samir20-23/projects/17',50,26,'df3a1093-d3b4-4a0b-a84d-c2c95ea76598','2025-02-27 09:51:53','2025-02-27 09:51:53'),(78,'Projet E-commerce',NULL,'https://github.com/DevZakariaAz/15.E-Commerce_Projet/tree/main/Prototype_vue',56,169,'d14b777a-bb5a-4572-aaf0-c10ecfaf0f87','2025-02-27 13:08:08','2025-02-27 15:37:15'),(79,'Repository Blog',NULL,'https://github.com/DevZakariaAz/Blog_Projet.git',53,169,'3af4416b-e925-48ba-bbb3-4f1484add4e2','2025-02-27 15:08:11','2025-02-27 15:08:11'),(80,'Github Projet',NULL,'https://github.com/users/DevZakariaAz/projects/10/views/2',64,169,'aeb86fd1-5a52-4703-b89e-c97691e6e3d3','2025-02-27 15:10:22','2025-02-28 09:45:17'),(81,'Prototype',NULL,'https://github.com/Suirita/File_rouge/tree/main/Prototype',53,167,'a6cfb321-56b6-4a87-a9c5-382bac4e9bd0','2025-02-27 15:15:44','2025-02-27 15:15:44'),(82,'Prototype_vue',NULL,'https://github.com/Suirita/15.Watches_E_commerce/tree/main/Prototype_vue',56,167,'bc85c5cb-0743-4549-87ff-0bd942ab6330','2025-02-27 15:24:25','2025-02-27 15:24:25'),(83,'les instructions de déploiement sur linux',NULL,'https://github.com/samiaBoug/Soli_LMS_Test_Inscription/tree/main/Branche_technique/Deploiement',61,65,'48126126-af92-4cf7-850d-104c7c45dcc2','2025-02-27 15:38:30','2025-02-27 15:38:30'),(84,'live coding OnePage',NULL,'https://github.com/samiaBoug/auto-Laravel/tree/main/e-comerce',63,65,'e9ac8eec-49e6-4362-b730-c32ef7903407','2025-02-27 15:41:48','2025-02-27 15:41:48'),(86,'LiveCoding \"OnePage\" avec VueJs',NULL,'https://github.com/TamraouiAbdelouahab/E-commerce/tree/main/PrototypeV2',56,156,'f80967f1-7b95-4d6a-9e63-6db4c19b5a95','2025-02-27 16:08:42','2025-02-27 16:08:42'),(88,'Gestion de projet','g','https://github.com/users/CHABBEH-Aymen/projects/5/views/1',64,159,'bc73eed7-2275-4b41-a06d-0893d3e89c28','2025-02-28 08:57:50','2025-02-28 10:19:57'),(89,'Laravel VueJs Prototype Live Conding',NULL,'https://github.com/bardichoussama/Self-Learning-Laravel/tree/main/laravel-vuejs-crud-prototype_live_co',56,165,'988d6099-a88b-4938-a7b9-067e4bed30e0','2025-02-28 09:19:46','2025-02-28 09:19:46'),(90,'Laravel VueJs Prototype',NULL,'https://github.com/bardichoussama/Self-Learning-Laravel/tree/main/laravel-vuejs-crud-prototype',53,165,'5af3a3cf-7972-437c-a460-b8a6cdfd81c1','2025-02-28 09:21:10','2025-02-28 09:21:10'),(91,'single-page',NULL,'https://github.com/CHABBEH-Aymen/soli-ecommerce',56,159,'18c3ce83-7da6-42c3-a86f-e497cdf9d173','2025-02-28 09:24:51','2025-02-28 10:27:22'),(92,'Gestion de Projet',NULL,'https://github.com/users/AyoubBakali07/projects/1/views/1',64,154,'857bb4c1-a885-434e-b78c-b0934a5cdae3','2025-02-28 09:27:34','2025-02-28 09:27:34'),(93,'Github repo',NULL,'https://github.com/Tribak-Ayoub/Blog-app',53,162,'caa333c1-3ef3-4f3d-9444-b5fb660a9b72','2025-02-28 09:28:50','2025-02-28 09:28:50'),(94,'tableau de planification',NULL,'https://github.com/users/Aminebennani1/projects/1/views/1',64,166,'7739ca29-a74e-4743-ab0a-aa06520c762f','2025-02-28 09:29:28','2025-02-28 09:29:28'),(95,'prototype vue.js',NULL,'https://github.com/Tribak-Ayoub/E-commerce/tree/main/Technical_Branch/Generic_Design/Prototype_vue',56,162,'7f921199-71dd-4ecd-9b6e-50f465ae1f7b','2025-02-28 09:32:05','2025-02-28 09:32:05'),(96,'Gestion de projet',NULL,'https://github.com/users/Tribak-Ayoub/projects/3/views/2',64,162,'2cf6b2c2-03cc-407f-b3e7-b066632ab6df','2025-02-28 09:32:50','2025-02-28 09:32:50'),(97,'Gestion de projet',NULL,'https://github.com/users/TamraouiAbdelouahab/projects/8/views/2',64,156,'304f795a-5a47-4794-8836-dc4d2dd48ea4','2025-02-28 09:44:27','2025-02-28 09:44:27'),(98,'Gestion de projet',NULL,'https://github.com/users/AbderrafieElmrabet/projects/2/views/1',64,155,'ba2d3f80-e3ee-4b0d-a5bd-71993100b23c','2025-02-28 09:46:04','2025-02-28 09:46:04'),(100,'Gestion de project',NULL,'https://github.com/users/Suirita/projects/6/views/2',64,167,'c1d880df-9c97-46ea-b68e-9fc7f1ab12c1','2025-02-28 09:47:35','2025-02-28 09:47:35'),(101,'GitHubProject',NULL,'https://github.com/users/dinadehbi/projects/6',64,163,'b06fb0a2-4a9e-42a8-820a-f9f3066947e3','2025-02-28 09:48:38','2025-02-28 09:48:38'),(102,'Gestion De Project',NULL,'https://github.com/users/bardichoussama/projects/7/views/1',64,165,'7a563828-bfa4-4879-847a-67a99a188759','2025-02-28 09:50:53','2025-02-28 09:50:53'),(103,'Github',NULL,'https://github.com/samir20-23/Powerhouse-Vue.js',53,160,'945b6a42-aad6-42c9-ba9c-bebb87a15ba2','2025-02-28 09:53:24','2025-02-28 09:53:24'),(104,'github Project',NULL,'https://github.com/users/samir20-23/projects/17/views/1?layout=board',64,160,'1347e234-a60e-4326-967b-173035996ff9','2025-02-28 09:57:25','2025-02-28 10:32:45'),(105,'Gestion de projet sur GitHub Projet',NULL,'https://github.com/users/TamraouiAbdelouahab/projects/8/views/2',65,60,'9ed83e40-a285-4060-9644-c55f01137bdd','2025-02-28 10:01:12','2025-02-28 10:01:12'),(106,'Gestion de projet',NULL,'https://github.com/users/CHABBEH-Aymen/projects/5/views/1',50,25,'6190ed87-f374-4dd2-8909-8ae091cfb138','2025-02-28 10:06:44','2025-02-28 10:19:23'),(107,'instructions',NULL,'https://github.com/Tribak-Ayoub/Project-fil-rouge/tree/devlop/Technical%20Branch/Technical%20Analysis/Deployment',61,66,'a929b61d-252e-409e-ae08-ac3c525330fd','2025-02-28 10:17:03','2025-02-28 10:17:03'),(108,'instructions',NULL,'https://github.com/Tribak-Ayoub/Project-fil-rouge/tree/devlop/Technical%20Branch/Technical%20Analysis/Deployment',62,66,'275df3e8-55b6-4681-afeb-93af9c2c0a17','2025-02-28 11:49:08','2025-02-28 11:49:08'),(109,'Live coding mulit-lang',NULL,'https://github.com/DevZakariaAz/Blog_Projet/tree/main/Multi_langue_liveCoding',54,169,'bca9a152-2d36-4f02-8ced-e526d73ff1d4','2025-02-28 11:58:58','2025-02-28 11:58:58'),(110,'git hub code',NULL,'https://github.com/dinadehbi/VueJs-Autoformation',53,163,'49917af1-49ca-4c2c-ba4c-69eacd80ef55','2025-03-03 09:26:24','2025-03-03 09:26:24'),(111,'Rapport',NULL,'https://docs.google.com/document/d/1z6zbR0rWYLjoQh0EvFBYZdS0sloydCS4KEwakly4kBQ/edit?usp=sharing',43,23,'2939ca08-af96-4249-b2ad-48f10c662146','2025-03-03 09:30:07','2025-03-03 09:30:07'),(112,'gestion de projet',NULL,'https://github.com/users/samiaBoug/projects/3/views/1',65,65,'bb3430b7-23f1-45d1-b906-552c5bef5caa','2025-03-03 09:32:50','2025-03-03 09:32:50'),(113,'gestion',NULL,'https://github.com/users/ZOUBAIRDouae/projects/3',64,168,'fae20ff1-6cbb-4e66-ac3f-7389d09ac96d','2025-03-03 09:32:58','2025-03-03 09:32:58'),(114,'Gestion de Projet',NULL,'https://github.com/users/yahya-Boussakla/projects/5/views/1',50,23,'8dffbfbe-dd00-456a-b29f-67ffe2526557','2025-03-03 09:33:23','2025-03-03 09:33:23'),(115,'gestion de projet',NULL,'https://github.com/users/samiaBoug/projects/3/views/1',64,161,'3d2229b0-1f4f-420a-96f1-57417b081a8c','2025-03-03 09:33:28','2025-03-03 09:33:28'),(116,'gestion de projet',NULL,'https://github.com/users/Ayoub-El-Bouzidi/projects/2/views/2',64,158,'e1daa874-b71b-4403-8725-4fe3c107407f','2025-03-03 10:19:38','2025-03-03 10:19:38'),(117,'instrection',NULL,'https://github.com/AyoubyAmazu/deployement',61,68,'d7da975b-7e8e-478a-8b74-e647d9198341','2025-03-03 10:42:26','2025-03-03 10:42:26'),(118,'Gestion de Projet',NULL,'https://github.com/yahya-Boussakla/File-Rouge',64,157,'22c768ab-71a0-4031-aa99-333b90746a6c','2025-03-03 10:54:38','2025-03-03 10:54:38');
/*!40000 ALTER TABLE `livrables_realisations` ENABLE KEYS */;
UNLOCK TABLES;

--
-- Table structure for table `migrations`
--

DROP TABLE IF EXISTS `migrations`;
/*!40101 SET @saved_cs_client     = @@character_set_client */;
/*!50503 SET character_set_client = utf8mb4 */;
CREATE TABLE `migrations` (
  `id` int unsigned NOT NULL AUTO_INCREMENT,
  `migration` varchar(255) CHARACTER SET utf8mb4 COLLATE utf8mb4_unicode_ci NOT NULL,
  `batch` int NOT NULL,
  PRIMARY KEY (`id`)
) ENGINE=InnoDB AUTO_INCREMENT=74 DEFAULT CHARSET=utf8mb4 COLLATE=utf8mb4_unicode_ci;
/*!40101 SET character_set_client = @saved_cs_client */;

--
-- Dumping data for table `migrations`
--

LOCK TABLES `migrations` WRITE;
/*!40000 ALTER TABLE `migrations` DISABLE KEYS */;
INSERT INTO `migrations` VALUES (1,'0001_01_01_000000_create_users_table',1),(2,'0001_01_01_000001_create_cache_table',1),(3,'0001_01_01_000002_create_jobs_table',1),(4,'0001_01_02_000000_create_roles_table',1),(5,'0001_01_03_000000_create_permissions_table',1),(6,'0001_01_05_000000_create_role_user_table',1),(7,'0001_01_06_000000_create_permission_role_table',1),(8,'0002_01_01_000000_create_sys_colors_table',1),(9,'0002_01_01_000002_create_sys_modules_table',1),(10,'0002_01_10_000000_create_sys_controllers_table',1),(11,'0002_01_20_105344_create_feature_domains_table',1),(12,'0002_01_30_105641_create_features_table',1),(13,'0002_01_31_000000_create_feature_permission_table',1),(14,'0002_01_32_000000_create_sys_models_table',1),(15,'0003_01_03_000002_add_controller_id_to_permissions_table',1),(16,'0003_01_03_000003_create_feature_permission_table',1),(17,'0003_90_90_000000_create_apprenant_konosies_table',1),(18,'0004_01_01_000000_create_filieres_table',1),(19,'0004_01_02_000000_create_modules_table',1),(20,'0004_01_03_000000_create_category_technologies_table',1),(21,'0004_01_04_000000_create_competences_table',1),(22,'0004_01_05_000000_create_niveau_competences_table',1),(23,'0004_01_06_000000_create_technologies_table',1),(24,'0004_01_07_000000_create_competence_technology_table',1),(25,'0005_01_01_000000_create_niveaux_scolaires_table',1),(26,'0005_01_02_000000_create_villes_table',1),(27,'0005_01_03_000000_create_nationalites_table',1),(28,'0005_01_03_000010_create_annee_formations_table',1),(29,'0005_01_04_000000_create_groupes_table',1),(30,'0005_01_05_000000_create_apprenants_table',1),(31,'0005_01_07_000000_create_specialites_table',1),(32,'0005_01_08_000000_create_formateurs_table',1),(33,'0005_01_09_000000_create_formateur_groupe_table',1),(34,'0005_01_10_000000_create_apprenant_groupe_table',1),(35,'0005_01_10_000000_create_formateur_specialite_table',1),(36,'0010_01_01_000000_create_widget_types_table',1),(37,'0010_01_02_000000_create_widget_operations_table',1),(38,'0010_01_03_000000_create_widgets_table',1),(39,'2024_12_26_085445_create_niveau_difficultes_table',1),(40,'2024_12_26_122739_create_nature_livrables_table',1),(41,'2024_12_26_123348_create_projets_table',1),(42,'2024_12_26_123533_create_resources_table',1),(43,'2024_12_26_123819_create_livrables_table',1),(44,'2024_12_26_124301_create_transfert_competences_table',1),(45,'2024_12_26_125448_create_technology_transfertCompetence_table',1),(46,'2024_12_26_143023_create_technology_transfertCompetence_table',1),(47,'2025_01_09_174213_create_e_metadata_definitions_table',1),(48,'2025_01_09_194546_create_e_packages_table',1),(49,'2025_01_09_195045_create_e_models_table',1),(50,'2025_01_09_195912_create_e_relationships_table',1),(51,'2025_01_09_195913_create_e_data_fields_table',1),(52,'2025_01_09_195914_create_e_metadata_table',1),(53,'2025_01_29_185601_create_etats_realisation_projets_table',1),(54,'2025_01_29_185602_create_affectation_projets_table',1),(55,'2025_01_30_150714_create_formateur_groupe_table',1),(56,'2025_01_30_185358_create_realisation_projets_table',1),(57,'2025_01_30_191645_create_livrables_realisations_table',1),(58,'2025_01_30_191912_create_validations_table',1),(59,'2025_02_16_085233_create_profiles_table',1),(60,'2025_02_22_093404_add_code_to_modules_table',2),(61,'2025_02_22_102330_add_filiere_id_to_projet_table',2),(62,'2025_02_27_142426_fixDeleteOnCascade',3),(63,'2025_02_27_144402_fixDeleteOnCascade2',3),(64,'2025_02_28_084248_add_is_editable_by_formateur_to_etats_realisation_projets',4),(65,'2025_03_01_111510_create_etat_realisation_taches_table',4),(66,'2025_03_01_112308_create_label_realisation_taches_table',4),(67,'2025_03_01_112813_create_priorite_taches_table',4),(68,'2025_03_01_112941_create_taches_table',4),(69,'2025_03_01_113440_create_type_dependance_taches_table',4),(70,'2025_03_01_113547_create_dependance_taches_table',4),(71,'2025_03_01_114121_create_realisation_taches_table',4),(72,'2025_03_01_114437_create_historique_realisation_taches_table',4),(73,'2025_03_01_114542_create_commentaire_realisation_taches_table',4);
/*!40000 ALTER TABLE `migrations` ENABLE KEYS */;
UNLOCK TABLES;

--
-- Table structure for table `model_has_permissions`
--

DROP TABLE IF EXISTS `model_has_permissions`;
/*!40101 SET @saved_cs_client     = @@character_set_client */;
/*!50503 SET character_set_client = utf8mb4 */;
CREATE TABLE `model_has_permissions` (
  `permission_id` bigint unsigned NOT NULL,
  `model_type` varchar(255) CHARACTER SET utf8mb4 COLLATE utf8mb4_unicode_ci NOT NULL,
  `model_id` bigint unsigned NOT NULL,
  PRIMARY KEY (`permission_id`,`model_id`,`model_type`),
  KEY `model_has_permissions_model_id_model_type_index` (`model_id`,`model_type`),
  CONSTRAINT `model_has_permissions_permission_id_foreign` FOREIGN KEY (`permission_id`) REFERENCES `permissions` (`id`) ON DELETE CASCADE
) ENGINE=InnoDB DEFAULT CHARSET=utf8mb4 COLLATE=utf8mb4_unicode_ci;
/*!40101 SET character_set_client = @saved_cs_client */;

--
-- Dumping data for table `model_has_permissions`
--

LOCK TABLES `model_has_permissions` WRITE;
/*!40000 ALTER TABLE `model_has_permissions` DISABLE KEYS */;
/*!40000 ALTER TABLE `model_has_permissions` ENABLE KEYS */;
UNLOCK TABLES;

--
-- Table structure for table `model_has_roles`
--

DROP TABLE IF EXISTS `model_has_roles`;
/*!40101 SET @saved_cs_client     = @@character_set_client */;
/*!50503 SET character_set_client = utf8mb4 */;
CREATE TABLE `model_has_roles` (
  `role_id` bigint unsigned NOT NULL,
  `model_type` varchar(255) CHARACTER SET utf8mb4 COLLATE utf8mb4_unicode_ci NOT NULL,
  `model_id` bigint unsigned NOT NULL,
  PRIMARY KEY (`role_id`,`model_id`,`model_type`),
  KEY `model_has_roles_model_id_model_type_index` (`model_id`,`model_type`),
  CONSTRAINT `model_has_roles_role_id_foreign` FOREIGN KEY (`role_id`) REFERENCES `roles` (`id`) ON DELETE CASCADE
) ENGINE=InnoDB DEFAULT CHARSET=utf8mb4 COLLATE=utf8mb4_unicode_ci;
/*!40101 SET character_set_client = @saved_cs_client */;

--
-- Dumping data for table `model_has_roles`
--

LOCK TABLES `model_has_roles` WRITE;
/*!40000 ALTER TABLE `model_has_roles` DISABLE KEYS */;
INSERT INTO `model_has_roles` VALUES (1,'Modules\\PkgAutorisation\\Models\\User',1),(2,'Modules\\PkgAutorisation\\Models\\User',2),(3,'Modules\\PkgAutorisation\\Models\\User',3),(8,'Modules\\PkgAutorisation\\Models\\User',4),(5,'Modules\\PkgAutorisation\\Models\\User',5),(5,'Modules\\PkgAutorisation\\Models\\User',6),(5,'Modules\\PkgAutorisation\\Models\\User',7),(5,'Modules\\PkgAutorisation\\Models\\User',8),(5,'Modules\\PkgAutorisation\\Models\\User',9),(5,'Modules\\PkgAutorisation\\Models\\User',10),(5,'Modules\\PkgAutorisation\\Models\\User',11),(5,'Modules\\PkgAutorisation\\Models\\User',12),(5,'Modules\\PkgAutorisation\\Models\\User',13),(5,'Modules\\PkgAutorisation\\Models\\User',14),(5,'Modules\\PkgAutorisation\\Models\\User',15),(5,'Modules\\PkgAutorisation\\Models\\User',16),(5,'Modules\\PkgAutorisation\\Models\\User',17),(5,'Modules\\PkgAutorisation\\Models\\User',18),(5,'Modules\\PkgAutorisation\\Models\\User',19),(5,'Modules\\PkgAutorisation\\Models\\User',20),(5,'Modules\\PkgAutorisation\\Models\\User',21),(5,'Modules\\PkgAutorisation\\Models\\User',22),(5,'Modules\\PkgAutorisation\\Models\\User',23),(5,'Modules\\PkgAutorisation\\Models\\User',24),(5,'Modules\\PkgAutorisation\\Models\\User',25),(5,'Modules\\PkgAutorisation\\Models\\User',26),(5,'Modules\\PkgAutorisation\\Models\\User',27),(5,'Modules\\PkgAutorisation\\Models\\User',28),(5,'Modules\\PkgAutorisation\\Models\\User',29),(5,'Modules\\PkgAutorisation\\Models\\User',30),(5,'Modules\\PkgAutorisation\\Models\\User',31),(5,'Modules\\PkgAutorisation\\Models\\User',32),(5,'Modules\\PkgAutorisation\\Models\\User',33),(5,'Modules\\PkgAutorisation\\Models\\User',34),(5,'Modules\\PkgAutorisation\\Models\\User',35),(5,'Modules\\PkgAutorisation\\Models\\User',36),(5,'Modules\\PkgAutorisation\\Models\\User',37),(5,'Modules\\PkgAutorisation\\Models\\User',38),(5,'Modules\\PkgAutorisation\\Models\\User',39),(5,'Modules\\PkgAutorisation\\Models\\User',40),(5,'Modules\\PkgAutorisation\\Models\\User',41),(5,'Modules\\PkgAutorisation\\Models\\User',42),(5,'Modules\\PkgAutorisation\\Models\\User',43),(5,'Modules\\PkgAutorisation\\Models\\User',44),(5,'Modules\\PkgAutorisation\\Models\\User',45),(5,'Modules\\PkgAutorisation\\Models\\User',46),(5,'Modules\\PkgAutorisation\\Models\\User',47),(5,'Modules\\PkgAutorisation\\Models\\User',48),(5,'Modules\\PkgAutorisation\\Models\\User',49),(5,'Modules\\PkgAutorisation\\Models\\User',50),(5,'Modules\\PkgAutorisation\\Models\\User',51),(5,'Modules\\PkgAutorisation\\Models\\User',52),(5,'Modules\\PkgAutorisation\\Models\\User',53),(5,'Modules\\PkgAutorisation\\Models\\User',54),(5,'Modules\\PkgAutorisation\\Models\\User',55),(5,'Modules\\PkgAutorisation\\Models\\User',56),(5,'Modules\\PkgAutorisation\\Models\\User',57),(5,'Modules\\PkgAutorisation\\Models\\User',58),(5,'Modules\\PkgAutorisation\\Models\\User',59),(5,'Modules\\PkgAutorisation\\Models\\User',60),(5,'Modules\\PkgAutorisation\\Models\\User',61),(5,'Modules\\PkgAutorisation\\Models\\User',62),(5,'Modules\\PkgAutorisation\\Models\\User',63),(5,'Modules\\PkgAutorisation\\Models\\User',64),(5,'Modules\\PkgAutorisation\\Models\\User',65),(5,'Modules\\PkgAutorisation\\Models\\User',66),(5,'Modules\\PkgAutorisation\\Models\\User',67),(5,'Modules\\PkgAutorisation\\Models\\User',68),(5,'Modules\\PkgAutorisation\\Models\\User',69),(5,'Modules\\PkgAutorisation\\Models\\User',70),(5,'Modules\\PkgAutorisation\\Models\\User',71),(5,'Modules\\PkgAutorisation\\Models\\User',72),(5,'Modules\\PkgAutorisation\\Models\\User',73),(5,'Modules\\PkgAutorisation\\Models\\User',74),(5,'Modules\\PkgAutorisation\\Models\\User',75),(5,'Modules\\PkgAutorisation\\Models\\User',76),(5,'Modules\\PkgAutorisation\\Models\\User',77),(5,'Modules\\PkgAutorisation\\Models\\User',78),(5,'Modules\\PkgAutorisation\\Models\\User',79),(5,'Modules\\PkgAutorisation\\Models\\User',80),(5,'Modules\\PkgAutorisation\\Models\\User',81),(5,'Modules\\PkgAutorisation\\Models\\User',82),(5,'Modules\\PkgAutorisation\\Models\\User',83),(5,'Modules\\PkgAutorisation\\Models\\User',84),(5,'Modules\\PkgAutorisation\\Models\\User',85),(5,'Modules\\PkgAutorisation\\Models\\User',86),(5,'Modules\\PkgAutorisation\\Models\\User',87),(5,'Modules\\PkgAutorisation\\Models\\User',88),(5,'Modules\\PkgAutorisation\\Models\\User',89),(5,'Modules\\PkgAutorisation\\Models\\User',90),(5,'Modules\\PkgAutorisation\\Models\\User',91),(5,'Modules\\PkgAutorisation\\Models\\User',92),(5,'Modules\\PkgAutorisation\\Models\\User',93),(5,'Modules\\PkgAutorisation\\Models\\User',94),(5,'Modules\\PkgAutorisation\\Models\\User',95),(5,'Modules\\PkgAutorisation\\Models\\User',96),(5,'Modules\\PkgAutorisation\\Models\\User',97),(5,'Modules\\PkgAutorisation\\Models\\User',98),(5,'Modules\\PkgAutorisation\\Models\\User',99),(5,'Modules\\PkgAutorisation\\Models\\User',100),(5,'Modules\\PkgAutorisation\\Models\\User',101),(4,'Modules\\PkgAutorisation\\Models\\User',102),(4,'Modules\\PkgAutorisation\\Models\\User',103),(4,'Modules\\PkgAutorisation\\Models\\User',104),(4,'Modules\\PkgAutorisation\\Models\\User',105),(4,'Modules\\PkgAutorisation\\Models\\User',106);
/*!40000 ALTER TABLE `model_has_roles` ENABLE KEYS */;
UNLOCK TABLES;

--
-- Table structure for table `modules`
--

DROP TABLE IF EXISTS `modules`;
/*!40101 SET @saved_cs_client     = @@character_set_client */;
/*!50503 SET character_set_client = utf8mb4 */;
CREATE TABLE `modules` (
  `id` bigint unsigned NOT NULL AUTO_INCREMENT,
  `code` varchar(255) COLLATE utf8mb4_unicode_ci NOT NULL,
  `nom` varchar(255) CHARACTER SET utf8mb4 COLLATE utf8mb4_unicode_ci NOT NULL,
  `description` longtext CHARACTER SET utf8mb4 COLLATE utf8mb4_unicode_ci,
  `masse_horaire` varchar(255) CHARACTER SET utf8mb4 COLLATE utf8mb4_unicode_ci NOT NULL,
  `created_at` timestamp NULL DEFAULT NULL,
  `updated_at` timestamp NULL DEFAULT NULL,
  `filiere_id` bigint unsigned NOT NULL,
  `reference` varchar(255) CHARACTER SET utf8mb4 COLLATE utf8mb4_unicode_ci NOT NULL,
  PRIMARY KEY (`id`),
  UNIQUE KEY `modules_reference_unique` (`reference`),
  UNIQUE KEY `modules_code_unique` (`code`),
  KEY `modules_filiere_id_foreign` (`filiere_id`),
  CONSTRAINT `modules_filiere_id_foreign` FOREIGN KEY (`filiere_id`) REFERENCES `filieres` (`id`)
) ENGINE=InnoDB AUTO_INCREMENT=31 DEFAULT CHARSET=utf8mb4 COLLATE=utf8mb4_unicode_ci;
/*!40101 SET character_set_client = @saved_cs_client */;

--
-- Dumping data for table `modules`
--

LOCK TABLES `modules` WRITE;
/*!40000 ALTER TABLE `modules` DISABLE KEYS */;
INSERT INTO `modules` VALUES (1,'M105','Initiation à l’environnement du développement mobile par la pédagogie active','Initiation à l’environnement du développement mobile par la pédagogie active','70','2025-02-19 06:39:27','2025-02-24 09:57:06',1,'5aa6bb23-b8f4-4c59-9f5d-8d44e318f365'),(2,'M106','M106','Maquettage d’une application mobile','50','2025-02-19 06:39:27','2025-02-24 09:56:58',1,'d2db8ed7-2293-4a4c-921f-cb1f96790b63'),(3,'MOD-00003-dc1a76','M107','Gestion de projet','50','2025-02-19 06:39:27','2025-02-21 11:07:37',1,'8552184c-94ca-4548-95c9-922a8742bd28'),(4,'MOD-00004-8b98d8','M108','Manipulation d’une base de données','80','2025-02-19 06:39:27','2025-02-21 11:07:51',1,'7a125911-8c90-410c-a133-6034ec7bda43'),(5,'MOD-00005-18d033','M109','Développement de la partie back-end','160','2025-02-19 06:39:27','2025-02-21 11:07:58',1,'939cbf39-5b87-4665-b68f-b752775f77e3'),(6,'MOD-00006-0612d3','M110','Développement d’une application mobile','225','2025-02-19 06:39:27','2025-02-21 11:06:35',1,'2348a02e-fb19-42ac-a3c6-d066003fdcee'),(7,'MOD-00007-78e2f2','M111','Déploiement d’une application web et d’une application mobile','100','2025-02-19 06:39:27','2025-02-21 11:06:01',1,'5a4df650-699a-431d-8943-37c39144cf6c'),(11,'MOD-00011-4115cc','M105','<table border=\"0\" cellpadding=\"0\" cellspacing=\"0\" width=\"336\" style=\"width: 252pt;\"><tbody><tr height=\"20\" style=\"height:15.0pt\">\r\n  <td height=\"20\" class=\"xl66\" align=\"left\" width=\"336\" style=\"height:15.0pt;\r\n  width:252pt\">Initiation à l’environnement du développement web</td></tr></tbody></table>','70','2025-02-21 11:00:09','2025-02-21 11:00:09',2,'ad15a4cc-9329-4dd0-9211-cf1ca521e63f'),(12,'MOD-00012-2508d8','M106','<table border=\"0\" cellpadding=\"0\" cellspacing=\"0\" width=\"336\" style=\"width: 252pt;\"><tbody><tr height=\"20\" style=\"height:15.0pt\">\r\n  <td height=\"20\" class=\"xl68\" align=\"left\" width=\"336\" style=\"height:15.0pt;\r\n  width:252pt\">Maquettage et UX/UI d\'un projet d’application web</td></tr></tbody></table>','70','2025-02-21 11:00:43','2025-02-21 11:00:43',2,'41af3768-1fd6-4e5b-bed8-2004250e3017'),(13,'MOD-00013-d20f08','M107','<table border=\"0\" cellpadding=\"0\" cellspacing=\"0\" width=\"336\" style=\"width: 252pt;\"><tbody><tr height=\"20\" style=\"height:15.0pt\">\r\n  <td height=\"20\" class=\"xl68\" align=\"left\" width=\"336\" style=\"height:15.0pt;\r\n  width:252pt\">Gestion de projet</td></tr></tbody></table>','80','2025-02-21 11:01:05','2025-02-21 11:01:05',2,'9a6d0866-bf9d-47bd-8049-bee30ab156b0'),(14,'MOD-00014-c5b50f','M108','<table border=\"0\" cellpadding=\"0\" cellspacing=\"0\" width=\"336\" style=\"width: 252pt;\"><tbody><tr height=\"20\" style=\"height:15.0pt\">\r\n  <td height=\"20\" class=\"xl68\" align=\"left\" width=\"336\" style=\"height:15.0pt;\r\n  width:252pt\">Intégration front-end d\'un projet d’application web</td></tr></tbody></table>','210','2025-02-21 11:01:30','2025-02-21 11:01:30',2,'38137289-16a7-4552-a343-473525e710d8'),(15,'MOD-00015-bc6164','M109','<table border=\"0\" cellpadding=\"0\" cellspacing=\"0\" width=\"336\" style=\"width: 252pt;\"><tbody><tr height=\"20\" style=\"height:15.0pt\">\r\n  <td height=\"20\" class=\"xl68\" align=\"left\" width=\"336\" style=\"height:15.0pt;\r\n  width:252pt\">Développement backend d\'un projet d’application web</td></tr></tbody></table>','165','2025-02-21 11:01:55','2025-02-21 11:01:55',2,'cdf532cc-6df3-4b2d-a90e-8b5d021e5c57'),(16,'MOD-00016-07de8e','M110','<table border=\"0\" cellpadding=\"0\" cellspacing=\"0\" width=\"336\" style=\"width: 252pt;\"><tbody><tr height=\"20\" style=\"height:15.0pt\">\r\n  <td height=\"20\" class=\"xl68\" align=\"left\" width=\"336\" style=\"height:15.0pt;\r\n  width:252pt\">Réaliser une application web avec un CMS</td></tr></tbody></table>','120','2025-02-21 11:02:18','2025-02-21 11:02:18',2,'59819fb7-3c83-48c4-be2a-d20b0a015d70'),(17,'MOD-00017-cde25e','M111','<table border=\"0\" cellpadding=\"0\" cellspacing=\"0\" width=\"336\" style=\"width: 252pt;\"><tbody><tr height=\"20\" style=\"height:15.0pt\">\r\n  <td height=\"20\" class=\"xl68\" align=\"left\" width=\"336\" style=\"height:15.0pt;\r\n  width:252pt\">Veille et adaptation aux technologies de l’entreprise</td></tr></tbody></table>','80','2025-02-21 11:02:41','2025-02-21 11:02:41',2,'e74886d1-e30e-40d4-a782-a702894f7d5c'),(18,'MOD-00018-db48c1','M112','<table border=\"0\" cellpadding=\"0\" cellspacing=\"0\" width=\"336\" style=\"width: 252pt;\"><tbody><tr height=\"20\" style=\"height:15.0pt\">\r\n  <td height=\"20\" class=\"xl68\" align=\"left\" width=\"336\" style=\"height:15.0pt;\r\n  width:252pt\">Projet de fin de formation</td></tr></tbody></table>','120','2025-02-21 11:03:09','2025-02-21 11:03:09',2,'f8036eea-247f-4956-b94a-68f69c4b0856'),(19,'MOD-00019-891467','M113','<table border=\"0\" cellpadding=\"0\" cellspacing=\"0\" width=\"336\" style=\"width: 252pt;\"><tbody><tr height=\"20\" style=\"height:15.0pt\">\r\n  <td height=\"20\" class=\"xl68\" align=\"left\" width=\"336\" style=\"height:15.0pt;\r\n  width:252pt\">Initiation au milieu de travail (Stage)</td></tr></tbody></table>','120','2025-02-21 11:03:41','2025-02-21 11:03:41',2,'c60f0504-bd48-407e-aaca-89b7fa3afd92'),(20,'MOD-00020-99469e','M101','<table border=\"0\" cellpadding=\"0\" cellspacing=\"0\" width=\"336\" style=\"width: 252pt;\"><tbody><tr height=\"20\" style=\"height:15.0pt\">\r\n  <td height=\"20\" class=\"xl68\" align=\"left\" width=\"336\" style=\"height:15.0pt;\r\n  width:252pt\">Français</td></tr></tbody></table>','30','2025-02-21 11:04:00','2025-02-21 11:04:00',2,'1eba932e-d091-4637-b51d-691abbab6023'),(21,'MOD-00021-da2f78','M102','<table border=\"0\" cellpadding=\"0\" cellspacing=\"0\" width=\"336\" style=\"width: 252pt;\"><tbody><tr height=\"20\" style=\"height:15.0pt\">\r\n  <td height=\"20\" class=\"xl68\" align=\"left\" width=\"336\" style=\"height:15.0pt;\r\n  width:252pt\">Anglais technique</td></tr></tbody></table>','30','2025-02-21 11:04:17','2025-02-21 11:04:17',2,'0f43b932-dcd3-49df-8d9f-940c246a4e81'),(22,'MOD-00022-770e46','M103','<table border=\"0\" cellpadding=\"0\" cellspacing=\"0\" width=\"336\" style=\"width: 252pt;\"><tbody><tr height=\"20\" style=\"height:15.0pt\">\r\n  <td height=\"20\" class=\"xl68\" align=\"left\" width=\"336\" style=\"height:15.0pt;\r\n  width:252pt\">Culture d\'entreprenariat</td></tr></tbody></table>','30','2025-02-21 11:04:41','2025-02-21 11:04:41',2,'ab6bc818-cde3-42ed-92f1-0f090805e689'),(23,'MOD-00023-e61f43','M104','<table border=\"0\" cellpadding=\"0\" cellspacing=\"0\" width=\"336\" style=\"width: 252pt;\"><tbody><tr height=\"20\" style=\"height:15.0pt\">\r\n  <td height=\"20\" class=\"xl68\" align=\"left\" width=\"336\" style=\"height:15.0pt;\r\n  width:252pt\">Compétences comportementales et social (ex Soft Skills)</td></tr></tbody></table>','45','2025-02-21 11:05:01','2025-02-21 11:05:01',2,'11494d36-dc58-40ce-b70e-094b20ad41e5'),(24,'MOD-00024-3cf46b','M112','<table border=\"0\" cellpadding=\"0\" cellspacing=\"0\" width=\"336\" style=\"width: 252pt;\"><tbody><tr height=\"20\" style=\"height:15.0pt\">\r\n  <td height=\"20\" class=\"xl68\" align=\"left\" width=\"336\" style=\"height:15.0pt;\r\n  width:252pt\">Veille et adaptation aux technologies de l’entreprise</td></tr></tbody></table>','60','2025-02-21 11:08:32','2025-02-21 11:08:32',1,'f03f14e8-e3f0-4853-af5b-a9dc27752eb7'),(25,'MOD-00025-3a85e5','M113','<table border=\"0\" cellpadding=\"0\" cellspacing=\"0\" width=\"336\" style=\"width: 252pt;\"><tbody><tr height=\"20\" style=\"height:15.0pt\">\r\n  <td height=\"20\" class=\"xl68\" align=\"left\" width=\"336\" style=\"height:15.0pt;\r\n  width:252pt\">Projet de fin de formation</td></tr></tbody></table>','120','2025-02-21 11:09:02','2025-02-21 11:09:02',1,'92cace8b-3af4-4b3e-852e-057654bccab7'),(26,'MOD-00026-173455','M101','Français&nbsp;','30','2025-02-21 11:11:08','2025-02-21 11:11:08',1,'a4b72190-4198-44a1-85c3-6058393444d0'),(27,'MOD-00027-537c9d','M102','<table border=\"0\" cellpadding=\"0\" cellspacing=\"0\" width=\"336\" style=\"width: 252pt;\"><tbody><tr height=\"20\" style=\"height:15.0pt\">\r\n  <td height=\"20\" class=\"xl68\" align=\"left\" width=\"336\" style=\"height:15.0pt;\r\n  width:252pt\">Anglais technique</td></tr></tbody></table>','30','2025-02-21 11:11:25','2025-02-21 11:11:25',1,'b557d4fb-cf04-4d0a-bc90-3cb9636fbd62'),(28,'MOD-00028-279fd1','M103','<table border=\"0\" cellpadding=\"0\" cellspacing=\"0\" width=\"336\" style=\"width: 252pt;\"><tbody><tr height=\"20\" style=\"height:15.0pt\">\r\n  <td height=\"20\" class=\"xl68\" align=\"left\" width=\"336\" style=\"height:15.0pt;\r\n  width:252pt\">Culture d\'entreprenariat</td></tr></tbody></table>','30','2025-02-21 11:12:19','2025-02-21 11:12:19',1,'7ccbcf68-1afd-4d23-9324-1b290f18f468'),(29,'MOD-00029-dba3fc','M104','<table border=\"0\" cellpadding=\"0\" cellspacing=\"0\" width=\"336\" style=\"width: 252pt;\"><tbody><tr height=\"20\" style=\"height:15.0pt\">\r\n  <td height=\"20\" class=\"xl68\" align=\"left\" width=\"336\" style=\"height:15.0pt;\r\n  width:252pt\">Compétences comportementales et social (ex Soft Skills)</td></tr></tbody></table>','45','2025-02-21 11:12:35','2025-02-21 11:12:35',1,'febc8be4-e453-473a-bbaa-ac1a8eb02aac'),(30,'MOD-00030-184981','M114','<table border=\"0\" cellpadding=\"0\" cellspacing=\"0\" width=\"336\" style=\"width: 252pt;\"><tbody><tr height=\"20\" style=\"height:15.0pt\">\r\n  <td height=\"20\" class=\"xl68\" align=\"left\" width=\"336\" style=\"height:15.0pt;\r\n  width:252pt\">Stage en entreprise</td></tr></tbody></table>','120','2025-02-21 11:13:06','2025-02-21 11:13:06',1,'d84c3e03-96a2-4032-bac6-4331f5ed4017');
/*!40000 ALTER TABLE `modules` ENABLE KEYS */;
UNLOCK TABLES;

--
-- Table structure for table `nationalites`
--

DROP TABLE IF EXISTS `nationalites`;
/*!40101 SET @saved_cs_client     = @@character_set_client */;
/*!50503 SET character_set_client = utf8mb4 */;
CREATE TABLE `nationalites` (
  `id` bigint unsigned NOT NULL AUTO_INCREMENT,
  `code` varchar(255) CHARACTER SET utf8mb4 COLLATE utf8mb4_unicode_ci NOT NULL,
  `nom` varchar(255) CHARACTER SET utf8mb4 COLLATE utf8mb4_unicode_ci DEFAULT NULL,
  `description` longtext CHARACTER SET utf8mb4 COLLATE utf8mb4_unicode_ci,
  `reference` varchar(255) CHARACTER SET utf8mb4 COLLATE utf8mb4_unicode_ci NOT NULL,
  `created_at` timestamp NULL DEFAULT NULL,
  `updated_at` timestamp NULL DEFAULT NULL,
  PRIMARY KEY (`id`),
  UNIQUE KEY `nationalites_reference_unique` (`reference`)
) ENGINE=InnoDB AUTO_INCREMENT=2 DEFAULT CHARSET=utf8mb4 COLLATE=utf8mb4_unicode_ci;
/*!40101 SET character_set_client = @saved_cs_client */;

--
-- Dumping data for table `nationalites`
--

LOCK TABLES `nationalites` WRITE;
/*!40000 ALTER TABLE `nationalites` DISABLE KEYS */;
INSERT INTO `nationalites` VALUES (1,'Marocain',NULL,NULL,'4e622e52-be00-4d3e-bea3-867067f4159f','2025-02-19 06:39:00','2025-02-19 06:39:00');
/*!40000 ALTER TABLE `nationalites` ENABLE KEYS */;
UNLOCK TABLES;

--
-- Table structure for table `nature_livrables`
--

DROP TABLE IF EXISTS `nature_livrables`;
/*!40101 SET @saved_cs_client     = @@character_set_client */;
/*!50503 SET character_set_client = utf8mb4 */;
CREATE TABLE `nature_livrables` (
  `id` bigint unsigned NOT NULL AUTO_INCREMENT,
  `nom` varchar(255) CHARACTER SET utf8mb4 COLLATE utf8mb4_unicode_ci NOT NULL,
  `description` longtext CHARACTER SET utf8mb4 COLLATE utf8mb4_unicode_ci,
  `reference` varchar(255) CHARACTER SET utf8mb4 COLLATE utf8mb4_unicode_ci NOT NULL,
  `created_at` timestamp NULL DEFAULT NULL,
  `updated_at` timestamp NULL DEFAULT NULL,
  PRIMARY KEY (`id`),
  UNIQUE KEY `nature_livrables_reference_unique` (`reference`)
) ENGINE=InnoDB AUTO_INCREMENT=9 DEFAULT CHARSET=utf8mb4 COLLATE=utf8mb4_unicode_ci;
/*!40101 SET character_set_client = @saved_cs_client */;

--
-- Dumping data for table `nature_livrables`
--

LOCK TABLES `nature_livrables` WRITE;
/*!40000 ALTER TABLE `nature_livrables` DISABLE KEYS */;
INSERT INTO `nature_livrables` VALUES (1,'Code','Code source d\'un projet, généralement hébergé sur une plateforme comme GitHub.','c6a3bab5-a6fd-430c-b7d7-cf3c066e132d','2025-02-19 06:39:39','2025-02-19 06:39:39'),(2,'Présentation','Diapositives de présentation, souvent créées avec PowerPoint ou d\'autres outils.','3577e7c2-6bd3-45c4-b114-d7f9cfb01a33','2025-02-19 06:39:39','2025-02-19 06:39:39'),(3,'Rapport','Rapport détaillé contenant une analyse ou une documentation du projet.','075e0dab-2fab-498d-b5dc-6f9dfdb5febc','2025-02-19 06:39:39','2025-02-19 06:39:39'),(4,'Documentation','Manuel d\'utilisation ou documentation technique pour le projet.','97f5540f-c567-4171-aa0e-df8d285c5609','2025-02-19 06:39:39','2025-02-19 06:39:39'),(5,'Prototype','Version initiale ou maquette fonctionnelle du projet.','6fa28827-2701-4c98-b26a-3e34ef88d360','2025-02-19 06:39:39','2025-02-19 06:39:39'),(6,'Vidéo','Vidéo démonstrative ou tutorielle expliquant le projet.','06d76669-75ca-4836-8e24-9719ddbcaaba','2025-02-19 06:39:39','2025-02-19 06:39:39'),(7,'Diagramme','Diagrammes UML ou autres visualisations structurelles du projet.','18a3bd86-d370-4520-a0b9-f5a46d1f312b','2025-02-19 06:39:39','2025-02-19 06:39:39'),(8,'Test','Rapport de test ou suite de tests pour valider le fonctionnement du projet.','299f9661-29d0-4197-b13b-268268a0506a','2025-02-19 06:39:39','2025-02-19 06:39:39');
/*!40000 ALTER TABLE `nature_livrables` ENABLE KEYS */;
UNLOCK TABLES;

--
-- Table structure for table `niveau_competences`
--

DROP TABLE IF EXISTS `niveau_competences`;
/*!40101 SET @saved_cs_client     = @@character_set_client */;
/*!50503 SET character_set_client = utf8mb4 */;
CREATE TABLE `niveau_competences` (
  `id` bigint unsigned NOT NULL AUTO_INCREMENT,
  `nom` varchar(255) CHARACTER SET utf8mb4 COLLATE utf8mb4_unicode_ci NOT NULL,
  `description` longtext CHARACTER SET utf8mb4 COLLATE utf8mb4_unicode_ci,
  `created_at` timestamp NULL DEFAULT NULL,
  `updated_at` timestamp NULL DEFAULT NULL,
  `competence_id` bigint unsigned NOT NULL,
  `reference` varchar(255) CHARACTER SET utf8mb4 COLLATE utf8mb4_unicode_ci NOT NULL,
  PRIMARY KEY (`id`),
  UNIQUE KEY `niveau_competences_reference_unique` (`reference`),
  KEY `niveau_competences_competence_id_foreign` (`competence_id`),
  CONSTRAINT `niveau_competences_competence_id_foreign` FOREIGN KEY (`competence_id`) REFERENCES `competences` (`id`)
) ENGINE=InnoDB AUTO_INCREMENT=4 DEFAULT CHARSET=utf8mb4 COLLATE=utf8mb4_unicode_ci;
/*!40101 SET character_set_client = @saved_cs_client */;

--
-- Dumping data for table `niveau_competences`
--

LOCK TABLES `niveau_competences` WRITE;
/*!40000 ALTER TABLE `niveau_competences` DISABLE KEYS */;
INSERT INTO `niveau_competences` VALUES (1,'nom 1','description 1','2025-02-19 06:39:28','2025-02-19 06:39:28',1,'e1d67f98-d395-4981-9ba2-9c4c2a968cb0'),(2,'nom 2','description 2','2025-02-19 06:39:29','2025-02-19 06:39:29',2,'c4e7060a-d007-4e03-84b5-e92213b5a1ed'),(3,'nom 3','description 3','2025-02-19 06:39:29','2025-02-19 06:39:29',3,'7671e721-b593-49ee-902b-987161b254ec');
/*!40000 ALTER TABLE `niveau_competences` ENABLE KEYS */;
UNLOCK TABLES;

--
-- Table structure for table `niveau_difficultes`
--

DROP TABLE IF EXISTS `niveau_difficultes`;
/*!40101 SET @saved_cs_client     = @@character_set_client */;
/*!50503 SET character_set_client = utf8mb4 */;
CREATE TABLE `niveau_difficultes` (
  `id` bigint unsigned NOT NULL AUTO_INCREMENT,
  `nom` varchar(255) CHARACTER SET utf8mb4 COLLATE utf8mb4_unicode_ci NOT NULL,
  `description` longtext CHARACTER SET utf8mb4 COLLATE utf8mb4_unicode_ci,
  `noteMin` double NOT NULL,
  `noteMax` double NOT NULL,
  `formateur_id` bigint unsigned NOT NULL,
  `reference` varchar(255) CHARACTER SET utf8mb4 COLLATE utf8mb4_unicode_ci NOT NULL,
  `created_at` timestamp NULL DEFAULT NULL,
  `updated_at` timestamp NULL DEFAULT NULL,
  PRIMARY KEY (`id`),
  UNIQUE KEY `niveau_difficultes_reference_unique` (`reference`),
  KEY `niveau_difficultes_formateur_id_foreign` (`formateur_id`),
  CONSTRAINT `niveau_difficultes_formateur_id_foreign` FOREIGN KEY (`formateur_id`) REFERENCES `formateurs` (`id`) ON DELETE CASCADE
) ENGINE=InnoDB AUTO_INCREMENT=26 DEFAULT CHARSET=utf8mb4 COLLATE=utf8mb4_unicode_ci;
/*!40101 SET character_set_client = @saved_cs_client */;

--
-- Dumping data for table `niveau_difficultes`
--

LOCK TABLES `niveau_difficultes` WRITE;
/*!40000 ALTER TABLE `niveau_difficultes` DISABLE KEYS */;
INSERT INTO `niveau_difficultes` VALUES (1,'Imiter','Notions de base acquises.',0,7,1,'e7130815-932d-4592-98bb-345af1c41054','2025-02-19 06:39:35','2025-02-27 14:51:51'),(2,'Adapter','Compétences appliquées avec assistance limitée.',7,12,1,'df68ff9c-e00b-4e33-8671-99e0f9700e00','2025-02-19 06:39:35','2025-02-27 14:52:11'),(3,'Transposer','Bonne autonomie dans l\'application des compétences.',12,20,1,'f2b1eca8-5f4a-4a99-92df-b9108fc190cb','2025-02-19 06:39:35','2025-02-27 14:52:23'),(6,'Débutant','Notions de base acquises.',0,5,2,'d2eedfab-eee5-4274-88ef-2d29bf6d1fe6','2025-02-19 06:39:36','2025-02-19 06:39:36'),(7,'Intermédiaire','Compétences appliquées avec assistance limitée.',6,10,2,'74749ce2-b8db-4861-a452-3b9935459641','2025-02-19 06:39:36','2025-02-19 06:39:36'),(8,'Avancé','Bonne autonomie dans l\'application des compétences.',11,15,2,'e5b9afdc-981d-4731-b114-240f7896661a','2025-02-19 06:39:36','2025-02-19 06:39:36'),(9,'Expert','Expertise démontrée avec capacité à résoudre des problèmes complexes.',16,18,2,'d3fbfe91-2446-49c4-bf95-1655f5262e9a','2025-02-19 06:39:36','2025-02-19 06:39:36'),(10,'Maîtrise complète','Maîtrise totale et capacité à enseigner ou guider les autres.',19,20,2,'31fe4fa2-223b-4147-9440-79535de7d7dc','2025-02-19 06:39:36','2025-02-19 06:39:36'),(11,'Débutant','Notions de base acquises.',0,5,3,'5c85fef4-a746-44ed-ba37-71b605c915cf','2025-02-19 06:39:36','2025-02-19 06:39:36'),(12,'Intermédiaire','Compétences appliquées avec assistance limitée.',6,10,3,'b63e2700-d6cd-42e8-bd37-10dcf97b77ad','2025-02-19 06:39:36','2025-02-19 06:39:36'),(13,'Avancé','Bonne autonomie dans l\'application des compétences.',11,15,3,'e5369b89-4154-492c-b06b-0b0b70d54457','2025-02-19 06:39:36','2025-02-19 06:39:36'),(14,'Expert','Expertise démontrée avec capacité à résoudre des problèmes complexes.',16,18,3,'9961444e-bed8-4ca3-9470-49d78bc7806a','2025-02-19 06:39:36','2025-02-19 06:39:36'),(15,'Maîtrise complète','Maîtrise totale et capacité à enseigner ou guider les autres.',19,20,3,'5b126e4c-6cf4-4d65-86af-ec5742a8a4e4','2025-02-19 06:39:36','2025-02-19 06:39:36'),(16,'Débutant','Notions de base acquises.',0,5,4,'4812c20f-3472-4e2f-96d7-460260c7980c','2025-02-19 06:39:36','2025-02-19 06:39:36'),(17,'Intermédiaire','Compétences appliquées avec assistance limitée.',6,10,4,'fc5e061b-4966-4db3-ac2f-3afcfee38473','2025-02-19 06:39:36','2025-02-19 06:39:36'),(18,'Avancé','Bonne autonomie dans l\'application des compétences.',11,15,4,'9f31feb3-f925-4d58-a014-cfca42ed8582','2025-02-19 06:39:36','2025-02-19 06:39:36'),(19,'Expert','Expertise démontrée avec capacité à résoudre des problèmes complexes.',16,18,4,'8f735827-ed90-4f04-b3aa-b52476ac44e5','2025-02-19 06:39:36','2025-02-19 06:39:36'),(20,'Maîtrise complète','Maîtrise totale et capacité à enseigner ou guider les autres.',19,20,4,'e6c64ff0-e123-4f4e-9854-ff3491000800','2025-02-19 06:39:36','2025-02-19 06:39:36'),(21,'Débutant','Notions de base acquises.',0,5,5,'dd45610a-a5f3-4768-a3c8-aa56400b1fbb','2025-02-19 06:39:37','2025-02-19 06:39:37'),(22,'Intermédiaire','Compétences appliquées avec assistance limitée.',6,10,5,'11e8a3a7-fe1d-457b-8b8b-43f2e25ba2bd','2025-02-19 06:39:37','2025-02-19 06:39:37'),(23,'Avancé','Bonne autonomie dans l\'application des compétences.',11,15,5,'725af539-fd40-444b-be1b-3ef52163ab7a','2025-02-19 06:39:37','2025-02-19 06:39:37'),(24,'Expert','Expertise démontrée avec capacité à résoudre des problèmes complexes.',16,18,5,'5b3a393d-02ed-4cc2-bb00-a3b6df84c165','2025-02-19 06:39:37','2025-02-19 06:39:37'),(25,'Maîtrise complète','Maîtrise totale et capacité à enseigner ou guider les autres.',19,20,5,'f047a9a5-54f4-46c5-bd66-ec345dd2bacb','2025-02-19 06:39:37','2025-02-19 06:39:37');
/*!40000 ALTER TABLE `niveau_difficultes` ENABLE KEYS */;
UNLOCK TABLES;

--
-- Table structure for table `niveaux_scolaires`
--

DROP TABLE IF EXISTS `niveaux_scolaires`;
/*!40101 SET @saved_cs_client     = @@character_set_client */;
/*!50503 SET character_set_client = utf8mb4 */;
CREATE TABLE `niveaux_scolaires` (
  `id` bigint unsigned NOT NULL AUTO_INCREMENT,
  `code` varchar(255) CHARACTER SET utf8mb4 COLLATE utf8mb4_unicode_ci NOT NULL,
  `nom` varchar(255) CHARACTER SET utf8mb4 COLLATE utf8mb4_unicode_ci DEFAULT NULL,
  `description` longtext CHARACTER SET utf8mb4 COLLATE utf8mb4_unicode_ci,
  `reference` varchar(255) CHARACTER SET utf8mb4 COLLATE utf8mb4_unicode_ci NOT NULL,
  `created_at` timestamp NULL DEFAULT NULL,
  `updated_at` timestamp NULL DEFAULT NULL,
  PRIMARY KEY (`id`),
  UNIQUE KEY `niveaux_scolaires_reference_unique` (`reference`)
) ENGINE=InnoDB AUTO_INCREMENT=6 DEFAULT CHARSET=utf8mb4 COLLATE=utf8mb4_unicode_ci;
/*!40101 SET character_set_client = @saved_cs_client */;

--
-- Dumping data for table `niveaux_scolaires`
--

LOCK TABLES `niveaux_scolaires` WRITE;
/*!40000 ALTER TABLE `niveaux_scolaires` DISABLE KEYS */;
INSERT INTO `niveaux_scolaires` VALUES (1,'Baccalauréat',NULL,NULL,'4aa5ecc3-2565-4d76-a414-1dec8a6ec69a','2025-02-19 06:39:00','2025-02-19 06:39:00'),(2,'2 ème Année du Baccalauréat',NULL,NULL,'f566c202-45dd-4628-b0dc-a4e570e483c0','2025-02-19 06:39:00','2025-02-19 06:39:00'),(3,'Bac+3',NULL,NULL,'b627600e-a305-4617-afcb-b9179ecf0252','2025-02-19 06:39:01','2025-02-19 06:39:01'),(4,'3 ème année de  l\'\'Enseignement  Secondaire Collégial',NULL,NULL,'9549a456-7195-4551-8c6d-32201f8942bc','2025-02-19 06:39:02','2025-02-19 06:39:02'),(5,'1 ère Année du Baccalauréat',NULL,NULL,'4a83f726-2c7e-403f-9b14-ee482eee880b','2025-02-19 06:39:09','2025-02-19 06:39:09');
/*!40000 ALTER TABLE `niveaux_scolaires` ENABLE KEYS */;
UNLOCK TABLES;

--
-- Table structure for table `password_reset_tokens`
--

DROP TABLE IF EXISTS `password_reset_tokens`;
/*!40101 SET @saved_cs_client     = @@character_set_client */;
/*!50503 SET character_set_client = utf8mb4 */;
CREATE TABLE `password_reset_tokens` (
  `email` varchar(255) CHARACTER SET utf8mb4 COLLATE utf8mb4_unicode_ci NOT NULL,
  `token` varchar(255) CHARACTER SET utf8mb4 COLLATE utf8mb4_unicode_ci NOT NULL,
  `created_at` timestamp NULL DEFAULT NULL,
  PRIMARY KEY (`email`)
) ENGINE=InnoDB DEFAULT CHARSET=utf8mb4 COLLATE=utf8mb4_unicode_ci;
/*!40101 SET character_set_client = @saved_cs_client */;

--
-- Dumping data for table `password_reset_tokens`
--

LOCK TABLES `password_reset_tokens` WRITE;
/*!40000 ALTER TABLE `password_reset_tokens` DISABLE KEYS */;
/*!40000 ALTER TABLE `password_reset_tokens` ENABLE KEYS */;
UNLOCK TABLES;

--
-- Table structure for table `permissions`
--

DROP TABLE IF EXISTS `permissions`;
/*!40101 SET @saved_cs_client     = @@character_set_client */;
/*!50503 SET character_set_client = utf8mb4 */;
CREATE TABLE `permissions` (
  `id` bigint unsigned NOT NULL AUTO_INCREMENT,
  `name` varchar(255) CHARACTER SET utf8mb4 COLLATE utf8mb4_unicode_ci NOT NULL,
  `guard_name` varchar(255) CHARACTER SET utf8mb4 COLLATE utf8mb4_unicode_ci NOT NULL,
  `controller_id` bigint unsigned DEFAULT NULL,
  `created_at` timestamp NULL DEFAULT NULL,
  `updated_at` timestamp NULL DEFAULT NULL,
  `reference` varchar(255) CHARACTER SET utf8mb4 COLLATE utf8mb4_unicode_ci NOT NULL,
  PRIMARY KEY (`id`),
  UNIQUE KEY `permissions_name_guard_name_unique` (`name`,`guard_name`),
  UNIQUE KEY `permissions_reference_unique` (`reference`),
  KEY `permissions_controller_id_foreign` (`controller_id`),
  CONSTRAINT `permissions_controller_id_foreign` FOREIGN KEY (`controller_id`) REFERENCES `sys_controllers` (`id`) ON DELETE CASCADE
) ENGINE=InnoDB AUTO_INCREMENT=545 DEFAULT CHARSET=utf8mb4 COLLATE=utf8mb4_unicode_ci;
/*!40101 SET character_set_client = @saved_cs_client */;

--
-- Dumping data for table `permissions`
--

LOCK TABLES `permissions` WRITE;
/*!40000 ALTER TABLE `permissions` DISABLE KEYS */;
INSERT INTO `permissions` VALUES (1,'show-role','web',1,'2025-02-19 06:38:56','2025-02-19 06:38:56','76b8d861-3b04-4832-a7bf-05989f5a680c'),(2,'index-role','web',1,'2025-02-19 06:38:56','2025-02-19 06:38:56','1f6373be-fbd0-43f1-b5e5-fc7c8f99376d'),(3,'edit-role','web',1,'2025-02-19 06:38:56','2025-02-19 06:38:56','c340987f-1dc2-489e-8e22-107f2bec43d1'),(4,'update-role','web',1,'2025-02-19 06:38:56','2025-02-19 06:38:56','b6cb6821-02af-40e6-b40f-885458de7991'),(5,'dataCalcul-role','web',1,'2025-02-19 06:38:56','2025-02-19 06:38:56','4bf4cb3e-12c3-4c3a-a874-4b47f8eb153d'),(6,'create-role','web',1,'2025-02-19 06:38:56','2025-02-19 06:38:56','8679d0f5-e6f1-4bc7-aae8-707933d6e7a3'),(7,'store-role','web',1,'2025-02-19 06:38:56','2025-02-19 06:38:56','ed0cfafe-9f1c-49b0-a85f-85cc5e5c4f60'),(8,'destroy-role','web',1,'2025-02-19 06:38:57','2025-02-19 06:38:57','86e81a02-c677-4d67-b06b-85f490fe17d4'),(9,'import-role','web',1,'2025-02-19 06:38:57','2025-02-19 06:38:57','9df5747f-3d15-4adc-8992-6f6cc3811a7f'),(10,'export-role','web',1,'2025-02-19 06:38:57','2025-02-19 06:38:57','4ac2e862-8bb5-4134-b135-a19ee1698047'),(11,'show-user','web',2,'2025-02-19 06:38:58','2025-02-19 06:38:58','607a6b59-cd20-4ec1-9922-c0503bc3309a'),(12,'index-user','web',2,'2025-02-19 06:38:58','2025-02-19 06:38:58','5e1f3e29-925b-4a5f-a893-c9ad54dcac49'),(13,'edit-user','web',2,'2025-02-19 06:38:58','2025-02-19 06:38:58','6077bc34-3d61-4abc-bc71-b938c579f77e'),(14,'update-user','web',2,'2025-02-19 06:38:58','2025-02-19 06:38:58','527e0b0a-ab35-4418-92a6-c2fcac99e41b'),(15,'dataCalcul-user','web',2,'2025-02-19 06:38:58','2025-02-19 06:38:58','bb837578-fec2-4d06-a893-1f32d4f6780d'),(16,'create-user','web',2,'2025-02-19 06:38:58','2025-02-19 06:38:58','65afa6fa-b54c-4abd-82e1-f243a7ba539a'),(17,'store-user','web',2,'2025-02-19 06:38:58','2025-02-19 06:38:58','94e68531-46d4-4a05-98db-5d30838aca48'),(18,'destroy-user','web',2,'2025-02-19 06:38:58','2025-02-19 06:38:58','a0d3bd7d-9b18-430d-8430-edf455e7c900'),(19,'import-user','web',2,'2025-02-19 06:38:58','2025-02-19 06:38:58','28f1005a-68bc-42eb-a17a-a251fa1740e2'),(20,'export-user','web',2,'2025-02-19 06:38:58','2025-02-19 06:38:58','b2a21998-857a-4500-b47a-d17e34f20a1a'),(21,'initPassword-user','web',2,'2025-02-19 06:38:58','2025-02-19 06:38:58','150a2ec4-8f81-487f-86f7-39f284fd9293'),(22,'show-permission','web',3,'2025-02-19 06:38:58','2025-02-19 06:38:58','b527404b-bd0a-4f10-8b89-b06663102842'),(23,'index-permission','web',3,'2025-02-19 06:38:58','2025-02-19 06:38:58','bff8b04a-1520-4d13-9421-ae2d762977e5'),(24,'edit-permission','web',3,'2025-02-19 06:38:58','2025-02-19 06:38:58','42346057-ae05-4294-9340-de85fc54abe3'),(25,'update-permission','web',3,'2025-02-19 06:38:58','2025-02-19 06:38:58','0fa52d9f-097f-43cb-b791-dc1869741309'),(26,'dataCalcul-permission','web',3,'2025-02-19 06:38:58','2025-02-19 06:38:58','d2877c09-8b90-424c-8da3-50c852aac096'),(27,'create-permission','web',3,'2025-02-19 06:38:58','2025-02-19 06:38:58','e5aeaec5-3172-4df7-b5a3-632d585a6720'),(28,'store-permission','web',3,'2025-02-19 06:38:58','2025-02-19 06:38:58','8b1a58e5-1f87-4d5e-bca0-7efe2b03dd56'),(29,'destroy-permission','web',3,'2025-02-19 06:38:58','2025-02-19 06:38:58','a4adcd1d-0908-49eb-9568-3b34e2e62724'),(30,'import-permission','web',3,'2025-02-19 06:38:58','2025-02-19 06:38:58','ec729d60-085d-42db-8a61-3ecdc335c614'),(31,'export-permission','web',3,'2025-02-19 06:38:58','2025-02-19 06:38:58','96b0a360-d260-409e-a433-e7098f5ae951'),(32,'create-sysColor','web',4,'2025-02-19 06:38:58','2025-02-19 06:38:58','ef1d98db-61ea-4ed7-85e0-b24fe935d328'),(33,'store-sysColor','web',4,'2025-02-19 06:38:58','2025-02-19 06:38:58','f829eac2-0c6e-43c5-abbd-ef4e036bad0c'),(34,'edit-sysColor','web',4,'2025-02-19 06:38:59','2025-02-19 06:38:59','75045ea3-eb23-422c-8e3b-79519cd84a8e'),(35,'update-sysColor','web',4,'2025-02-19 06:38:59','2025-02-19 06:38:59','6ddbaf27-2eb1-4d18-92e6-0416f1d244fa'),(36,'destroy-sysColor','web',4,'2025-02-19 06:38:59','2025-02-19 06:38:59','f27ab8e9-fa8b-438a-9eab-ffe21d066502'),(37,'getSysColors-sysColor','web',4,'2025-02-19 06:38:59','2025-02-19 06:38:59','2198e4de-be85-4ba1-8ad6-9aca80845872'),(38,'index-sysColor','web',4,'2025-02-19 06:38:59','2025-02-19 06:38:59','aee3f354-5d3e-431f-9cef-d333f5bcd4a7'),(39,'show-sysColor','web',4,'2025-02-19 06:38:59','2025-02-19 06:38:59','7a2ffafe-c49c-461e-82a2-d9716fe9c0d6'),(40,'import-sysColor','web',4,'2025-02-19 06:38:59','2025-02-19 06:38:59','29718ba0-2e9f-43ce-a2a2-1e664885ca79'),(41,'export-sysColor','web',4,'2025-02-19 06:38:59','2025-02-19 06:38:59','7e0f3d2c-9ec8-4f04-8507-33fc2d9e1c46'),(42,'create-sysModule','web',5,'2025-02-19 06:38:59','2025-02-19 06:38:59','57a9c29b-9cd0-48d5-a7c9-3e2fc8de69c4'),(43,'store-sysModule','web',5,'2025-02-19 06:38:59','2025-02-19 06:38:59','1aebdb18-5427-4177-9cff-031d667fe2d2'),(44,'edit-sysModule','web',5,'2025-02-19 06:38:59','2025-02-19 06:38:59','d2abc8ed-1684-4150-a38c-8df24d844f76'),(45,'update-sysModule','web',5,'2025-02-19 06:38:59','2025-02-19 06:38:59','4d9676bc-b272-4eaa-bf42-5daeeeb859ea'),(46,'destroy-sysModule','web',5,'2025-02-19 06:38:59','2025-02-19 06:38:59','9d5da7ed-84dc-4916-a2e0-2689a92a8540'),(47,'getSysModules-sysModule','web',5,'2025-02-19 06:38:59','2025-02-19 06:38:59','a165dc13-5802-429e-bfca-6c59458ccf5c'),(48,'index-sysModule','web',5,'2025-02-19 06:38:59','2025-02-19 06:38:59','5a3fa9cf-551e-49d4-b9b5-f55e3f8cf71a'),(49,'show-sysModule','web',5,'2025-02-19 06:38:59','2025-02-19 06:38:59','d36a746a-16e2-4bb8-a090-90d7634a5216'),(50,'import-sysModule','web',5,'2025-02-19 06:38:59','2025-02-19 06:38:59','303cee50-b543-4db2-8e0a-ef35fb97ff77'),(51,'export-sysModule','web',5,'2025-02-19 06:38:59','2025-02-19 06:38:59','8e50a0dd-6e8d-41f1-ad74-9389356e69e3'),(52,'show-sysController','web',6,'2025-02-19 06:38:59','2025-02-19 06:38:59','f5d6aa40-a4d1-4755-b0f9-2dfe21dc13a9'),(53,'index-sysController','web',6,'2025-02-19 06:38:59','2025-02-19 06:38:59','82cc1309-af65-4b46-9d9e-9dffd1c14b3c'),(54,'edit-sysController','web',6,'2025-02-19 06:38:59','2025-02-19 06:38:59','aabf74aa-99c1-45b3-aa36-02775f5b9945'),(55,'update-sysController','web',6,'2025-02-19 06:38:59','2025-02-19 06:38:59','84b96459-9ee6-4c00-8f81-f75149f3115d'),(56,'dataCalcul-sysController','web',6,'2025-02-19 06:38:59','2025-02-19 06:38:59','ad9ecbd9-a38d-4111-87ff-d6567249fcac'),(57,'create-sysController','web',6,'2025-02-19 06:38:59','2025-02-19 06:38:59','46fd99da-4893-4e98-86f5-9c7760dce0c4'),(58,'store-sysController','web',6,'2025-02-19 06:38:59','2025-02-19 06:38:59','6e8094ae-0691-42c5-9dca-04716070d2f9'),(59,'destroy-sysController','web',6,'2025-02-19 06:38:59','2025-02-19 06:38:59','51287b5a-04fc-4de4-be99-e3db76414e42'),(60,'import-sysController','web',6,'2025-02-19 06:38:59','2025-02-19 06:38:59','85483f5f-f007-4eb0-9a1e-3c05f9f93585'),(61,'export-sysController','web',6,'2025-02-19 06:38:59','2025-02-19 06:38:59','841f9f04-7024-463f-9f96-a1a85f21a307'),(62,'show-featureDomain','web',7,'2025-02-19 06:38:59','2025-02-19 06:38:59','76f23f6e-385c-43fb-8c7f-42d5316bdc43'),(63,'index-featureDomain','web',7,'2025-02-19 06:38:59','2025-02-19 06:38:59','95e3ffd0-1665-403f-80ab-a9b85f18d89d'),(64,'edit-featureDomain','web',7,'2025-02-19 06:39:00','2025-02-19 06:39:00','0c5e993a-3867-4253-9aef-01c38764ff74'),(65,'update-featureDomain','web',7,'2025-02-19 06:39:00','2025-02-19 06:39:00','2a26cca7-7642-4d9c-be6e-bf5035f556a9'),(66,'dataCalcul-featureDomain','web',7,'2025-02-19 06:39:00','2025-02-19 06:39:00','2e972ebf-3bf3-488f-ad6a-108db76e576d'),(67,'create-featureDomain','web',7,'2025-02-19 06:39:00','2025-02-19 06:39:00','0bdece04-fd55-4b37-a850-9abbe009467d'),(68,'store-featureDomain','web',7,'2025-02-19 06:39:00','2025-02-19 06:39:00','08f370d1-b691-4a2b-b343-275cc8853d74'),(69,'destroy-featureDomain','web',7,'2025-02-19 06:39:00','2025-02-19 06:39:00','0d4c4b8e-7393-4185-adfb-3f5097bcd04f'),(70,'import-featureDomain','web',7,'2025-02-19 06:39:00','2025-02-19 06:39:00','a8f1324d-fd5a-4da7-9288-aecd12dcec21'),(71,'export-featureDomain','web',7,'2025-02-19 06:39:00','2025-02-19 06:39:00','74b5d069-fe6b-4faa-8a68-76c9f4818a2f'),(72,'show-feature','web',8,'2025-02-19 06:39:00','2025-02-19 06:39:00','8de8927d-061d-4d40-a3b6-5274d5aa5e64'),(73,'index-feature','web',8,'2025-02-19 06:39:00','2025-02-19 06:39:00','1738d4ad-2448-4c24-ae48-eac774506826'),(74,'edit-feature','web',8,'2025-02-19 06:39:00','2025-02-19 06:39:00','27c0984b-c511-445c-883a-a8791cc9a40b'),(75,'update-feature','web',8,'2025-02-19 06:39:00','2025-02-19 06:39:00','5705328b-e51f-469b-bcb6-0e43448286ca'),(76,'dataCalcul-feature','web',8,'2025-02-19 06:39:00','2025-02-19 06:39:00','2c7a4590-36c2-4155-89e7-eeb14e5f820c'),(77,'create-feature','web',8,'2025-02-19 06:39:00','2025-02-19 06:39:00','de1f19d5-8376-4e62-8662-b62ab5475233'),(78,'store-feature','web',8,'2025-02-19 06:39:00','2025-02-19 06:39:00','d80da3e7-1814-4c03-8b7c-25c337bc51ea'),(79,'destroy-feature','web',8,'2025-02-19 06:39:00','2025-02-19 06:39:00','fd830893-6469-4fa3-8f08-644681eb8a7d'),(80,'import-feature','web',8,'2025-02-19 06:39:00','2025-02-19 06:39:00','f7aa45a4-2e0e-4462-b2b9-bb1fdfb1b5be'),(81,'export-feature','web',8,'2025-02-19 06:39:00','2025-02-19 06:39:00','5eb1ee9c-f27f-4f0e-b26e-ebea5aa69816'),(82,'create-apprenantKonosy','web',9,'2025-02-19 06:39:26','2025-02-19 06:39:26','cfcb2da3-a99d-4d63-9935-b38890de964a'),(83,'store-apprenantKonosy','web',9,'2025-02-19 06:39:26','2025-02-19 06:39:26','92880a48-d391-419e-b740-4da6ebc9c4f0'),(84,'edit-apprenantKonosy','web',9,'2025-02-19 06:39:26','2025-02-19 06:39:26','afe33e0e-1201-477e-9d2f-1bc3956cf6e5'),(85,'update-apprenantKonosy','web',9,'2025-02-19 06:39:26','2025-02-19 06:39:26','68112255-815c-4d6e-9a3b-7ba0ab673e12'),(86,'destroy-apprenantKonosy','web',9,'2025-02-19 06:39:26','2025-02-19 06:39:26','1e6e402d-189c-4607-b203-5d712308562d'),(87,'getApprenantKonosies-apprenantKonosy','web',9,'2025-02-19 06:39:26','2025-02-19 06:39:26','1c15f452-ae68-453f-99f7-4c7cfc0f301c'),(88,'index-apprenantKonosy','web',9,'2025-02-19 06:39:26','2025-02-19 06:39:26','e055f8a2-5976-454b-bc01-06eb7b373f7c'),(89,'show-apprenantKonosy','web',9,'2025-02-19 06:39:26','2025-02-19 06:39:26','83e18c11-37ee-44a2-8c46-fbd31fccf17d'),(90,'import-apprenantKonosy','web',9,'2025-02-19 06:39:27','2025-02-19 06:39:27','15aa12bf-f8d1-4973-9bc8-bc2026a23765'),(91,'export-apprenantKonosy','web',9,'2025-02-19 06:39:27','2025-02-19 06:39:27','0abf47c6-d8b9-481b-868e-f2a84916fa86'),(92,'show-filiere','web',10,'2025-02-19 06:39:27','2025-02-19 06:39:27','1f02cc86-1118-4586-ac7a-d8e46aa1b4a3'),(93,'index-filiere','web',10,'2025-02-19 06:39:27','2025-02-19 06:39:27','7088984f-24be-4ddb-a8a8-74b397f35c12'),(94,'edit-filiere','web',10,'2025-02-19 06:39:27','2025-02-19 06:39:27','7b7e8fd2-ecdc-4ae7-867c-2da13c129902'),(95,'update-filiere','web',10,'2025-02-19 06:39:27','2025-02-19 06:39:27','061dcdd9-3b7a-4f7d-830f-36e9711b4dbf'),(96,'dataCalcul-filiere','web',10,'2025-02-19 06:39:27','2025-02-19 06:39:27','008cd4e6-365b-4213-a44e-a7d0a423253c'),(97,'create-filiere','web',10,'2025-02-19 06:39:27','2025-02-19 06:39:27','cc3f22f9-e6f2-4a53-9519-fd630a7c91e6'),(98,'store-filiere','web',10,'2025-02-19 06:39:27','2025-02-19 06:39:27','2f1ab517-33f5-41a9-9334-4f4fc7cef5fe'),(99,'destroy-filiere','web',10,'2025-02-19 06:39:27','2025-02-19 06:39:27','f0faa2b3-067d-40ec-9421-1eea21bfc726'),(100,'import-filiere','web',10,'2025-02-19 06:39:27','2025-02-19 06:39:27','1273550e-4a43-4e32-bd8e-c91c0530b7d2'),(101,'export-filiere','web',10,'2025-02-19 06:39:27','2025-02-19 06:39:27','f98b1b63-10d3-4320-b1ac-49c92277db70'),(102,'show-module','web',11,'2025-02-19 06:39:27','2025-02-19 06:39:27','fdbb3d10-f81a-4d77-89a3-417de7e691d1'),(103,'index-module','web',11,'2025-02-19 06:39:27','2025-02-19 06:39:27','3af1e2e9-09f2-4a2a-a503-0f845f8fe36c'),(104,'edit-module','web',11,'2025-02-19 06:39:27','2025-02-19 06:39:27','33b0deb7-ec25-47ce-b26a-3258d5d71140'),(105,'update-module','web',11,'2025-02-19 06:39:27','2025-02-19 06:39:27','75f6e910-4c05-4415-bd21-71cf1c53a3a7'),(106,'dataCalcul-module','web',11,'2025-02-19 06:39:27','2025-02-19 06:39:27','0e127a6a-611f-4ce7-b70f-94d348544d47'),(107,'create-module','web',11,'2025-02-19 06:39:27','2025-02-19 06:39:27','dbab174b-c2bc-44d9-ab54-ca565115aba8'),(108,'store-module','web',11,'2025-02-19 06:39:27','2025-02-19 06:39:27','f30b0703-39b9-4b81-8efc-ec08b6d3b0b8'),(109,'destroy-module','web',11,'2025-02-19 06:39:27','2025-02-19 06:39:27','17d412b9-fb2c-440b-ab38-3f79a0456184'),(110,'import-module','web',11,'2025-02-19 06:39:27','2025-02-19 06:39:27','306aa914-b552-43d3-9eac-f6376f1294fe'),(111,'export-module','web',11,'2025-02-19 06:39:27','2025-02-19 06:39:27','b4464078-f490-474c-aae7-24308604ec96'),(112,'show-categoryTechnology','web',12,'2025-02-19 06:39:28','2025-02-19 06:39:28','c6e241fd-c352-4289-88d8-6ca4e8c587e1'),(113,'index-categoryTechnology','web',12,'2025-02-19 06:39:28','2025-02-19 06:39:28','a01f9929-9977-43a2-b8f1-62b1554db9c2'),(114,'edit-categoryTechnology','web',12,'2025-02-19 06:39:28','2025-02-19 06:39:28','ded7f2c1-7aa9-4ac3-84ad-6c23d53d1053'),(115,'update-categoryTechnology','web',12,'2025-02-19 06:39:28','2025-02-19 06:39:28','46d7b71c-791b-4ed7-a457-1b342cd57ba2'),(116,'dataCalcul-categoryTechnology','web',12,'2025-02-19 06:39:28','2025-02-19 06:39:28','5eb8dbc8-3fbf-4e2b-a348-ec457fda08aa'),(117,'create-categoryTechnology','web',12,'2025-02-19 06:39:28','2025-02-19 06:39:28','a85b3d92-8f35-4c7f-b3a0-fc72863c7039'),(118,'store-categoryTechnology','web',12,'2025-02-19 06:39:28','2025-02-19 06:39:28','7292ac4f-acc6-4c8c-aca5-3432beac15ca'),(119,'destroy-categoryTechnology','web',12,'2025-02-19 06:39:28','2025-02-19 06:39:28','be291e7a-dcd8-4eec-ba91-f7e82978b20c'),(120,'import-categoryTechnology','web',12,'2025-02-19 06:39:28','2025-02-19 06:39:28','23b98a6f-ee69-4bcc-ae1c-81fc7f5f5c4e'),(121,'export-categoryTechnology','web',12,'2025-02-19 06:39:28','2025-02-19 06:39:28','87682445-4f88-4b9b-b259-6c8d4fd28f86'),(122,'show-competence','web',13,'2025-02-19 06:39:28','2025-02-19 06:39:28','4391964b-a817-471c-ad18-25c84fc15781'),(123,'index-competence','web',13,'2025-02-19 06:39:28','2025-02-19 06:39:28','e1ad2fe0-cdf3-4662-95fd-78bba0c0accd'),(124,'edit-competence','web',13,'2025-02-19 06:39:28','2025-02-19 06:39:28','0c3e356d-3dff-4546-953b-84121955627f'),(125,'update-competence','web',13,'2025-02-19 06:39:28','2025-02-19 06:39:28','330cc168-dd02-4075-9372-3220f5930ddb'),(126,'dataCalcul-competence','web',13,'2025-02-19 06:39:28','2025-02-19 06:39:28','15572005-4f6f-485c-a498-a7c3680739a0'),(127,'create-competence','web',13,'2025-02-19 06:39:28','2025-02-19 06:39:28','f44473e3-5d03-4d35-a856-ee677c2365ca'),(128,'store-competence','web',13,'2025-02-19 06:39:28','2025-02-19 06:39:28','af49b49f-d945-408a-b811-f50ae38e1517'),(129,'destroy-competence','web',13,'2025-02-19 06:39:28','2025-02-19 06:39:28','e86be031-f8d1-44c7-a0ae-f8614db0cc27'),(130,'import-competence','web',13,'2025-02-19 06:39:28','2025-02-19 06:39:28','861b62c0-7fa8-4b52-b369-e8dbb3e8d0c8'),(131,'export-competence','web',13,'2025-02-19 06:39:28','2025-02-19 06:39:28','144d4981-f1b1-4af3-98b1-83cdc5427e4f'),(132,'show-niveauCompetence','web',14,'2025-02-19 06:39:29','2025-02-19 06:39:29','00234ffe-0522-485d-8dd9-7d5e35655e7a'),(133,'index-niveauCompetence','web',14,'2025-02-19 06:39:29','2025-02-19 06:39:29','bb25f118-5eb1-4044-b054-1a3173d8caea'),(134,'edit-niveauCompetence','web',14,'2025-02-19 06:39:29','2025-02-19 06:39:29','bd5b1026-fe59-424d-884d-a699aa765197'),(135,'update-niveauCompetence','web',14,'2025-02-19 06:39:29','2025-02-19 06:39:29','9bc9ae1d-cf00-4c36-bc95-09a971d4d65d'),(136,'dataCalcul-niveauCompetence','web',14,'2025-02-19 06:39:29','2025-02-19 06:39:29','022be0dc-970b-4c5e-aea4-a7e4204a6bee'),(137,'create-niveauCompetence','web',14,'2025-02-19 06:39:29','2025-02-19 06:39:29','b3279d19-7c0f-40f4-8322-2eb5fb05b3cb'),(138,'store-niveauCompetence','web',14,'2025-02-19 06:39:29','2025-02-19 06:39:29','5f82476e-365f-4751-b3bc-18875571b110'),(139,'destroy-niveauCompetence','web',14,'2025-02-19 06:39:29','2025-02-19 06:39:29','b0fab248-6614-497d-b451-6c6ebc97f106'),(140,'import-niveauCompetence','web',14,'2025-02-19 06:39:29','2025-02-19 06:39:29','2425616b-60bb-4576-a5b1-a02ba5f2c51b'),(141,'export-niveauCompetence','web',14,'2025-02-19 06:39:29','2025-02-19 06:39:29','12f74d0f-573c-4f7a-89b5-9a2ccb53328d'),(142,'show-technology','web',15,'2025-02-19 06:39:30','2025-02-19 06:39:30','7daba674-b964-4b21-bdce-2a2fbd328b83'),(143,'index-technology','web',15,'2025-02-19 06:39:30','2025-02-19 06:39:30','edeb8dfb-cbbf-4050-b320-a44c1dc300fd'),(144,'edit-technology','web',15,'2025-02-19 06:39:30','2025-02-19 06:39:30','4c03bdfd-fbc1-42f9-92ba-f1799b68ea24'),(145,'update-technology','web',15,'2025-02-19 06:39:30','2025-02-19 06:39:30','ada82515-9b98-40ea-be82-6527fe47be7a'),(146,'dataCalcul-technology','web',15,'2025-02-19 06:39:30','2025-02-19 06:39:30','2cf3b753-195e-400f-abc3-e5a84da8c54c'),(147,'create-technology','web',15,'2025-02-19 06:39:30','2025-02-19 06:39:30','a46bc659-6232-4d66-9c39-d0e4f12a5482'),(148,'store-technology','web',15,'2025-02-19 06:39:30','2025-02-19 06:39:30','2348a513-fbd1-4ebc-8ee9-04415c13e71d'),(149,'destroy-technology','web',15,'2025-02-19 06:39:30','2025-02-19 06:39:30','79de0df2-9b3a-4a7e-8df9-3b99a900223d'),(150,'import-technology','web',15,'2025-02-19 06:39:30','2025-02-19 06:39:30','8d151682-2a5d-4a6f-a162-e84df8748617'),(151,'export-technology','web',15,'2025-02-19 06:39:30','2025-02-19 06:39:30','cad80cf9-cf06-4d3e-a770-ccfa83a4c7ba'),(152,'show-niveauxScolaire','web',16,'2025-02-19 06:39:30','2025-02-19 06:39:30','7e15ced6-7073-4edc-8f71-f9eeca785ba5'),(153,'index-niveauxScolaire','web',16,'2025-02-19 06:39:30','2025-02-19 06:39:30','ceaaf93a-a85f-4da4-9305-39a7368d40a2'),(154,'edit-niveauxScolaire','web',16,'2025-02-19 06:39:30','2025-02-19 06:39:30','555d391d-11e4-4604-9795-377af60c33e9'),(155,'update-niveauxScolaire','web',16,'2025-02-19 06:39:30','2025-02-19 06:39:30','3516d622-1e39-4f00-9024-5e79d76c3071'),(156,'dataCalcul-niveauxScolaire','web',16,'2025-02-19 06:39:30','2025-02-19 06:39:30','12f53158-d0fc-4b53-bab7-2f68fb2b5811'),(157,'create-niveauxScolaire','web',16,'2025-02-19 06:39:31','2025-02-19 06:39:31','a0683e2a-e6d6-4751-8d94-705914fb36c1'),(158,'store-niveauxScolaire','web',16,'2025-02-19 06:39:31','2025-02-19 06:39:31','9ef77ab7-e636-4a71-930f-ae38ced24ba9'),(159,'destroy-niveauxScolaire','web',16,'2025-02-19 06:39:31','2025-02-19 06:39:31','2756a3d2-2c29-4e18-958f-fd673e4779eb'),(160,'import-niveauxScolaire','web',16,'2025-02-19 06:39:31','2025-02-19 06:39:31','342471f9-c199-4b98-9e10-27ccb25988a4'),(161,'export-niveauxScolaire','web',16,'2025-02-19 06:39:31','2025-02-19 06:39:31','18766e26-fadf-44eb-b036-b45848f13a7e'),(162,'show-ville','web',17,'2025-02-19 06:39:31','2025-02-19 06:39:31','886f97f6-2f83-40dc-a743-63844a0bfbd8'),(163,'index-ville','web',17,'2025-02-19 06:39:31','2025-02-19 06:39:31','4583e1aa-3327-4448-ac13-ab083ac38095'),(164,'edit-ville','web',17,'2025-02-19 06:39:31','2025-02-19 06:39:31','309fb031-635d-45a0-804a-8a4ce64e32f5'),(165,'update-ville','web',17,'2025-02-19 06:39:31','2025-02-19 06:39:31','b7f19560-7bb2-467d-ac87-9920cb1aa28a'),(166,'dataCalcul-ville','web',17,'2025-02-19 06:39:31','2025-02-19 06:39:31','0ef44d7a-539e-430f-89ce-75031649a3c2'),(167,'create-ville','web',17,'2025-02-19 06:39:31','2025-02-19 06:39:31','9a10af3d-1932-415a-ae2b-2c2567f587b4'),(168,'store-ville','web',17,'2025-02-19 06:39:31','2025-02-19 06:39:31','073e9f7d-ae39-4f7e-a53e-266cf02660c1'),(169,'destroy-ville','web',17,'2025-02-19 06:39:31','2025-02-19 06:39:31','74a9cbea-9f8d-4eef-901d-d1fffd9b6586'),(170,'import-ville','web',17,'2025-02-19 06:39:31','2025-02-19 06:39:31','8b6063d6-1e99-48aa-b787-76c79de5781c'),(171,'export-ville','web',17,'2025-02-19 06:39:31','2025-02-19 06:39:31','37a5a675-4b1c-4e80-ba44-5ee4f5b1e098'),(172,'show-nationalite','web',18,'2025-02-19 06:39:31','2025-02-19 06:39:31','1a8b4a81-4ebb-4d3c-a712-48af5372f934'),(173,'index-nationalite','web',18,'2025-02-19 06:39:31','2025-02-19 06:39:31','60a32f82-ce7d-4f55-8e32-6d8bd522b24e'),(174,'edit-nationalite','web',18,'2025-02-19 06:39:31','2025-02-19 06:39:31','5124d78f-2047-42ce-a65c-464b2972ab07'),(175,'update-nationalite','web',18,'2025-02-19 06:39:31','2025-02-19 06:39:31','fe57bd29-81e6-4558-a708-3c9df48a6a0c'),(176,'dataCalcul-nationalite','web',18,'2025-02-19 06:39:31','2025-02-19 06:39:31','bcd4bd88-6b26-4fb5-909f-a26cbf9ac194'),(177,'create-nationalite','web',18,'2025-02-19 06:39:31','2025-02-19 06:39:31','a4d88afd-f483-4087-8855-ce33fa4b1c59'),(178,'store-nationalite','web',18,'2025-02-19 06:39:31','2025-02-19 06:39:31','2e4af0b6-366c-48dc-ad90-0d568d2b95a7'),(179,'destroy-nationalite','web',18,'2025-02-19 06:39:31','2025-02-19 06:39:31','cbb962d2-b097-432a-8b3d-ce14fc19c24c'),(180,'import-nationalite','web',18,'2025-02-19 06:39:32','2025-02-19 06:39:32','088568ea-9193-43ef-a03b-ee2b6628781f'),(181,'export-nationalite','web',18,'2025-02-19 06:39:32','2025-02-19 06:39:32','6565e4b7-3b13-4e6e-9510-46efc50bb4d3'),(182,'show-anneeFormation','web',19,'2025-02-19 06:39:32','2025-02-19 06:39:32','1170e0e5-5fbe-4009-8acf-228fc91ffa14'),(183,'index-anneeFormation','web',19,'2025-02-19 06:39:32','2025-02-19 06:39:32','5f247391-bc23-41bf-be2c-fa9ab92e3d7e'),(184,'edit-anneeFormation','web',19,'2025-02-19 06:39:32','2025-02-19 06:39:32','f25d7942-edd8-4216-b804-e425fc1ce766'),(185,'update-anneeFormation','web',19,'2025-02-19 06:39:32','2025-02-19 06:39:32','71059926-5470-4760-8892-0807c58739d3'),(186,'dataCalcul-anneeFormation','web',19,'2025-02-19 06:39:32','2025-02-19 06:39:32','84ac407f-c0bf-4357-b674-23400a7fa560'),(187,'create-anneeFormation','web',19,'2025-02-19 06:39:32','2025-02-19 06:39:32','15ddf047-1b51-453b-8020-5cf459e122dd'),(188,'store-anneeFormation','web',19,'2025-02-19 06:39:32','2025-02-19 06:39:32','2aa07d34-c4ba-4196-8d5f-43a10bd1b73a'),(189,'destroy-anneeFormation','web',19,'2025-02-19 06:39:32','2025-02-19 06:39:32','f448c5d7-caee-4aa0-b3dd-906c4eb938e0'),(190,'import-anneeFormation','web',19,'2025-02-19 06:39:32','2025-02-19 06:39:32','d64c5d1d-b58b-47ad-8100-91cecdcf2801'),(191,'export-anneeFormation','web',19,'2025-02-19 06:39:32','2025-02-19 06:39:32','d5bde7f2-a9b1-48a4-950b-a15a200f6b95'),(192,'show-groupe','web',20,'2025-02-19 06:39:32','2025-02-19 06:39:32','07d1c1c9-581b-4856-a947-ae1d270233c7'),(193,'index-groupe','web',20,'2025-02-19 06:39:32','2025-02-19 06:39:32','f02063d3-eb8e-4603-a8d4-a91ec820dfdd'),(194,'edit-groupe','web',20,'2025-02-19 06:39:32','2025-02-19 06:39:32','7357ee63-1b56-4763-901d-41dcc584f1ca'),(195,'update-groupe','web',20,'2025-02-19 06:39:32','2025-02-19 06:39:32','e9b8881d-d1c7-4f31-b1f1-9a592bf713db'),(196,'dataCalcul-groupe','web',20,'2025-02-19 06:39:32','2025-02-19 06:39:32','fb01b4e3-43d4-438a-bab2-b42c2dba0183'),(197,'create-groupe','web',20,'2025-02-19 06:39:32','2025-02-19 06:39:32','52e69b5b-fd43-4c70-8e09-c1355820c1ca'),(198,'store-groupe','web',20,'2025-02-19 06:39:32','2025-02-19 06:39:32','5498c9c2-b7a5-4b40-9310-c6c825c275eb'),(199,'destroy-groupe','web',20,'2025-02-19 06:39:32','2025-02-19 06:39:32','c761b814-118d-4962-a8d3-280e36c54725'),(200,'import-groupe','web',20,'2025-02-19 06:39:32','2025-02-19 06:39:32','906db48b-e166-4b33-a274-74b24c80e880'),(201,'export-groupe','web',20,'2025-02-19 06:39:32','2025-02-19 06:39:32','500b1e4c-d6e0-4be6-826f-331a18ba5fc7'),(202,'show-apprenant','web',21,'2025-02-19 06:39:32','2025-02-19 06:39:32','85413afd-5533-4ef4-b3b1-e292d29cf64c'),(203,'index-apprenant','web',21,'2025-02-19 06:39:32','2025-02-19 06:39:32','8e57a9ce-2517-4a60-a876-d1644f8c0561'),(204,'edit-apprenant','web',21,'2025-02-19 06:39:32','2025-02-19 06:39:32','d9aa9f15-1477-43cc-8c21-ed2669a81fd6'),(205,'update-apprenant','web',21,'2025-02-19 06:39:32','2025-02-19 06:39:32','e24782af-7124-46ae-8cd0-d4132e0dfb36'),(206,'dataCalcul-apprenant','web',21,'2025-02-19 06:39:32','2025-02-19 06:39:32','cae50e69-f0fc-4e5f-b256-8910a0c1d0c7'),(207,'create-apprenant','web',21,'2025-02-19 06:39:33','2025-02-19 06:39:33','2a203254-cd1b-41c7-b01f-9d0009cb280b'),(208,'store-apprenant','web',21,'2025-02-19 06:39:33','2025-02-19 06:39:33','a63e6c6f-e7ed-4010-9cd3-baf53da4841c'),(209,'destroy-apprenant','web',21,'2025-02-19 06:39:33','2025-02-19 06:39:33','833706e6-0644-4098-ada0-01e4cad23b74'),(210,'import-apprenant','web',21,'2025-02-19 06:39:33','2025-02-19 06:39:33','1f39096f-0e68-475a-8dd1-17a99ca8f217'),(211,'export-apprenant','web',21,'2025-02-19 06:39:33','2025-02-19 06:39:33','d9ed4b76-f284-400a-8950-0abf1187db43'),(212,'initPassword-apprenant','web',21,'2025-02-19 06:39:33','2025-02-19 06:39:33','3a37c26f-1afe-4d4a-b283-c37ca24a3d5d'),(213,'show-specialite','web',22,'2025-02-19 06:39:33','2025-02-19 06:39:33','5cc3c48d-f6f3-4d0e-b4e0-b1d4f7fbd022'),(214,'index-specialite','web',22,'2025-02-19 06:39:33','2025-02-19 06:39:33','16dab0aa-c9b1-4166-bca7-2322e94b968b'),(215,'edit-specialite','web',22,'2025-02-19 06:39:33','2025-02-19 06:39:33','cb5a58f7-0102-4660-a2c9-e974a92e8c61'),(216,'update-specialite','web',22,'2025-02-19 06:39:33','2025-02-19 06:39:33','a9c870b8-5c5a-4739-9cce-99a638e48029'),(217,'dataCalcul-specialite','web',22,'2025-02-19 06:39:33','2025-02-19 06:39:33','3fa28c07-7538-4651-a35c-50a434441370'),(218,'create-specialite','web',22,'2025-02-19 06:39:33','2025-02-19 06:39:33','09f5fe98-dabe-4636-b4e7-f37edc568415'),(219,'store-specialite','web',22,'2025-02-19 06:39:33','2025-02-19 06:39:33','d676cd6a-16ed-412d-acd9-39460e74beb8'),(220,'destroy-specialite','web',22,'2025-02-19 06:39:33','2025-02-19 06:39:33','f1d8d682-e19e-4198-a583-235b60a49214'),(221,'import-specialite','web',22,'2025-02-19 06:39:33','2025-02-19 06:39:33','f6f031d7-2bc9-4a7c-9f9a-b7e5d61a3741'),(222,'export-specialite','web',22,'2025-02-19 06:39:33','2025-02-19 06:39:33','8386a713-94d9-4aff-87a4-8b9cc9c3c876'),(223,'create-sysModel','web',23,'2025-02-19 06:39:35','2025-02-19 06:39:35','eec08490-04a7-4e57-a9da-4c6202ddb0ca'),(224,'store-sysModel','web',23,'2025-02-19 06:39:35','2025-02-19 06:39:35','58d69346-f676-4914-9f07-a00eedd2f1cf'),(225,'edit-sysModel','web',23,'2025-02-19 06:39:35','2025-02-19 06:39:35','2431e165-545e-4316-9251-d1ca2114546c'),(226,'update-sysModel','web',23,'2025-02-19 06:39:35','2025-02-19 06:39:35','5c6d73b6-7218-4df3-9fb5-17e957991459'),(227,'destroy-sysModel','web',23,'2025-02-19 06:39:35','2025-02-19 06:39:35','91b4cc77-7f9f-493f-938c-2634fa6bc839'),(228,'getSysModels-sysModel','web',23,'2025-02-19 06:39:35','2025-02-19 06:39:35','47f23926-2d17-4f78-b1a9-eeb76131f6c9'),(229,'index-sysModel','web',23,'2025-02-19 06:39:35','2025-02-19 06:39:35','b4e60c46-9b74-4aeb-a4a5-4c2e52cf08c6'),(230,'show-sysModel','web',23,'2025-02-19 06:39:35','2025-02-19 06:39:35','21fbc411-1c98-4b38-9036-a84916534e7c'),(231,'import-sysModel','web',23,'2025-02-19 06:39:35','2025-02-19 06:39:35','e2ca55a5-3ab9-4066-9f1b-f61168ae717d'),(232,'export-sysModel','web',23,'2025-02-19 06:39:35','2025-02-19 06:39:35','714b6219-7320-4fac-ad9b-3f299213e758'),(233,'show-formateur','web',24,'2025-02-19 06:39:37','2025-02-19 06:39:37','e43602a0-2791-453d-8d6e-48b32f5e47f5'),(234,'index-formateur','web',24,'2025-02-19 06:39:37','2025-02-19 06:39:37','c5d0e571-00bf-4c1e-bb0c-bfe8713ee013'),(235,'edit-formateur','web',24,'2025-02-19 06:39:37','2025-02-19 06:39:37','918c8e47-6903-4dd5-9bae-baf1e0f05ea1'),(236,'update-formateur','web',24,'2025-02-19 06:39:37','2025-02-19 06:39:37','78bc24f9-1a90-436e-b26f-96e2b6737e92'),(237,'dataCalcul-formateur','web',24,'2025-02-19 06:39:37','2025-02-19 06:39:37','c7979d9c-09b9-4282-ba3b-b3007a5c1d8d'),(238,'create-formateur','web',24,'2025-02-19 06:39:37','2025-02-19 06:39:37','07a49918-8466-4ac6-94a3-f1e29a32c37a'),(239,'store-formateur','web',24,'2025-02-19 06:39:37','2025-02-19 06:39:37','6e6c9d99-53d8-4b20-8615-3502826f1796'),(240,'destroy-formateur','web',24,'2025-02-19 06:39:37','2025-02-19 06:39:37','acb82719-0694-44e7-ac1b-5ad42b986f80'),(241,'import-formateur','web',24,'2025-02-19 06:39:37','2025-02-19 06:39:37','fa749bea-bd25-4bc3-81e4-05a8331fddb9'),(242,'export-formateur','web',24,'2025-02-19 06:39:37','2025-02-19 06:39:37','613b8e70-6a39-4a33-994b-8d55c0cf3da6'),(243,'initPassword-formateur','web',24,'2025-02-19 06:39:37','2025-02-19 06:39:37','8268a8cd-7b13-4afa-a284-84648fca05cf'),(244,'show-widgetType','web',25,'2025-02-19 06:39:37','2025-02-19 06:39:37','90ffed3f-7d57-4dbe-b52c-2edae757e95c'),(245,'index-widgetType','web',25,'2025-02-19 06:39:37','2025-02-19 06:39:37','c2f1c28a-3540-4ab6-add8-bb07aeb0e7b8'),(246,'edit-widgetType','web',25,'2025-02-19 06:39:37','2025-02-19 06:39:37','aadc5363-b1af-41b2-aa31-5ac2e1492fb0'),(247,'update-widgetType','web',25,'2025-02-19 06:39:37','2025-02-19 06:39:37','bd1d680e-1d8d-4a4f-a1da-f4ecde0c52f4'),(248,'dataCalcul-widgetType','web',25,'2025-02-19 06:39:37','2025-02-19 06:39:37','79379976-0272-4438-94fe-17688f1a5eb6'),(249,'create-widgetType','web',25,'2025-02-19 06:39:37','2025-02-19 06:39:37','b8f5d643-fdc7-4ff6-9c8b-22a67e1ff2ea'),(250,'store-widgetType','web',25,'2025-02-19 06:39:37','2025-02-19 06:39:37','1269ebef-868b-473b-9417-a52730c50018'),(251,'destroy-widgetType','web',25,'2025-02-19 06:39:37','2025-02-19 06:39:37','178882d8-4a73-4834-999e-5fc0b7e20588'),(252,'import-widgetType','web',25,'2025-02-19 06:39:38','2025-02-19 06:39:38','f6716f57-adfb-441b-b1bc-c21b417fb50a'),(253,'export-widgetType','web',25,'2025-02-19 06:39:38','2025-02-19 06:39:38','c5ceeb9c-c13a-46b4-910d-2560aea11905'),(254,'show-widgetOperation','web',26,'2025-02-19 06:39:38','2025-02-19 06:39:38','03491928-d06e-4909-8e9a-d0440230de51'),(255,'index-widgetOperation','web',26,'2025-02-19 06:39:38','2025-02-19 06:39:38','7455223f-68fc-4f78-9af7-9903b3d5bc1c'),(256,'edit-widgetOperation','web',26,'2025-02-19 06:39:38','2025-02-19 06:39:38','bc453ea6-170b-4c20-b036-f11e3e3d9e90'),(257,'update-widgetOperation','web',26,'2025-02-19 06:39:38','2025-02-19 06:39:38','0537a871-16ab-4ad8-9f13-90c0420fb408'),(258,'dataCalcul-widgetOperation','web',26,'2025-02-19 06:39:38','2025-02-19 06:39:38','ac5a04ab-8f62-44d4-aa67-977526057c42'),(259,'create-widgetOperation','web',26,'2025-02-19 06:39:38','2025-02-19 06:39:38','8d6bc30f-7691-4486-9767-1eedb7860425'),(260,'store-widgetOperation','web',26,'2025-02-19 06:39:38','2025-02-19 06:39:38','29df618c-2d19-402c-8964-37dbd56b37ea'),(261,'destroy-widgetOperation','web',26,'2025-02-19 06:39:38','2025-02-19 06:39:38','bdd006d6-136c-4d68-a3fa-3fc5c88fe229'),(262,'import-widgetOperation','web',26,'2025-02-19 06:39:38','2025-02-19 06:39:38','10fdf1b6-1239-418f-94c9-be99eca84e55'),(263,'export-widgetOperation','web',26,'2025-02-19 06:39:38','2025-02-19 06:39:38','60e4b19b-1c3d-4393-a572-3791526e1b95'),(264,'show-widget','web',27,'2025-02-19 06:39:38','2025-02-19 06:39:38','ef4caed4-ee0e-4b35-a819-c0b2280ad0bb'),(265,'index-widget','web',27,'2025-02-19 06:39:38','2025-02-19 06:39:38','2e40ae3e-ba50-4e2f-8485-eba2066d5a45'),(266,'edit-widget','web',27,'2025-02-19 06:39:38','2025-02-19 06:39:38','17a11ccb-e36b-4440-a87e-14247a59d116'),(267,'update-widget','web',27,'2025-02-19 06:39:38','2025-02-19 06:39:38','f6fb314c-d988-418f-a1d4-eb14a9461178'),(268,'dataCalcul-widget','web',27,'2025-02-19 06:39:38','2025-02-19 06:39:38','e5180bb5-2f54-49cc-bc3f-324cd67a4652'),(269,'create-widget','web',27,'2025-02-19 06:39:38','2025-02-19 06:39:38','1beb5025-d5ca-46ab-89c6-fc16cab0bde3'),(270,'store-widget','web',27,'2025-02-19 06:39:38','2025-02-19 06:39:38','64c5dd50-e7c5-4070-9deb-353598e14264'),(271,'destroy-widget','web',27,'2025-02-19 06:39:38','2025-02-19 06:39:38','90b72de4-7ce7-4a2a-8d83-30eccfb2b1a5'),(272,'import-widget','web',27,'2025-02-19 06:39:38','2025-02-19 06:39:38','0af49b4f-e4a2-43e9-841d-d51361a76225'),(273,'export-widget','web',27,'2025-02-19 06:39:38','2025-02-19 06:39:38','282a0287-e327-4ebe-beef-1c908c08a387'),(274,'show-niveauDifficulte','web',28,'2025-02-19 06:39:39','2025-02-19 06:39:39','248bc342-69bf-47f9-bca6-64ae5a63e007'),(275,'index-niveauDifficulte','web',28,'2025-02-19 06:39:39','2025-02-19 06:39:39','ea8bc9b8-6317-474a-a689-84b2f894a773'),(276,'edit-niveauDifficulte','web',28,'2025-02-19 06:39:39','2025-02-19 06:39:39','5de43dd3-60c3-4270-b32b-475495b57a61'),(277,'update-niveauDifficulte','web',28,'2025-02-19 06:39:39','2025-02-19 06:39:39','459b7c58-6571-4d80-8651-009ec0397125'),(278,'dataCalcul-niveauDifficulte','web',28,'2025-02-19 06:39:39','2025-02-19 06:39:39','1a2794f9-a342-4063-83e8-67d99da017ed'),(279,'create-niveauDifficulte','web',28,'2025-02-19 06:39:39','2025-02-19 06:39:39','1346e1dc-29ea-4ea5-80f5-0de3c549e14c'),(280,'store-niveauDifficulte','web',28,'2025-02-19 06:39:39','2025-02-19 06:39:39','e1f5c390-9319-4217-9746-d2ba21abfb52'),(281,'destroy-niveauDifficulte','web',28,'2025-02-19 06:39:39','2025-02-19 06:39:39','0cbeffa3-5710-4c0f-9a44-e6a9fe2a7d9f'),(282,'import-niveauDifficulte','web',28,'2025-02-19 06:39:39','2025-02-19 06:39:39','46786b08-70c1-429e-805a-bebf270890f9'),(283,'export-niveauDifficulte','web',28,'2025-02-19 06:39:39','2025-02-19 06:39:39','9bcd9c31-5b3c-4b83-b409-2a335fbcbe4e'),(284,'show-natureLivrable','web',29,'2025-02-19 06:39:39','2025-02-19 06:39:39','23ced161-0bb6-46fa-b367-45d24bd613b5'),(285,'index-natureLivrable','web',29,'2025-02-19 06:39:39','2025-02-19 06:39:39','2e8e2b8d-bc64-47d9-b468-5cb274882d55'),(286,'edit-natureLivrable','web',29,'2025-02-19 06:39:39','2025-02-19 06:39:39','c8a0342e-03a5-4396-957f-52678ffc9701'),(287,'update-natureLivrable','web',29,'2025-02-19 06:39:39','2025-02-19 06:39:39','63339663-dc97-4600-8e4d-110c0678b6c5'),(288,'dataCalcul-natureLivrable','web',29,'2025-02-19 06:39:39','2025-02-19 06:39:39','d68e910d-8119-43bb-8731-673a29c81492'),(289,'create-natureLivrable','web',29,'2025-02-19 06:39:39','2025-02-19 06:39:39','5c135f98-15ce-43a1-b7cf-e9a57ed79d22'),(290,'store-natureLivrable','web',29,'2025-02-19 06:39:39','2025-02-19 06:39:39','80a82430-f707-4d9b-b22d-7e4afd1e70e1'),(291,'destroy-natureLivrable','web',29,'2025-02-19 06:39:39','2025-02-19 06:39:39','8fc5d35b-43cc-4802-8a15-62e5e9f1f77a'),(292,'import-natureLivrable','web',29,'2025-02-19 06:39:39','2025-02-19 06:39:39','8fff4b0e-9b55-4df1-bf3b-8a4610b269fc'),(293,'export-natureLivrable','web',29,'2025-02-19 06:39:39','2025-02-19 06:39:39','7e8d3426-611d-459e-bf71-718291790860'),(294,'show-projet','web',30,'2025-02-19 06:39:40','2025-02-19 06:39:40','b6d3d26e-5831-4d77-a725-da6708f902f5'),(295,'index-projet','web',30,'2025-02-19 06:39:40','2025-02-19 06:39:40','409910f0-892c-414c-9272-9449316f6fbb'),(296,'edit-projet','web',30,'2025-02-19 06:39:40','2025-02-19 06:39:40','d2782ebb-5ce7-4376-b974-0727915bed19'),(297,'update-projet','web',30,'2025-02-19 06:39:40','2025-02-19 06:39:40','95e26731-69d2-48c8-bd71-06b17fc4a421'),(298,'dataCalcul-projet','web',30,'2025-02-19 06:39:40','2025-02-19 06:39:40','5a106d1b-cea7-4b68-8a30-848f3783d5c9'),(299,'create-projet','web',30,'2025-02-19 06:39:40','2025-02-19 06:39:40','25c55f39-ae8e-4bb6-a271-fa7954a3e720'),(300,'store-projet','web',30,'2025-02-19 06:39:40','2025-02-19 06:39:40','fc80484d-ddfe-4496-a126-5bc36ee3d234'),(301,'destroy-projet','web',30,'2025-02-19 06:39:40','2025-02-19 06:39:40','b72ac15f-9d06-421f-b5a2-2824924b7acb'),(302,'import-projet','web',30,'2025-02-19 06:39:40','2025-02-19 06:39:40','65c2b7f9-e505-47d0-b017-f09e3b03f35f'),(303,'export-projet','web',30,'2025-02-19 06:39:40','2025-02-19 06:39:40','8db77878-9cce-4cbf-a678-272eda7f4840'),(304,'show-resource','web',31,'2025-02-19 06:39:40','2025-02-19 06:39:40','088da239-f8d9-4abb-bba0-b24f197dd04f'),(305,'index-resource','web',31,'2025-02-19 06:39:40','2025-02-19 06:39:40','32dce951-291b-4636-9102-5a381a5e3294'),(306,'edit-resource','web',31,'2025-02-19 06:39:40','2025-02-19 06:39:40','90ac3923-21c3-40bd-84fe-288a25d21e39'),(307,'update-resource','web',31,'2025-02-19 06:39:40','2025-02-19 06:39:40','2fab09d0-64cc-461c-9045-0ebf1958d38d'),(308,'dataCalcul-resource','web',31,'2025-02-19 06:39:40','2025-02-19 06:39:40','f67805cf-dcc0-4bea-b1bb-2bdce7fd9c7d'),(309,'create-resource','web',31,'2025-02-19 06:39:40','2025-02-19 06:39:40','2778c042-e09c-4292-8f41-3d50b97514d2'),(310,'store-resource','web',31,'2025-02-19 06:39:40','2025-02-19 06:39:40','cfc648c1-7e03-452c-97e2-ef5a7350b853'),(311,'destroy-resource','web',31,'2025-02-19 06:39:40','2025-02-19 06:39:40','95dbf05d-02b0-4306-822f-10f4ff39b66b'),(312,'import-resource','web',31,'2025-02-19 06:39:40','2025-02-19 06:39:40','2667cefa-36a0-4f74-8dfa-74e3da87a725'),(313,'export-resource','web',31,'2025-02-19 06:39:40','2025-02-19 06:39:40','3ba50bbb-027a-427b-8168-f40119e9211e'),(314,'show-livrable','web',32,'2025-02-19 06:39:41','2025-02-19 06:39:41','2d56d762-6046-4a16-938c-6bd92490593c'),(315,'index-livrable','web',32,'2025-02-19 06:39:41','2025-02-19 06:39:41','c07a13c2-d8e4-45c7-a665-94178b168889'),(316,'edit-livrable','web',32,'2025-02-19 06:39:41','2025-02-19 06:39:41','2647687b-661c-40cb-a74b-c8304684b71c'),(317,'update-livrable','web',32,'2025-02-19 06:39:41','2025-02-19 06:39:41','a06f657b-a422-4bd3-9f8e-6b86829d9f76'),(318,'dataCalcul-livrable','web',32,'2025-02-19 06:39:41','2025-02-19 06:39:41','ea34cb76-7651-46ac-a7c1-7c2885ead428'),(319,'create-livrable','web',32,'2025-02-19 06:39:41','2025-02-19 06:39:41','cd656144-4d82-410d-aec0-511a58ecf410'),(320,'store-livrable','web',32,'2025-02-19 06:39:41','2025-02-19 06:39:41','30dbcb82-f0e9-4961-8982-3d282771120c'),(321,'destroy-livrable','web',32,'2025-02-19 06:39:41','2025-02-19 06:39:41','086f8690-3d84-4e48-85ab-1f788dc2cdff'),(322,'import-livrable','web',32,'2025-02-19 06:39:41','2025-02-19 06:39:41','606df769-970e-4d31-83f5-a71b19f84800'),(323,'export-livrable','web',32,'2025-02-19 06:39:41','2025-02-19 06:39:41','da906fe2-2dcc-4f08-8b85-6c8452b4cf89'),(324,'show-transfertCompetence','web',33,'2025-02-19 06:39:41','2025-02-19 06:39:41','9cfd1737-46dc-4d12-936b-691a57107508'),(325,'index-transfertCompetence','web',33,'2025-02-19 06:39:41','2025-02-19 06:39:41','e57dc17b-8e30-4ffa-a0f6-866a7719caa6'),(326,'edit-transfertCompetence','web',33,'2025-02-19 06:39:41','2025-02-19 06:39:41','de2be007-59b0-4284-99b8-575a884c2bd0'),(327,'update-transfertCompetence','web',33,'2025-02-19 06:39:41','2025-02-19 06:39:41','2bec9baf-54c9-4067-97a2-e2e33e4beca3'),(328,'dataCalcul-transfertCompetence','web',33,'2025-02-19 06:39:41','2025-02-19 06:39:41','1a827114-db94-4a92-a9ca-129f99cf0efe'),(329,'create-transfertCompetence','web',33,'2025-02-19 06:39:42','2025-02-19 06:39:42','026bb1b8-6682-4f8a-9808-f4f82de50a40'),(330,'store-transfertCompetence','web',33,'2025-02-19 06:39:42','2025-02-19 06:39:42','13be2e19-d529-4ace-a1f4-ce3e2d3cfae7'),(331,'destroy-transfertCompetence','web',33,'2025-02-19 06:39:42','2025-02-19 06:39:42','bd942dee-9fb9-4963-936a-bfa40dc08530'),(332,'import-transfertCompetence','web',33,'2025-02-19 06:39:42','2025-02-19 06:39:42','61707436-0468-47c7-9b1b-bfef8d03cd47'),(333,'export-transfertCompetence','web',33,'2025-02-19 06:39:42','2025-02-19 06:39:42','29716728-4bbc-4e35-be15-e2c904fe0c46'),(334,'show-eMetadataDefinition','web',34,'2025-02-19 06:39:42','2025-02-19 06:39:42','2f4bddc8-a622-494d-93d6-99270e33baa8'),(335,'index-eMetadataDefinition','web',34,'2025-02-19 06:39:42','2025-02-19 06:39:42','cf1855eb-3a57-47c1-9d8d-65ff4a1e474f'),(336,'edit-eMetadataDefinition','web',34,'2025-02-19 06:39:42','2025-02-19 06:39:42','52a6f5ec-d548-47a6-8dab-7c53b3cca17f'),(337,'update-eMetadataDefinition','web',34,'2025-02-19 06:39:42','2025-02-19 06:39:42','acb986b4-9f51-4800-a762-8853cdf0e826'),(338,'dataCalcul-eMetadataDefinition','web',34,'2025-02-19 06:39:42','2025-02-19 06:39:42','8a403065-8bf4-46c9-959a-54a8eee4e517'),(339,'create-eMetadataDefinition','web',34,'2025-02-19 06:39:42','2025-02-19 06:39:42','2fb5d3d6-b63d-46ba-9ad7-526992c7e162'),(340,'store-eMetadataDefinition','web',34,'2025-02-19 06:39:42','2025-02-19 06:39:42','e03e8fa4-fcd3-4646-aadb-1e8f0221162d'),(341,'destroy-eMetadataDefinition','web',34,'2025-02-19 06:39:42','2025-02-19 06:39:42','9d780c23-22ce-42a0-ae00-6ccfe8912656'),(342,'import-eMetadataDefinition','web',34,'2025-02-19 06:39:42','2025-02-19 06:39:42','f45c9b84-72e3-448a-ba65-f51b35e10422'),(343,'export-eMetadataDefinition','web',34,'2025-02-19 06:39:42','2025-02-19 06:39:42','d38a2884-d1db-4283-9b3c-880d4db83790'),(344,'show-ePackage','web',35,'2025-02-19 06:39:42','2025-02-19 06:39:42','50b1ddd7-dee7-45f9-9c35-63ddf75a52b0'),(345,'index-ePackage','web',35,'2025-02-19 06:39:42','2025-02-19 06:39:42','e13c2890-e6ed-4e05-a3d2-598b3131ce8e'),(346,'edit-ePackage','web',35,'2025-02-19 06:39:42','2025-02-19 06:39:42','23eef3a3-0bb5-4345-9bf6-f6bac5d72e5b'),(347,'update-ePackage','web',35,'2025-02-19 06:39:42','2025-02-19 06:39:42','064b1c34-be4f-4cb2-8976-c7ecbab8b95a'),(348,'dataCalcul-ePackage','web',35,'2025-02-19 06:39:42','2025-02-19 06:39:42','79dc0d8e-d1d6-4b10-b787-dd208e4444f5'),(349,'create-ePackage','web',35,'2025-02-19 06:39:42','2025-02-19 06:39:42','99b56ff7-9d0d-43d1-9acc-c6cb356de34f'),(350,'store-ePackage','web',35,'2025-02-19 06:39:42','2025-02-19 06:39:42','72bf4287-31b1-423b-b18b-c1567c120a73'),(351,'destroy-ePackage','web',35,'2025-02-19 06:39:42','2025-02-19 06:39:42','18e12a08-437f-4212-8615-b1dbbfcfb7ca'),(352,'import-ePackage','web',35,'2025-02-19 06:39:42','2025-02-19 06:39:42','b72f3a84-4bc2-4511-b856-3380e4ebb772'),(353,'export-ePackage','web',35,'2025-02-19 06:39:42','2025-02-19 06:39:42','c8d529b9-1f15-48cd-b2ce-5822f0fdbe30'),(354,'show-eModel','web',36,'2025-02-19 06:39:43','2025-02-19 06:39:43','8776eced-29da-4caf-955e-8f79fcae92fc'),(355,'index-eModel','web',36,'2025-02-19 06:39:43','2025-02-19 06:39:43','d92c0292-b7d6-4921-93d6-c91f6e02d15a'),(356,'edit-eModel','web',36,'2025-02-19 06:39:43','2025-02-19 06:39:43','4659d26f-e758-4f3f-b740-6cb915e9ce90'),(357,'update-eModel','web',36,'2025-02-19 06:39:43','2025-02-19 06:39:43','e5774d34-b0a7-44f0-8595-60c1bd0f0053'),(358,'dataCalcul-eModel','web',36,'2025-02-19 06:39:43','2025-02-19 06:39:43','aa4de59b-5bc9-4094-9a6d-3fc1ac8e591c'),(359,'create-eModel','web',36,'2025-02-19 06:39:43','2025-02-19 06:39:43','7373b0f0-15b0-4a62-b14e-437d55477a8f'),(360,'store-eModel','web',36,'2025-02-19 06:39:43','2025-02-19 06:39:43','f7a775e0-d4ba-4b49-b003-825669970ec8'),(361,'destroy-eModel','web',36,'2025-02-19 06:39:43','2025-02-19 06:39:43','78a05e24-9881-4d0b-9483-78a6c6d3a6e0'),(362,'import-eModel','web',36,'2025-02-19 06:39:43','2025-02-19 06:39:43','b5b486cd-b728-41bc-9291-8860b9d32de2'),(363,'export-eModel','web',36,'2025-02-19 06:39:43','2025-02-19 06:39:43','db139754-9b15-47da-96f2-7cbd137b9b81'),(364,'show-eRelationship','web',37,'2025-02-19 06:39:43','2025-02-19 06:39:43','f530c06a-1beb-4542-a683-17a447c8f309'),(365,'index-eRelationship','web',37,'2025-02-19 06:39:43','2025-02-19 06:39:43','49f2086e-1ba9-49a0-9801-ad4ca27828f2'),(366,'edit-eRelationship','web',37,'2025-02-19 06:39:43','2025-02-19 06:39:43','d433ffcb-2c8c-4e3a-9e87-4528fd16b2d9'),(367,'update-eRelationship','web',37,'2025-02-19 06:39:43','2025-02-19 06:39:43','4c31f108-ca49-44f8-b053-a58a71aa1b66'),(368,'dataCalcul-eRelationship','web',37,'2025-02-19 06:39:43','2025-02-19 06:39:43','4a5248ca-45e3-47b4-a93b-4b0a9fe97227'),(369,'create-eRelationship','web',37,'2025-02-19 06:39:43','2025-02-19 06:39:43','8a4c2308-d86c-436f-afcf-bd514e3da1b6'),(370,'store-eRelationship','web',37,'2025-02-19 06:39:43','2025-02-19 06:39:43','322d3e54-32ad-4e6f-82cf-194dfc6feb41'),(371,'destroy-eRelationship','web',37,'2025-02-19 06:39:43','2025-02-19 06:39:43','d837b1c0-d377-459c-88f3-af8efbb6731c'),(372,'import-eRelationship','web',37,'2025-02-19 06:39:43','2025-02-19 06:39:43','3bb3ed61-010e-40d5-865c-44f296d740b2'),(373,'export-eRelationship','web',37,'2025-02-19 06:39:43','2025-02-19 06:39:43','efdb3c89-093b-4410-a02e-929d2f233917'),(374,'show-eDataField','web',38,'2025-02-19 06:39:43','2025-02-19 06:39:43','6768b127-5d16-4769-8a3b-605977995ec6'),(375,'index-eDataField','web',38,'2025-02-19 06:39:43','2025-02-19 06:39:43','c084e335-0667-48de-bf4d-f359d9a15e48'),(376,'edit-eDataField','web',38,'2025-02-19 06:39:43','2025-02-19 06:39:43','3b5242ce-64c9-446f-b7ea-35bfd17d4539'),(377,'update-eDataField','web',38,'2025-02-19 06:39:43','2025-02-19 06:39:43','d2d0b1eb-95e0-40c7-a723-45eb791ee6db'),(378,'dataCalcul-eDataField','web',38,'2025-02-19 06:39:43','2025-02-19 06:39:43','888672e6-c7ae-446c-8139-a0eb8344a398'),(379,'create-eDataField','web',38,'2025-02-19 06:39:43','2025-02-19 06:39:43','5eaa68fe-9aa8-471a-8db4-f7f88cdf9050'),(380,'store-eDataField','web',38,'2025-02-19 06:39:43','2025-02-19 06:39:43','d881ccfc-d359-4a09-ad9a-fa59b02d487b'),(381,'destroy-eDataField','web',38,'2025-02-19 06:39:44','2025-02-19 06:39:44','52975ac0-7f91-4d93-b7b1-4335943a2cdc'),(382,'import-eDataField','web',38,'2025-02-19 06:39:44','2025-02-19 06:39:44','7c27069c-a96e-4d9c-9b91-bb8cadb5dad1'),(383,'export-eDataField','web',38,'2025-02-19 06:39:44','2025-02-19 06:39:44','4fd13a88-941e-4c69-9e51-f631024aaf8f'),(384,'show-eMetadatum','web',39,'2025-02-19 06:39:44','2025-02-19 06:39:44','52ac47eb-8452-47ea-820f-4815243cad3d'),(385,'index-eMetadatum','web',39,'2025-02-19 06:39:44','2025-02-19 06:39:44','5a2e79c3-c126-425f-83b4-e926bb60c844'),(386,'edit-eMetadatum','web',39,'2025-02-19 06:39:44','2025-02-19 06:39:44','f9834abb-e217-43e0-88d4-cd60b3b3d310'),(387,'update-eMetadatum','web',39,'2025-02-19 06:39:44','2025-02-19 06:39:44','325bac2d-f319-43a5-8c9b-d0c90ebe75fa'),(388,'dataCalcul-eMetadatum','web',39,'2025-02-19 06:39:44','2025-02-19 06:39:44','7fe53471-1af5-4f99-8283-5a9b85ed39cf'),(389,'create-eMetadatum','web',39,'2025-02-19 06:39:44','2025-02-19 06:39:44','0397ffd9-5618-47d1-8bc1-7eec49791ebc'),(390,'store-eMetadatum','web',39,'2025-02-19 06:39:44','2025-02-19 06:39:44','cac43bb8-4bcb-426b-b064-971309c0bdb0'),(391,'destroy-eMetadatum','web',39,'2025-02-19 06:39:44','2025-02-19 06:39:44','b76318dc-0886-4488-a6f0-54078293953b'),(392,'import-eMetadatum','web',39,'2025-02-19 06:39:44','2025-02-19 06:39:44','e380db8f-f4cb-4550-b02b-cbe4f4c98b41'),(393,'export-eMetadatum','web',39,'2025-02-19 06:39:44','2025-02-19 06:39:44','539e3a36-bdc8-4a96-a327-8763b29dfaf7'),(394,'show-etatsRealisationProjet','web',40,'2025-02-19 06:39:44','2025-02-19 06:39:44','81f760dd-69b2-4314-95e7-22032a8af269'),(395,'index-etatsRealisationProjet','web',40,'2025-02-19 06:39:44','2025-02-19 06:39:44','0add5011-978e-45a8-9397-18dac7058b22'),(396,'edit-etatsRealisationProjet','web',40,'2025-02-19 06:39:44','2025-02-19 06:39:44','5f387569-e9ee-44c3-8fd1-10cc82e093a2'),(397,'update-etatsRealisationProjet','web',40,'2025-02-19 06:39:44','2025-02-19 06:39:44','b985e98a-81e2-4a60-afc8-09836b2aeb8c'),(398,'dataCalcul-etatsRealisationProjet','web',40,'2025-02-19 06:39:44','2025-02-19 06:39:44','5a855a9f-fae9-4313-a298-f2ad393fd5a5'),(399,'create-etatsRealisationProjet','web',40,'2025-02-19 06:39:44','2025-02-19 06:39:44','72099e25-eca3-4d4b-b2bc-d1fe26133fec'),(400,'store-etatsRealisationProjet','web',40,'2025-02-19 06:39:44','2025-02-19 06:39:44','74b02de1-3669-4ff2-9be4-570aa1da0d4c'),(401,'destroy-etatsRealisationProjet','web',40,'2025-02-19 06:39:44','2025-02-19 06:39:44','58c5a432-fab3-4ec0-92b4-a18432db67bc'),(402,'import-etatsRealisationProjet','web',40,'2025-02-19 06:39:44','2025-02-19 06:39:44','ee604fca-334a-44d3-8ace-91ea79f46579'),(403,'export-etatsRealisationProjet','web',40,'2025-02-19 06:39:44','2025-02-19 06:39:44','6cae0014-f35b-43f9-85d7-e33a8aa16db4'),(404,'show-affectationProjet','web',41,'2025-02-19 06:39:45','2025-02-19 06:39:45','21f77767-de2a-4a5c-a288-30100a35939c'),(405,'index-affectationProjet','web',41,'2025-02-19 06:39:45','2025-02-19 06:39:45','b4c0d09f-16a6-466a-bde5-305ea5136d88'),(406,'edit-affectationProjet','web',41,'2025-02-19 06:39:45','2025-02-19 06:39:45','85c83a53-ef11-4fb8-9617-517fda9f0feb'),(407,'update-affectationProjet','web',41,'2025-02-19 06:39:45','2025-02-19 06:39:45','2499c635-2373-4b64-b249-21b93e80107c'),(408,'dataCalcul-affectationProjet','web',41,'2025-02-19 06:39:45','2025-02-19 06:39:45','f06d6e43-e01e-4d86-ac59-2581751aa595'),(409,'create-affectationProjet','web',41,'2025-02-19 06:39:45','2025-02-19 06:39:45','638c7be3-76e4-4f29-916d-dc491d6d2f1e'),(410,'store-affectationProjet','web',41,'2025-02-19 06:39:45','2025-02-19 06:39:45','b62dff05-3909-4cc8-9145-9ed9543c9e91'),(411,'destroy-affectationProjet','web',41,'2025-02-19 06:39:45','2025-02-19 06:39:45','cee08b5a-8284-4ef8-a9ce-ad345fa01512'),(412,'import-affectationProjet','web',41,'2025-02-19 06:39:45','2025-02-19 06:39:45','7850ca7e-9857-4816-9427-c5092c47ace0'),(413,'export-affectationProjet','web',41,'2025-02-19 06:39:45','2025-02-19 06:39:45','8f6e4f80-67f7-4669-a409-8173b04ef325'),(414,'show-realisationProjet','web',42,'2025-02-19 06:39:45','2025-02-19 06:39:45','ab8a6296-1991-446f-aaac-5112dd851553'),(415,'index-realisationProjet','web',42,'2025-02-19 06:39:45','2025-02-19 06:39:45','01c23312-bf3f-4bc0-8370-132ea288e4ca'),(416,'edit-realisationProjet','web',42,'2025-02-19 06:39:45','2025-02-19 06:39:45','6a9bd625-03ac-41ba-8d07-55a50f2d9ade'),(417,'update-realisationProjet','web',42,'2025-02-19 06:39:45','2025-02-19 06:39:45','b942f0c3-fc13-40c7-a702-e7b67af4c2cf'),(418,'dataCalcul-realisationProjet','web',42,'2025-02-19 06:39:45','2025-02-19 06:39:45','8888bec3-a840-4d40-8156-9140368b60c7'),(419,'create-realisationProjet','web',42,'2025-02-19 06:39:45','2025-02-19 06:39:45','b3e2fc79-b5d0-4089-b784-84adc52efc5e'),(420,'store-realisationProjet','web',42,'2025-02-19 06:39:45','2025-02-19 06:39:45','94f67463-1ce2-40a3-ba9e-45288d0defc6'),(421,'destroy-realisationProjet','web',42,'2025-02-19 06:39:45','2025-02-19 06:39:45','5fda9cab-e235-41ce-b1ef-e93998ffd272'),(422,'import-realisationProjet','web',42,'2025-02-19 06:39:46','2025-02-19 06:39:46','08b51171-9cd8-4515-baa4-99c646aaff0d'),(423,'export-realisationProjet','web',42,'2025-02-19 06:39:46','2025-02-19 06:39:46','c97ea2b0-663d-40df-9c06-f9f7786c0b60'),(424,'show-livrablesRealisation','web',43,'2025-02-19 06:39:46','2025-02-19 06:39:46','b2b41300-ee80-4a89-ac0a-ee73411342e1'),(425,'index-livrablesRealisation','web',43,'2025-02-19 06:39:46','2025-02-19 06:39:46','e436ba4c-db9b-49fb-96fe-551adc4224e2'),(426,'edit-livrablesRealisation','web',43,'2025-02-19 06:39:46','2025-02-19 06:39:46','4620b51c-d798-4ada-9528-7782a5db1a48'),(427,'update-livrablesRealisation','web',43,'2025-02-19 06:39:46','2025-02-19 06:39:46','32a59e7b-7dcb-4e8d-a861-7c63503dfaf7'),(428,'dataCalcul-livrablesRealisation','web',43,'2025-02-19 06:39:46','2025-02-19 06:39:46','611194fa-c859-4f8e-b405-a1e98fbebe45'),(429,'create-livrablesRealisation','web',43,'2025-02-19 06:39:46','2025-02-19 06:39:46','62a995db-a1a6-4746-af0f-2b8151a6939b'),(430,'store-livrablesRealisation','web',43,'2025-02-19 06:39:46','2025-02-19 06:39:46','93219d52-bc5a-4d1b-a59b-4d96b5bc3257'),(431,'destroy-livrablesRealisation','web',43,'2025-02-19 06:39:46','2025-02-19 06:39:46','d5e63747-f14d-4945-aa6b-7361fd479d3a'),(432,'import-livrablesRealisation','web',43,'2025-02-19 06:39:46','2025-02-19 06:39:46','1b9c0d60-95b9-403a-9a44-04a0c8587f0d'),(433,'export-livrablesRealisation','web',43,'2025-02-19 06:39:46','2025-02-19 06:39:46','984213c1-3f93-420d-ab94-d09b806dd894'),(434,'show-validation','web',44,'2025-02-19 06:39:46','2025-02-19 06:39:46','17cdaf86-a0c7-47f8-b5f9-85a0d2a0bb6b'),(435,'index-validation','web',44,'2025-02-19 06:39:46','2025-02-19 06:39:46','657c6a13-d96a-44d9-b108-91bda452f437'),(436,'edit-validation','web',44,'2025-02-19 06:39:46','2025-02-19 06:39:46','fdfb8636-60c9-4f4a-a0a8-8353bb6a4ed6'),(437,'update-validation','web',44,'2025-02-19 06:39:46','2025-02-19 06:39:46','81a4d6ed-b4fc-4ef2-9a51-6566610d30fe'),(438,'dataCalcul-validation','web',44,'2025-02-19 06:39:46','2025-02-19 06:39:46','2e08b287-cf2b-4400-a56c-b3b1675b8de7'),(439,'create-validation','web',44,'2025-02-19 06:39:46','2025-02-19 06:39:46','6ae69751-8412-4004-aefe-5c41a3242d3d'),(440,'store-validation','web',44,'2025-02-19 06:39:46','2025-02-19 06:39:46','ee84fa1e-6dfb-4e63-b466-0f64b6a6785b'),(441,'destroy-validation','web',44,'2025-02-19 06:39:46','2025-02-19 06:39:46','772db5f2-8d50-4d21-b6ec-c43085ace1f0'),(442,'import-validation','web',44,'2025-02-19 06:39:46','2025-02-19 06:39:46','ba51361a-3f78-44e0-925e-00360e87aeec'),(443,'export-validation','web',44,'2025-02-19 06:39:46','2025-02-19 06:39:46','22960bab-fff9-4072-a0b9-8635e62b2ec5'),(444,'show-profile','web',45,'2025-02-19 06:39:46','2025-02-19 06:39:46','eee57c23-1b6f-458a-a5a8-33ef689ab60c'),(445,'index-profile','web',45,'2025-02-19 06:39:46','2025-02-19 06:39:46','0c52b768-aa96-4810-bba5-2466fa9ec80e'),(446,'edit-profile','web',45,'2025-02-19 06:39:46','2025-02-19 06:39:46','e6d18e29-ddb1-42fa-8b98-732790e78858'),(447,'update-profile','web',45,'2025-02-19 06:39:46','2025-02-19 06:39:46','c357d4a0-03c1-4c70-a798-479ef57db7f7'),(448,'dataCalcul-profile','web',45,'2025-02-19 06:39:46','2025-02-19 06:39:46','fd396800-9d22-4485-b7b5-2f2a25cfaa0b'),(449,'create-profile','web',45,'2025-02-19 06:39:46','2025-02-19 06:39:46','e3ae139c-8b6e-4deb-bf4b-a4cb9f9cce19'),(450,'store-profile','web',45,'2025-02-19 06:39:46','2025-02-19 06:39:46','38e9bd06-6f54-4eba-9628-144f41354057'),(451,'destroy-profile','web',45,'2025-02-19 06:39:46','2025-02-19 06:39:46','adb1c246-1d2b-4086-963f-6165fbd4eea9'),(452,'import-profile','web',45,'2025-02-19 06:39:46','2025-02-19 06:39:46','9ba27c4d-8de9-41a5-9944-4e04033fe46a'),(453,'export-profile','web',45,'2025-02-19 06:39:46','2025-02-19 06:39:46','fbf6c13d-cf10-4ce1-9264-eca3a391f04b'),(454,'dataCalcul-sysModule','web',5,'2025-03-03 09:36:53','2025-03-03 09:36:53','eb0693c7-1fc1-4244-ad3e-1f197593ebe9'),(455,'show-commentaireRealisationTache','web',46,'2025-03-03 09:37:55','2025-03-03 09:37:55','cacf960d-fad8-44b1-9ed4-50eb3d04d34f'),(456,'index-commentaireRealisationTache','web',46,'2025-03-03 09:37:55','2025-03-03 09:37:55','cd92fcab-f7c4-4150-b677-b434d75b2ac7'),(457,'edit-commentaireRealisationTache','web',46,'2025-03-03 09:37:55','2025-03-03 09:37:55','aefc5d56-9ffd-48a2-b236-884105a71ce7'),(458,'update-commentaireRealisationTache','web',46,'2025-03-03 09:37:55','2025-03-03 09:37:55','96bb8a2e-0f98-48bb-b0c0-236a781e1cee'),(459,'dataCalcul-commentaireRealisationTache','web',46,'2025-03-03 09:37:55','2025-03-03 09:37:55','f2a2b166-1c24-4beb-89d5-858c9b0f779b'),(460,'create-commentaireRealisationTache','web',46,'2025-03-03 09:37:56','2025-03-03 09:37:56','ba727540-c12b-4990-b474-5c7532bf9eba'),(461,'store-commentaireRealisationTache','web',46,'2025-03-03 09:37:56','2025-03-03 09:37:56','81de6add-26bf-4de2-9164-f66f3c3fb3f4'),(462,'destroy-commentaireRealisationTache','web',46,'2025-03-03 09:37:56','2025-03-03 09:37:56','7a2f9bc6-2cd7-4a17-aafd-984fa1eac11a'),(463,'import-commentaireRealisationTache','web',46,'2025-03-03 09:37:56','2025-03-03 09:37:56','87258623-05da-459d-a9e5-086a1595874b'),(464,'export-commentaireRealisationTache','web',46,'2025-03-03 09:37:56','2025-03-03 09:37:56','40c6ce14-9e98-4d4a-93f4-d70d33b0559c'),(465,'show-dependanceTache','web',47,'2025-03-03 09:38:10','2025-03-03 09:38:10','13b450ed-f764-44c7-b754-eace3644884f'),(466,'index-dependanceTache','web',47,'2025-03-03 09:38:10','2025-03-03 09:38:10','c05f4f9a-3e06-4d84-ac30-e89ffdfdff8b'),(467,'edit-dependanceTache','web',47,'2025-03-03 09:38:11','2025-03-03 09:38:11','4b7aff3d-3eb4-4feb-8de3-48e95a734c91'),(468,'update-dependanceTache','web',47,'2025-03-03 09:38:11','2025-03-03 09:38:11','0441b270-bc95-4570-913c-d70af80b11e1'),(469,'dataCalcul-dependanceTache','web',47,'2025-03-03 09:38:11','2025-03-03 09:38:11','1a34b9b7-13b1-4936-afbe-2301e65abe75'),(470,'create-dependanceTache','web',47,'2025-03-03 09:38:11','2025-03-03 09:38:11','faf57aef-e473-4f44-ab7b-c516f864f0b1'),(471,'store-dependanceTache','web',47,'2025-03-03 09:38:11','2025-03-03 09:38:11','c3ab9696-94f6-43f6-b668-171ac944872f'),(472,'destroy-dependanceTache','web',47,'2025-03-03 09:38:11','2025-03-03 09:38:11','3b9a8aea-c1c1-484f-9047-ac9f1cff7662'),(473,'import-dependanceTache','web',47,'2025-03-03 09:38:11','2025-03-03 09:38:11','a247503b-2a88-4cba-90b1-761779e14334'),(474,'export-dependanceTache','web',47,'2025-03-03 09:38:11','2025-03-03 09:38:11','0bf3edc4-94de-4486-9f0a-cb6cf3c9a839'),(475,'show-etatRealisationTache','web',48,'2025-03-03 09:38:11','2025-03-03 09:38:11','ed2b5c7d-25d3-4454-a598-bb0cabc66646'),(476,'index-etatRealisationTache','web',48,'2025-03-03 09:38:11','2025-03-03 09:38:11','8d0f9360-8878-450e-8036-276851dfcf3f'),(477,'edit-etatRealisationTache','web',48,'2025-03-03 09:38:11','2025-03-03 09:38:11','7722f960-d6c7-452a-96a1-e34dc46cbe81'),(478,'update-etatRealisationTache','web',48,'2025-03-03 09:38:11','2025-03-03 09:38:11','fc7b90fe-8945-45a9-a076-7b09851b4dd8'),(479,'dataCalcul-etatRealisationTache','web',48,'2025-03-03 09:38:11','2025-03-03 09:38:11','4264a587-e2ac-49dd-be44-417bb83b142e'),(480,'create-etatRealisationTache','web',48,'2025-03-03 09:38:11','2025-03-03 09:38:11','77e0e3db-3c09-49b5-81f4-9312f2ab48ed'),(481,'store-etatRealisationTache','web',48,'2025-03-03 09:38:11','2025-03-03 09:38:11','757d0072-3340-46e5-a65d-b32c89542527'),(482,'destroy-etatRealisationTache','web',48,'2025-03-03 09:38:11','2025-03-03 09:38:11','5a02858a-145e-4636-9818-a0e59e1a1450'),(483,'import-etatRealisationTache','web',48,'2025-03-03 09:38:11','2025-03-03 09:38:11','e68ec4ae-1694-4a72-bbda-1023036629f5'),(484,'export-etatRealisationTache','web',48,'2025-03-03 09:38:11','2025-03-03 09:38:11','36016ffb-31ca-447a-a51a-c44413f6ee88'),(485,'show-historiqueRealisationTache','web',49,'2025-03-03 09:38:21','2025-03-03 09:38:21','675f2630-6620-497a-98d2-5c1882bf65c3'),(486,'index-historiqueRealisationTache','web',49,'2025-03-03 09:38:21','2025-03-03 09:38:21','eaa9cecf-a5fa-4174-bee6-11c747831376'),(487,'edit-historiqueRealisationTache','web',49,'2025-03-03 09:38:21','2025-03-03 09:38:21','764a45b6-7b30-4d7f-8454-8468bef9b213'),(488,'update-historiqueRealisationTache','web',49,'2025-03-03 09:38:21','2025-03-03 09:38:21','aa7b8aad-c384-4371-a19e-aa7527194713'),(489,'dataCalcul-historiqueRealisationTache','web',49,'2025-03-03 09:38:21','2025-03-03 09:38:21','3bfd4576-c609-4522-a6bc-8b84600bd83d'),(490,'create-historiqueRealisationTache','web',49,'2025-03-03 09:38:21','2025-03-03 09:38:21','aab73227-013d-4119-8fd1-e28e81abb15b'),(491,'store-historiqueRealisationTache','web',49,'2025-03-03 09:38:21','2025-03-03 09:38:21','56304a88-b26c-46ad-be2d-c0608d1a9855'),(492,'destroy-historiqueRealisationTache','web',49,'2025-03-03 09:38:21','2025-03-03 09:38:21','3d791937-9b24-4eba-ba0e-84a6f17332c6'),(493,'import-historiqueRealisationTache','web',49,'2025-03-03 09:38:22','2025-03-03 09:38:22','f495045e-3822-44cd-9c86-cd14246143cd'),(494,'export-historiqueRealisationTache','web',49,'2025-03-03 09:38:22','2025-03-03 09:38:22','00a2a524-5ecf-4469-895a-307b17a70942'),(495,'show-labelRealisationTache','web',50,'2025-03-03 09:38:22','2025-03-03 09:38:22','d827e7e7-26a8-4b47-97d3-f727a2eacfdd'),(496,'index-labelRealisationTache','web',50,'2025-03-03 09:38:22','2025-03-03 09:38:22','f6b2641c-5fad-42c7-b376-49669aa0eb71'),(497,'edit-labelRealisationTache','web',50,'2025-03-03 09:38:22','2025-03-03 09:38:22','16783620-99db-4d48-83dd-4ed08b73a243'),(498,'update-labelRealisationTache','web',50,'2025-03-03 09:38:22','2025-03-03 09:38:22','034e3f7f-5765-4eda-b94d-5431a16c603e'),(499,'dataCalcul-labelRealisationTache','web',50,'2025-03-03 09:38:22','2025-03-03 09:38:22','3953bd64-bc4d-4109-a12f-299c3286fb7a'),(500,'create-labelRealisationTache','web',50,'2025-03-03 09:38:22','2025-03-03 09:38:22','da2311ac-c25e-4605-a248-aa78201386fb'),(501,'store-labelRealisationTache','web',50,'2025-03-03 09:38:22','2025-03-03 09:38:22','8672cc6a-2e8e-4a40-93f1-0857d97abc31'),(502,'destroy-labelRealisationTache','web',50,'2025-03-03 09:38:22','2025-03-03 09:38:22','f16af1dc-c3ff-44c9-8c02-fa6a512d0204'),(503,'import-labelRealisationTache','web',50,'2025-03-03 09:38:22','2025-03-03 09:38:22','4de5796e-a8fd-4be4-addf-142bd3eff6ef'),(504,'export-labelRealisationTache','web',50,'2025-03-03 09:38:22','2025-03-03 09:38:22','f5b4d9e0-cd16-4dc8-b11d-e34796688875'),(505,'show-prioriteTache','web',51,'2025-03-03 09:38:22','2025-03-03 09:38:22','cbd0b4f3-7940-4d8d-9abe-01928cd5eab1'),(506,'index-prioriteTache','web',51,'2025-03-03 09:38:23','2025-03-03 09:38:23','b0844ae9-81e2-4ee9-9248-173729633068'),(507,'edit-prioriteTache','web',51,'2025-03-03 09:38:23','2025-03-03 09:38:23','90f868bf-e380-485c-b04f-b5414ee4b0d9'),(508,'update-prioriteTache','web',51,'2025-03-03 09:38:23','2025-03-03 09:38:23','79ba4e51-58c8-4fe1-ab20-b6b8cd253242'),(509,'dataCalcul-prioriteTache','web',51,'2025-03-03 09:38:23','2025-03-03 09:38:23','136bf321-c9f8-4a54-b4c0-f07de16e70fc'),(510,'create-prioriteTache','web',51,'2025-03-03 09:38:23','2025-03-03 09:38:23','b8de34fd-3edb-4903-90a7-d220ae881d68'),(511,'store-prioriteTache','web',51,'2025-03-03 09:38:23','2025-03-03 09:38:23','c5b2872c-1b78-47c4-b675-75958fe5fd7f'),(512,'destroy-prioriteTache','web',51,'2025-03-03 09:38:23','2025-03-03 09:38:23','99fc256f-32c9-4619-b092-d83f252b3b05'),(513,'import-prioriteTache','web',51,'2025-03-03 09:38:23','2025-03-03 09:38:23','268bba76-7ff1-4f12-8d9c-a6f7507d3682'),(514,'export-prioriteTache','web',51,'2025-03-03 09:38:23','2025-03-03 09:38:23','a4dbfd20-e7f6-48fc-bdc6-f0fd2f159fab'),(515,'show-realisationTache','web',52,'2025-03-03 09:38:23','2025-03-03 09:38:23','31f9b199-79ec-44bd-9c18-b8a54c3cbe98'),(516,'index-realisationTache','web',52,'2025-03-03 09:38:23','2025-03-03 09:38:23','57c83276-da91-40b2-8f87-89561204bba8'),(517,'edit-realisationTache','web',52,'2025-03-03 09:38:23','2025-03-03 09:38:23','10a679fd-621f-423f-ac59-6979e8f1b335'),(518,'update-realisationTache','web',52,'2025-03-03 09:38:23','2025-03-03 09:38:23','2294baaf-ad96-4ec9-87be-014c7d46c3c6'),(519,'dataCalcul-realisationTache','web',52,'2025-03-03 09:38:23','2025-03-03 09:38:23','85d9c0fa-2bd5-4c2f-8810-5d6dfb4fde01'),(520,'create-realisationTache','web',52,'2025-03-03 09:38:23','2025-03-03 09:38:23','411d816d-d67e-4a1c-98bc-ce309eeb308b'),(521,'store-realisationTache','web',52,'2025-03-03 09:38:23','2025-03-03 09:38:23','bda1e53d-0670-4a6a-89b7-1ff7049fcba9'),(522,'destroy-realisationTache','web',52,'2025-03-03 09:38:23','2025-03-03 09:38:23','d9e80a82-0397-47c0-b944-6e6c3089c1a6'),(523,'import-realisationTache','web',52,'2025-03-03 09:38:23','2025-03-03 09:38:23','581a6911-e17a-4b1a-91f9-ae0c810e8ad9'),(524,'export-realisationTache','web',52,'2025-03-03 09:38:23','2025-03-03 09:38:23','650a4617-ebbb-419d-bc47-da27fecd97af'),(525,'show-tache','web',53,'2025-03-03 09:38:24','2025-03-03 09:38:24','a1ef827b-eb72-42a1-baa9-72bba3cdd845'),(526,'index-tache','web',53,'2025-03-03 09:38:24','2025-03-03 09:38:24','85f214e1-51a3-45c4-bb4c-50f2508818cd'),(527,'edit-tache','web',53,'2025-03-03 09:38:24','2025-03-03 09:38:24','3d862e0d-7d50-4f97-8185-d046d4cf4189'),(528,'update-tache','web',53,'2025-03-03 09:38:24','2025-03-03 09:38:24','2bab543f-817b-41a2-87e8-fcab5e897a88'),(529,'dataCalcul-tache','web',53,'2025-03-03 09:38:24','2025-03-03 09:38:24','ed189318-0971-4066-99ed-027d5cde6a8f'),(530,'create-tache','web',53,'2025-03-03 09:38:24','2025-03-03 09:38:24','4df50c40-5c64-41b7-8fab-2a95d5b7d2aa'),(531,'store-tache','web',53,'2025-03-03 09:38:24','2025-03-03 09:38:24','c7aaed0b-5819-4e85-a575-42811e520164'),(532,'destroy-tache','web',53,'2025-03-03 09:38:24','2025-03-03 09:38:24','5bbe48c0-380f-476b-b28f-ecbde3e303ab'),(533,'import-tache','web',53,'2025-03-03 09:38:24','2025-03-03 09:38:24','152c093a-78fa-4ee8-8d2e-be6c02f66efc'),(534,'export-tache','web',53,'2025-03-03 09:38:24','2025-03-03 09:38:24','0ac370ed-b6ad-4ff9-81a8-9f18740e8ada'),(535,'show-typeDependanceTache','web',54,'2025-03-03 09:38:24','2025-03-03 09:38:24','4265aaf2-674f-4e7d-b5f1-9595bf2a2e54'),(536,'index-typeDependanceTache','web',54,'2025-03-03 09:38:24','2025-03-03 09:38:24','e279e104-a5f3-4a77-bec1-a0f476bc0934'),(537,'edit-typeDependanceTache','web',54,'2025-03-03 09:38:24','2025-03-03 09:38:24','42ad61c9-4bbc-48d7-947f-d69bcee80cb2'),(538,'update-typeDependanceTache','web',54,'2025-03-03 09:38:24','2025-03-03 09:38:24','71cf5f9c-9802-4a1e-8224-517a0d7e75f9'),(539,'dataCalcul-typeDependanceTache','web',54,'2025-03-03 09:38:24','2025-03-03 09:38:24','d405edf5-946b-4cc9-986e-bba3215b1aee'),(540,'create-typeDependanceTache','web',54,'2025-03-03 09:38:24','2025-03-03 09:38:24','b33f3e6e-1926-4f63-865a-c6c4b157274e'),(541,'store-typeDependanceTache','web',54,'2025-03-03 09:38:24','2025-03-03 09:38:24','5e52d603-c05f-4e63-ad11-33d3392a7b2d'),(542,'destroy-typeDependanceTache','web',54,'2025-03-03 09:38:24','2025-03-03 09:38:24','66d70c65-632b-4dd8-a978-ec6fa8cc48bb'),(543,'import-typeDependanceTache','web',54,'2025-03-03 09:38:24','2025-03-03 09:38:24','a7187df9-13ef-43fc-9f6b-d279cfda9630'),(544,'export-typeDependanceTache','web',54,'2025-03-03 09:38:24','2025-03-03 09:38:24','36efbe43-f889-4126-bc50-c9af96b3de2c');
/*!40000 ALTER TABLE `permissions` ENABLE KEYS */;
UNLOCK TABLES;

--
-- Table structure for table `priorite_taches`
--

DROP TABLE IF EXISTS `priorite_taches`;
/*!40101 SET @saved_cs_client     = @@character_set_client */;
/*!50503 SET character_set_client = utf8mb4 */;
CREATE TABLE `priorite_taches` (
  `id` bigint unsigned NOT NULL AUTO_INCREMENT,
  `nom` varchar(255) COLLATE utf8mb4_unicode_ci NOT NULL,
  `ordre` int NOT NULL,
  `description` longtext COLLATE utf8mb4_unicode_ci,
  `reference` varchar(255) COLLATE utf8mb4_unicode_ci NOT NULL,
  `formateur_id` bigint unsigned NOT NULL,
  `created_at` timestamp NULL DEFAULT NULL,
  `updated_at` timestamp NULL DEFAULT NULL,
  PRIMARY KEY (`id`),
  UNIQUE KEY `priorite_taches_reference_unique` (`reference`),
  KEY `priorite_taches_formateur_id_foreign` (`formateur_id`),
  CONSTRAINT `priorite_taches_formateur_id_foreign` FOREIGN KEY (`formateur_id`) REFERENCES `formateurs` (`id`) ON DELETE CASCADE
) ENGINE=InnoDB AUTO_INCREMENT=5 DEFAULT CHARSET=utf8mb4 COLLATE=utf8mb4_unicode_ci;
/*!40101 SET character_set_client = @saved_cs_client */;

--
-- Dumping data for table `priorite_taches`
--

LOCK TABLES `priorite_taches` WRITE;
/*!40000 ALTER TABLE `priorite_taches` DISABLE KEYS */;
INSERT INTO `priorite_taches` VALUES (1,'P0',0,NULL,'4dadae16-9c3a-4680-b16b-bd21585a7788',1,'2025-03-03 09:45:33','2025-03-03 09:45:33'),(2,'P1',1,NULL,'60986277-aba3-4a16-b0b2-022f9eff98f8',1,'2025-03-03 09:45:42','2025-03-03 09:45:42'),(3,'P2',2,NULL,'382a6f0f-35bc-470e-94c7-a907eb13cf96',1,'2025-03-03 09:45:49','2025-03-03 09:46:15'),(4,'P3',3,NULL,'95a8d394-2a0c-4605-9485-719faf3beadf',1,'2025-03-03 09:46:03','2025-03-03 09:46:23');
/*!40000 ALTER TABLE `priorite_taches` ENABLE KEYS */;
UNLOCK TABLES;

--
-- Table structure for table `profiles`
--

DROP TABLE IF EXISTS `profiles`;
/*!40101 SET @saved_cs_client     = @@character_set_client */;
/*!50503 SET character_set_client = utf8mb4 */;
CREATE TABLE `profiles` (
  `id` bigint unsigned NOT NULL AUTO_INCREMENT,
  `user_id` bigint unsigned NOT NULL,
  `phone` varchar(255) CHARACTER SET utf8mb4 COLLATE utf8mb4_unicode_ci DEFAULT NULL,
  `address` varchar(255) CHARACTER SET utf8mb4 COLLATE utf8mb4_unicode_ci DEFAULT NULL,
  `profile_picture` varchar(255) CHARACTER SET utf8mb4 COLLATE utf8mb4_unicode_ci DEFAULT NULL,
  `bio` longtext CHARACTER SET utf8mb4 COLLATE utf8mb4_unicode_ci,
  `created_at` timestamp NULL DEFAULT NULL,
  `updated_at` timestamp NULL DEFAULT NULL,
  PRIMARY KEY (`id`),
  KEY `profiles_user_id_foreign` (`user_id`),
  CONSTRAINT `profiles_user_id_foreign` FOREIGN KEY (`user_id`) REFERENCES `users` (`id`) ON DELETE CASCADE
) ENGINE=InnoDB AUTO_INCREMENT=107 DEFAULT CHARSET=utf8mb4 COLLATE=utf8mb4_unicode_ci;
/*!40101 SET character_set_client = @saved_cs_client */;

--
-- Dumping data for table `profiles`
--

LOCK TABLES `profiles` WRITE;
/*!40000 ALTER TABLE `profiles` DISABLE KEYS */;
INSERT INTO `profiles` VALUES (1,1,'Root',NULL,NULL,NULL,'2025-02-19 06:38:57','2025-02-19 06:43:46'),(2,2,'vide',NULL,NULL,NULL,'2025-02-19 06:38:57','2025-03-03 10:57:52'),(3,3,'0634390505',NULL,NULL,NULL,'2025-02-19 06:38:57','2025-02-19 11:54:51'),(4,4,NULL,NULL,NULL,NULL,'2025-02-19 06:38:58','2025-02-19 06:38:58'),(5,5,'aa',NULL,NULL,NULL,'2025-02-19 06:39:00','2025-02-19 07:07:56'),(6,6,'0606934025',NULL,NULL,NULL,'2025-02-19 06:39:01','2025-02-26 12:00:47'),(7,7,'0675260017',NULL,NULL,NULL,'2025-02-19 06:39:01','2025-02-19 10:00:30'),(8,8,'0602967632',NULL,NULL,NULL,'2025-02-19 06:39:01','2025-02-20 07:46:20'),(9,9,'0696176900',NULL,NULL,NULL,'2025-02-19 06:39:01','2025-02-26 09:18:45'),(10,10,'0612593011',NULL,NULL,NULL,'2025-02-19 06:39:02','2025-02-19 10:00:50'),(11,11,'+212718087106',NULL,NULL,NULL,'2025-02-19 06:39:02','2025-02-27 09:25:02'),(12,12,'0697022588',NULL,NULL,NULL,'2025-02-19 06:39:02','2025-02-20 08:08:01'),(13,13,'0644419837',NULL,NULL,NULL,'2025-02-19 06:39:03','2025-02-20 07:46:36'),(14,14,'0605008000',NULL,NULL,NULL,'2025-02-19 06:39:03','2025-02-24 15:32:47'),(15,15,'0654574954',NULL,NULL,NULL,'2025-02-19 06:39:03','2025-02-27 09:26:37'),(16,16,'0624658021',NULL,NULL,NULL,'2025-02-19 06:39:03','2025-02-19 10:19:26'),(17,17,'0777314569',NULL,NULL,NULL,'2025-02-19 06:39:04','2025-02-20 07:45:46'),(18,18,'0614027656',NULL,NULL,NULL,'2025-02-19 06:39:04','2025-02-20 07:47:21'),(19,19,'0763301596',NULL,NULL,NULL,'2025-02-19 06:39:04','2025-02-19 10:35:56'),(20,20,'0634344178',NULL,NULL,NULL,'2025-02-19 06:39:04','2025-02-20 08:01:19'),(21,21,NULL,NULL,NULL,NULL,'2025-02-19 06:39:05','2025-02-19 06:39:05'),(22,22,NULL,NULL,NULL,NULL,'2025-02-19 06:39:05','2025-02-19 06:39:05'),(23,23,NULL,NULL,NULL,NULL,'2025-02-19 06:39:05','2025-02-19 06:39:05'),(24,24,NULL,NULL,NULL,NULL,'2025-02-19 06:39:06','2025-02-19 06:39:06'),(25,25,NULL,NULL,NULL,NULL,'2025-02-19 06:39:06','2025-02-19 06:39:06'),(26,26,NULL,NULL,NULL,NULL,'2025-02-19 06:39:06','2025-02-19 06:39:06'),(27,27,NULL,NULL,NULL,NULL,'2025-02-19 06:39:06','2025-02-19 06:39:06'),(28,28,NULL,NULL,NULL,NULL,'2025-02-19 06:39:07','2025-02-19 06:39:07'),(29,29,NULL,NULL,NULL,NULL,'2025-02-19 06:39:07','2025-02-19 06:39:07'),(30,30,NULL,NULL,NULL,NULL,'2025-02-19 06:39:07','2025-02-19 06:39:07'),(31,31,NULL,NULL,NULL,NULL,'2025-02-19 06:39:08','2025-02-19 06:39:08'),(32,32,NULL,NULL,NULL,NULL,'2025-02-19 06:39:08','2025-02-19 06:39:08'),(33,33,NULL,NULL,NULL,NULL,'2025-02-19 06:39:08','2025-02-19 06:39:08'),(34,34,NULL,NULL,NULL,NULL,'2025-02-19 06:39:08','2025-02-19 06:39:08'),(35,35,NULL,NULL,NULL,NULL,'2025-02-19 06:39:09','2025-02-19 06:39:09'),(36,36,NULL,NULL,NULL,NULL,'2025-02-19 06:39:09','2025-02-19 06:39:09'),(37,37,NULL,NULL,NULL,NULL,'2025-02-19 06:39:09','2025-02-19 06:39:09'),(38,38,'VIDE',NULL,NULL,NULL,'2025-02-19 06:39:09','2025-02-21 07:18:25'),(39,39,NULL,NULL,NULL,NULL,'2025-02-19 06:39:10','2025-02-19 06:39:10'),(40,40,NULL,NULL,NULL,NULL,'2025-02-19 06:39:10','2025-02-19 06:39:10'),(41,41,NULL,NULL,NULL,NULL,'2025-02-19 06:39:10','2025-02-19 06:39:10'),(42,42,NULL,NULL,NULL,NULL,'2025-02-19 06:39:11','2025-02-19 06:39:11'),(43,43,NULL,NULL,NULL,NULL,'2025-02-19 06:39:11','2025-02-19 06:39:11'),(44,44,NULL,NULL,NULL,NULL,'2025-02-19 06:39:11','2025-02-19 06:39:11'),(45,45,NULL,NULL,NULL,NULL,'2025-02-19 06:39:11','2025-02-19 06:39:11'),(46,46,NULL,NULL,NULL,NULL,'2025-02-19 06:39:12','2025-02-19 06:39:12'),(47,47,NULL,NULL,NULL,NULL,'2025-02-19 06:39:12','2025-02-19 06:39:12'),(48,48,NULL,NULL,NULL,NULL,'2025-02-19 06:39:12','2025-02-19 06:39:12'),(49,49,NULL,NULL,NULL,NULL,'2025-02-19 06:39:13','2025-02-19 06:39:13'),(50,50,NULL,NULL,NULL,NULL,'2025-02-19 06:39:13','2025-02-19 06:39:13'),(51,51,NULL,NULL,NULL,NULL,'2025-02-19 06:39:13','2025-02-19 06:39:13'),(52,52,NULL,NULL,NULL,NULL,'2025-02-19 06:39:13','2025-02-19 06:39:13'),(53,53,NULL,NULL,NULL,NULL,'2025-02-19 06:39:14','2025-02-19 06:39:14'),(54,54,NULL,NULL,NULL,NULL,'2025-02-19 06:39:14','2025-02-19 06:39:14'),(55,55,NULL,NULL,NULL,NULL,'2025-02-19 06:39:14','2025-02-19 06:39:14'),(56,56,NULL,NULL,NULL,NULL,'2025-02-19 06:39:14','2025-02-19 06:39:14'),(57,57,NULL,NULL,NULL,NULL,'2025-02-19 06:39:15','2025-02-19 06:39:15'),(58,58,NULL,NULL,NULL,NULL,'2025-02-19 06:39:15','2025-02-19 06:39:15'),(59,59,NULL,NULL,NULL,NULL,'2025-02-19 06:39:15','2025-02-19 06:39:15'),(60,60,NULL,NULL,NULL,NULL,'2025-02-19 06:39:15','2025-02-19 06:39:15'),(61,61,NULL,NULL,NULL,NULL,'2025-02-19 06:39:16','2025-02-19 06:39:16'),(62,62,NULL,NULL,NULL,NULL,'2025-02-19 06:39:16','2025-02-19 06:39:16'),(63,63,NULL,NULL,NULL,NULL,'2025-02-19 06:39:16','2025-02-19 06:39:16'),(64,64,NULL,NULL,NULL,NULL,'2025-02-19 06:39:16','2025-02-19 06:39:16'),(65,65,NULL,NULL,NULL,NULL,'2025-02-19 06:39:17','2025-02-19 06:39:17'),(66,66,NULL,NULL,NULL,NULL,'2025-02-19 06:39:17','2025-02-19 06:39:17'),(67,67,NULL,NULL,NULL,NULL,'2025-02-19 06:39:17','2025-02-19 06:39:17'),(68,68,NULL,NULL,NULL,NULL,'2025-02-19 06:39:17','2025-02-19 06:39:17'),(69,69,NULL,NULL,NULL,NULL,'2025-02-19 06:39:18','2025-02-19 06:39:18'),(70,70,NULL,NULL,NULL,NULL,'2025-02-19 06:39:18','2025-02-19 06:39:18'),(71,71,NULL,NULL,NULL,NULL,'2025-02-19 06:39:18','2025-02-19 06:39:18'),(72,72,NULL,NULL,NULL,NULL,'2025-02-19 06:39:19','2025-02-19 06:39:19'),(73,73,NULL,NULL,NULL,NULL,'2025-02-19 06:39:19','2025-02-19 06:39:19'),(74,74,NULL,NULL,NULL,NULL,'2025-02-19 06:39:19','2025-02-19 06:39:19'),(75,75,NULL,NULL,NULL,NULL,'2025-02-19 06:39:19','2025-02-19 06:39:19'),(76,76,NULL,NULL,NULL,NULL,'2025-02-19 06:39:20','2025-02-19 06:39:20'),(77,77,NULL,NULL,NULL,NULL,'2025-02-19 06:39:20','2025-02-19 06:39:20'),(78,78,NULL,NULL,NULL,NULL,'2025-02-19 06:39:20','2025-02-19 06:39:20'),(79,79,NULL,NULL,NULL,NULL,'2025-02-19 06:39:20','2025-02-19 06:39:20'),(80,80,NULL,NULL,NULL,NULL,'2025-02-19 06:39:21','2025-02-19 06:39:21'),(81,81,NULL,NULL,NULL,NULL,'2025-02-19 06:39:21','2025-02-19 06:39:21'),(82,82,NULL,NULL,NULL,NULL,'2025-02-19 06:39:21','2025-02-19 06:39:21'),(83,83,'0642014890',NULL,NULL,NULL,'2025-02-19 06:39:22','2025-02-20 07:46:25'),(84,84,NULL,NULL,NULL,NULL,'2025-02-19 06:39:22','2025-02-19 06:39:22'),(85,85,NULL,NULL,NULL,NULL,'2025-02-19 06:39:22','2025-02-19 06:39:22'),(86,86,NULL,NULL,NULL,NULL,'2025-02-19 06:39:22','2025-02-19 06:39:22'),(87,87,NULL,NULL,NULL,NULL,'2025-02-19 06:39:23','2025-02-19 06:39:23'),(88,88,NULL,NULL,NULL,NULL,'2025-02-19 06:39:23','2025-02-19 06:39:23'),(89,89,'0649042360',NULL,NULL,NULL,'2025-02-19 06:39:23','2025-02-19 10:04:18'),(90,90,NULL,NULL,NULL,NULL,'2025-02-19 06:39:23','2025-02-19 06:39:23'),(91,91,NULL,NULL,NULL,NULL,'2025-02-19 06:39:24','2025-02-19 06:39:24'),(92,92,NULL,NULL,NULL,NULL,'2025-02-19 06:39:24','2025-02-19 06:39:24'),(93,93,NULL,NULL,NULL,NULL,'2025-02-19 06:39:24','2025-02-19 06:39:24'),(94,94,NULL,NULL,NULL,NULL,'2025-02-19 06:39:24','2025-02-19 06:39:24'),(95,95,NULL,NULL,NULL,NULL,'2025-02-19 06:39:25','2025-02-19 06:39:25'),(96,96,NULL,NULL,NULL,NULL,'2025-02-19 06:39:25','2025-02-19 06:39:25'),(97,97,NULL,NULL,NULL,NULL,'2025-02-19 06:39:25','2025-02-19 06:39:25'),(98,98,NULL,NULL,NULL,NULL,'2025-02-19 06:39:25','2025-02-19 06:39:25'),(99,99,NULL,NULL,NULL,NULL,'2025-02-19 06:39:26','2025-02-19 06:39:26'),(100,100,NULL,NULL,NULL,NULL,'2025-02-19 06:39:26','2025-02-19 06:39:26'),(101,101,NULL,NULL,NULL,NULL,'2025-02-19 06:39:26','2025-02-19 06:39:26'),(102,102,'0679627281',NULL,NULL,NULL,'2025-02-19 06:39:35','2025-02-19 06:49:21'),(103,103,NULL,NULL,NULL,NULL,'2025-02-19 06:39:36','2025-02-19 06:39:36'),(104,104,'0645213449',NULL,NULL,NULL,'2025-02-19 06:39:36','2025-02-25 12:52:13'),(105,105,'0666501439',NULL,NULL,NULL,'2025-02-19 06:39:36','2025-02-21 09:52:57'),(106,106,NULL,NULL,NULL,NULL,'2025-02-19 06:39:37','2025-02-19 06:39:37');
/*!40000 ALTER TABLE `profiles` ENABLE KEYS */;
UNLOCK TABLES;

--
-- Table structure for table `projets`
--

DROP TABLE IF EXISTS `projets`;
/*!40101 SET @saved_cs_client     = @@character_set_client */;
/*!50503 SET character_set_client = utf8mb4 */;
CREATE TABLE `projets` (
  `id` bigint unsigned NOT NULL AUTO_INCREMENT,
  `titre` varchar(255) CHARACTER SET utf8mb4 COLLATE utf8mb4_unicode_ci NOT NULL,
  `travail_a_faire` longtext CHARACTER SET utf8mb4 COLLATE utf8mb4_unicode_ci NOT NULL,
  `critere_de_travail` longtext CHARACTER SET utf8mb4 COLLATE utf8mb4_unicode_ci NOT NULL,
  `description` longtext CHARACTER SET utf8mb4 COLLATE utf8mb4_unicode_ci,
  `nombre_jour` int NOT NULL,
  `formateur_id` bigint unsigned NOT NULL,
  `filiere_id` bigint unsigned NOT NULL,
  `reference` varchar(255) CHARACTER SET utf8mb4 COLLATE utf8mb4_unicode_ci NOT NULL,
  `created_at` timestamp NULL DEFAULT NULL,
  `updated_at` timestamp NULL DEFAULT NULL,
  PRIMARY KEY (`id`),
  UNIQUE KEY `projets_reference_unique` (`reference`),
  KEY `projets_formateur_id_foreign` (`formateur_id`),
  KEY `projets_filiere_id_foreign` (`filiere_id`),
  CONSTRAINT `projets_filiere_id_foreign` FOREIGN KEY (`filiere_id`) REFERENCES `filieres` (`id`) ON DELETE CASCADE,
  CONSTRAINT `projets_formateur_id_foreign` FOREIGN KEY (`formateur_id`) REFERENCES `formateurs` (`id`) ON DELETE RESTRICT
) ENGINE=InnoDB AUTO_INCREMENT=30 DEFAULT CHARSET=utf8mb4 COLLATE=utf8mb4_unicode_ci;
/*!40101 SET character_set_client = @saved_cs_client */;

--
-- Dumping data for table `projets`
--

LOCK TABLES `projets` WRITE;
/*!40000 ALTER TABLE `projets` DISABLE KEYS */;
INSERT INTO `projets` VALUES (2,'Gestion de bibliothèque','Construire un système de gestion en PHP','CRUD complet, bonne organisation du code','Un système pour gérer les livres et emprunteurs.',3,2,1,'bdf5aebf-1de5-4a85-8285-3189bbe97969','2025-02-19 06:39:39','2025-02-19 06:39:39'),(6,'Site de recettes','Développer un site de recettes interactif','Design attrayant, filtrage des recettes','Un site pour partager et rechercher des recettes.',4,2,1,'d7659c4e-6ab3-44b4-872e-56bbba16993e','2025-02-19 06:39:39','2025-02-19 06:39:39'),(10,'Quiz interactif','Développer un quiz en ligne en PHP','Chronomètre, correction automatique','Un site de quiz avec classement des scores.',4,2,1,'f5c35a9c-db70-4a3d-aea6-ffba1bd84478','2025-02-19 06:39:40','2025-02-19 06:39:40'),(14,'Dashboard d\'administration','Créer un dashboard en Laravel','Gestion des rôles, statistiques visuelles','Un dashboard pour gérer une application.',4,2,1,'c736b218-23a6-4d3c-802a-066c8eec0d61','2025-02-19 06:39:40','2025-02-19 06:39:40'),(18,'Outil de gestion de projets','Créer une application de gestion de projets','Suivi des tâches, collaboration des équipes','Une application pour organiser et suivre des projets.',4,2,1,'e2cb36b9-4542-4634-bc8f-13bd5444f595','2025-02-19 06:39:40','2025-02-19 06:39:40'),(21,'Projet file rouge','- Réalisation d\'une application dans l\'application Soli-LMS dans le cadre de l\'examen de fin de formation','<ul><li>Réalisation d\'une présentation&nbsp;</li><li>Réalisation d\'un rapport</li><li>Réalisation d\'une application fonctionnelle&nbsp;<br><br></li></ul>',NULL,200,1,1,'f21849f7-78a7-44a0-828f-0c782cfe24a7','2025-02-19 10:06:52','2025-02-19 10:06:52'),(23,'Déploiement de l\'application Blog','<ol><li>Ateliers&nbsp;<ol><li>Atelier Linux</li><li>Atelier Réseaux LAN</li><li>Atelier Déploiement</li></ol></li></ol><p><br></p>','<ol><li>Réalisation d\'un atelier&nbsp;</li><li>Participation dans tous les ateliers</li><li>Déploiement de l\'application Blog sur Linux</li></ol>',NULL,5,1,1,'ce746922-9383-4acb-99e9-cb573b451cfc','2025-02-19 10:56:21','2025-02-19 10:56:21'),(25,'JSON','connecté formulaire au fichier JSON','Résultat',NULL,1,4,1,'3065729c-bc9d-4089-8c25-f49ff9d296c0','2025-02-21 09:54:57','2025-02-21 09:54:57'),(26,'Premier Brief Projet','Réaliser une page html','test',NULL,2,3,2,'41380de1-f33f-41ae-9e17-507bc0103640','2025-02-25 12:53:25','2025-02-25 12:53:25'),(27,'Connection database php/mysql','Connecter la page d\'authentification à la base de donnée','Live coding du code source',NULL,5,4,2,'b771e2b3-c9f0-42df-8463-244637f475ff','2025-02-25 14:45:22','2025-02-25 14:45:22'),(28,'Gestion d\'un blog','<ol><li>Multilingue</li><li>API</li><li>One Page&nbsp;</li><li>Classe Request</li><li>Unit Test</li><li>Sécurité</li></ol>','Une application exécutable sur un serveur Linux',NULL,5,1,1,'d292c616-a219-4407-82ed-23d9f1ac9cb5','2025-02-27 12:58:20','2025-02-27 14:48:53'),(29,'Gestion d\'un projet scrum','Gestion d\'un projet scrum','Gestion d\'un projet scrum',NULL,10,1,1,'4143f7a4-0b90-4e03-8c0c-95d6bd9dc5e8','2025-02-27 15:00:48','2025-02-27 15:00:48');
/*!40000 ALTER TABLE `projets` ENABLE KEYS */;
UNLOCK TABLES;

--
-- Table structure for table `realisation_projets`
--

DROP TABLE IF EXISTS `realisation_projets`;
/*!40101 SET @saved_cs_client     = @@character_set_client */;
/*!50503 SET character_set_client = utf8mb4 */;
CREATE TABLE `realisation_projets` (
  `id` bigint unsigned NOT NULL AUTO_INCREMENT,
  `date_debut` date NOT NULL,
  `date_fin` date DEFAULT NULL,
  `rapport` text CHARACTER SET utf8mb4 COLLATE utf8mb4_unicode_ci,
  `etats_realisation_projet_id` bigint unsigned DEFAULT NULL,
  `apprenant_id` bigint unsigned NOT NULL,
  `affectation_projet_id` bigint unsigned NOT NULL,
  `reference` varchar(255) CHARACTER SET utf8mb4 COLLATE utf8mb4_unicode_ci NOT NULL,
  `created_at` timestamp NULL DEFAULT NULL,
  `updated_at` timestamp NULL DEFAULT NULL,
  PRIMARY KEY (`id`),
  UNIQUE KEY `realisation_projets_reference_unique` (`reference`),
  KEY `realisation_projets_etats_realisation_projet_id_foreign` (`etats_realisation_projet_id`),
  KEY `realisation_projets_apprenant_id_foreign` (`apprenant_id`),
  KEY `realisation_projets_affectation_projet_id_foreign` (`affectation_projet_id`),
  CONSTRAINT `realisation_projets_affectation_projet_id_foreign` FOREIGN KEY (`affectation_projet_id`) REFERENCES `affectation_projets` (`id`) ON DELETE CASCADE,
  CONSTRAINT `realisation_projets_apprenant_id_foreign` FOREIGN KEY (`apprenant_id`) REFERENCES `apprenants` (`id`),
  CONSTRAINT `realisation_projets_etats_realisation_projet_id_foreign` FOREIGN KEY (`etats_realisation_projet_id`) REFERENCES `etats_realisation_projets` (`id`)
) ENGINE=InnoDB AUTO_INCREMENT=173 DEFAULT CHARSET=utf8mb4 COLLATE=utf8mb4_unicode_ci;
/*!40101 SET character_set_client = @saved_cs_client */;

--
-- Dumping data for table `realisation_projets`
--

LOCK TABLES `realisation_projets` WRITE;
/*!40000 ALTER TABLE `realisation_projets` DISABLE KEYS */;
INSERT INTO `realisation_projets` VALUES (20,'2024-12-01','2025-05-01','-&nbsp;<a class=\"prc-Link-Link-85e08\" role=\"button\" href=\"https://github.com/AyoubBakali07/UI_UX_Design/issues/12\" target=\"_blank\" rel=\"noreferrer\" tabindex=\"0\" style=\"background-color: rgb(255, 255, 255); color: var(--fgColor-accent,var(--color-accent-fg)); font-family: -apple-system, BlinkMacSystemFont, &quot;Segoe UI&quot;, &quot;Noto Sans&quot;, Helvetica, Arial, sans-serif, &quot;Apple Color Emoji&quot;, &quot;Segoe UI Emoji&quot;; font-size: 14px;\"><h3 class=\"d-inline f5 text-normal\" style=\"margin-bottom: 0px; font-size: var(--h5-size, 14px) !important; font-weight: var(--base-text-weight-normal, 400) !important;\"><span class=\"Box-sc-g0xbh4-0 imlGlw prc-Text-Text-0ima0\" style=\"color: var(--fgColor-default,var(--color-fg-default,#1F2328));\">Analyse technique</span></h3></a>&nbsp;à pris largement de temps',17,1,2,'4b36a594-c5ea-4d97-a64f-b5f31729ec31','2025-02-19 10:17:34','2025-02-28 09:26:58'),(21,'2024-12-01','2025-05-01','- Erreur 404',1,2,2,'fea7f665-1a55-4e48-b0a7-3295c1f5d536','2025-02-19 10:17:34','2025-02-27 12:31:45'),(22,'2024-12-01','2025-05-01','-&nbsp;<a class=\"prc-Link-Link-85e08\" role=\"button\" href=\"https://github.com/TamraouiAbdelouahab/FileRouge02/issues/4\" target=\"_blank\" rel=\"noreferrer\" tabindex=\"0\" style=\"background-color: rgb(255, 255, 255); color: var(--fgColor-accent,var(--color-accent-fg)); font-family: -apple-system, BlinkMacSystemFont, &quot;Segoe UI&quot;, &quot;Noto Sans&quot;, Helvetica, Arial, sans-serif, &quot;Apple Color Emoji&quot;, &quot;Segoe UI Emoji&quot;; font-size: 14px;\"><h3 class=\"d-inline f5 text-normal\" style=\"margin-bottom: 0px; font-size: var(--h5-size, 14px) !important; font-weight: var(--base-text-weight-normal, 400) !important;\"><span class=\"Box-sc-g0xbh4-0 imlGlw prc-Text-Text-0ima0\" style=\"color: var(--fgColor-default,var(--color-fg-default,#1F2328));\">Diagramme de classe</span></h3></a>&nbsp;ne doit pas être en validation, j\'attend le résultat de branche technique',17,3,2,'5f616e4f-6535-4d25-9c06-5ed6407184e0','2025-02-19 10:17:34','2025-02-28 09:12:52'),(23,'2024-12-01','2025-05-01','- Vous n\'avez pas le livrable : Gestion de projet',1,4,2,'6df9577f-18a5-4a26-b739-09659c67e69d','2025-02-19 10:17:34','2025-03-03 10:08:42'),(24,'2024-12-01','2025-05-01','- la gestion des tâches doit prend la forme de Kanban',1,5,2,'08b290e2-53cf-4762-96e3-d945aea906e0','2025-02-19 10:17:34','2025-02-27 12:47:17'),(25,'2024-12-01','2025-05-01','- Vous n\'avez pas le livrable : Gestion de projet',1,6,2,'2228faf1-8076-4938-9dfa-64e3aee1e273','2025-02-19 10:17:34','2025-02-28 10:07:05'),(26,'2024-12-01','2025-05-01','- La gestion des tâches doit prend la forme de Kanban',1,7,2,'1efd99e7-9738-4566-9873-5d8a4386719e','2025-02-19 10:17:34','2025-02-28 09:29:17'),(27,'2024-12-01','2025-05-01',NULL,1,8,2,'e1aa1771-dd94-4362-8652-c3a126e8d26f','2025-02-19 10:17:34','2025-02-26 09:18:13'),(28,'2024-12-01','2025-05-01','<br>',1,9,2,'705b6717-3b87-4dd2-85a3-72ee6bcf2974','2025-02-19 10:17:34','2025-02-27 13:06:32'),(29,'2024-12-01','2025-05-01','- Diagramme de classe ne doit pas être en validation, j\'attend le résultat de branche technique',1,10,2,'4b452846-3d6a-4fde-b798-1aa6d226b31f','2025-02-19 10:17:34','2025-03-03 09:29:27'),(30,'2024-12-01','2025-05-01','- Vous n\'avez pas la colonnes En validation dans la gestion des tâches',1,11,2,'08e55554-f067-4856-8691-c1855d3e53ae','2025-02-19 10:17:34','2025-03-03 10:46:48'),(31,'2024-12-01','2025-05-01','<p>                <a class=\"prc-Link-Link-85e08\" role=\"button\" href=\"https://github.com/users/bardichoussama/projects/7/views/1#\" target=\"_blank\" rel=\"noreferrer\" tabindex=\"0\" style=\"background-color: rgb(255, 255, 255); color: var(--fgColor-accent,var(--color-accent-fg)); font-family: -apple-system, BlinkMacSystemFont, &quot;Segoe UI&quot;, &quot;Noto Sans&quot;, Helvetica, Arial, sans-serif, &quot;Apple Color Emoji&quot;, &quot;Segoe UI Emoji&quot;; font-size: 14px;\"></a></p><font color=\"#1f2328\" face=\"-apple-system, BlinkMacSystemFont, Segoe UI, Noto Sans, Helvetica, Arial, sans-serif, Apple Color Emoji, Segoe UI Emoji\"><span style=\"font-size: 14px;\">- Vous ne devez pas avoir deux atelier encours</span></font><p>\r\n            </p>',1,12,2,'ea5f2d40-e90d-457a-9366-f5757e6a888c','2025-02-19 10:17:34','2025-02-28 10:11:46'),(32,'2024-12-01','2025-05-01','- La gestion des tâches doit être individuel',1,13,2,'093e8740-39d1-4321-b306-f5da4b4234a3','2025-02-19 10:17:34','2025-02-27 12:55:05'),(33,'2024-12-01','2025-05-01','<br>',1,14,2,'f9312291-58dd-4b15-a3a3-92a657c8599f','2025-02-19 10:17:34','2025-02-27 11:46:48'),(34,'2024-12-01','2025-05-01','Erreur 404',19,15,2,'6373acf6-7b6a-48ca-a4db-87034be78563','2025-02-19 10:17:34','2025-02-27 09:50:04'),(35,'2024-12-01','2025-05-01','<br>',1,16,2,'3f6457be-c0eb-4e17-b5df-c65412472364','2025-02-19 10:17:34','2025-03-03 10:17:27'),(36,'2024-12-01','2025-05-01',NULL,NULL,34,2,'656d7afa-3532-4247-9f6f-918e16755304','2025-02-19 10:17:34','2025-02-19 10:17:34'),(37,'2024-12-01','2025-05-01','- La gestion des tâches doit être individuel',1,79,2,'0869a5e9-a94b-4b75-827b-ad2568143fc6','2025-02-19 10:17:34','2025-02-27 10:12:35'),(38,'2024-12-01','2025-05-01','- Vous n\'avez pas le livrable : Gestion de projet',19,85,2,'eeb7c05c-50d4-4d78-bcc4-a1ee7c5af714','2025-02-19 10:17:34','2025-02-27 09:34:47'),(58,'2025-02-17','2025-02-21',NULL,17,1,4,'92996298-5aa6-47a4-9c48-0414fae787f1','2025-02-19 10:56:48','2025-02-28 09:05:28'),(59,'2025-02-17','2025-02-21',NULL,NULL,2,4,'d32a250e-8f4d-4aa1-b872-a62c1211371b','2025-02-19 10:56:48','2025-02-19 10:56:48'),(60,'2025-02-17','2025-02-21',NULL,1,3,4,'1cb20b72-e91f-472c-8beb-e06ab9da7340','2025-02-19 10:56:48','2025-02-28 10:01:37'),(61,'2025-02-17','2025-02-21',NULL,1,4,4,'71d544b2-295f-4e9c-9139-e848f426355b','2025-02-19 10:56:48','2025-03-03 10:16:00'),(62,'2025-02-17','2025-02-21',NULL,NULL,5,4,'d2a82c01-bace-4889-9f2f-d851b2ef72e9','2025-02-19 10:56:48','2025-02-19 10:56:48'),(63,'2025-02-17','2025-02-21',NULL,NULL,6,4,'43d5896f-fca6-4644-856f-2af37fb85da9','2025-02-19 10:56:48','2025-02-19 10:56:48'),(64,'2025-02-17','2025-02-21',NULL,17,7,4,'abdade3c-cd8e-4282-a730-fccf32432f64','2025-02-19 10:56:48','2025-02-28 09:43:32'),(65,'2025-02-17','2025-02-21',NULL,1,8,4,'2661a297-e689-482d-beca-ac1d58a7061e','2025-02-19 10:56:48','2025-02-20 10:51:34'),(66,'2025-02-17','2025-02-21',NULL,1,9,4,'41c7144f-bb40-431e-a502-28b29d36269c','2025-02-19 10:56:48','2025-02-26 09:37:16'),(67,'2025-02-17','2025-02-21',NULL,17,10,4,'217797c9-ca6d-469a-abc1-8ce3132bbf23','2025-02-19 10:56:49','2025-02-28 09:11:01'),(68,'2025-02-17','2025-02-21',NULL,NULL,11,4,'8086f656-d24b-4fd9-b2ce-393ad2aca1a9','2025-02-19 10:56:49','2025-02-19 10:56:49'),(69,'2025-02-17','2025-02-21',NULL,17,12,4,'3ed3c678-9789-4962-a56f-84e989c6a0e0','2025-02-19 10:56:49','2025-03-03 10:20:13'),(70,'2025-02-17','2025-02-21',NULL,NULL,13,4,'7146f54f-b1d9-4283-b0c0-b2e65b07319d','2025-02-19 10:56:49','2025-02-19 10:56:49'),(71,'2025-02-17','2025-02-21',NULL,1,14,4,'61b314e5-62f0-4f85-9090-deefda19e350','2025-02-19 10:56:49','2025-02-20 07:52:14'),(72,'2025-02-17','2025-02-21',NULL,NULL,15,4,'ac80a1c5-2a9d-4145-8e64-2dfe3ae0e0a5','2025-02-19 10:56:49','2025-02-19 10:56:49'),(73,'2025-02-17','2025-02-21',NULL,NULL,16,4,'35057d1c-d986-4b29-9940-ef2a427caaa2','2025-02-19 10:56:49','2025-02-19 10:56:49'),(74,'2025-02-17','2025-02-21',NULL,NULL,34,4,'835da8cf-ba7a-452d-9607-2d5eefdf2720','2025-02-19 10:56:49','2025-02-19 10:56:49'),(75,'2025-02-17','2025-02-21',NULL,1,79,4,'c40b5318-be86-4441-8a76-c9b3c7a301ff','2025-02-19 10:56:49','2025-02-24 10:37:13'),(76,'2025-02-17','2025-02-21',NULL,17,85,4,'c285ea4e-8863-4668-8c7f-a38baa2b87e1','2025-02-19 10:56:49','2025-02-27 16:50:07'),(96,'2025-02-21','2025-03-01',NULL,NULL,18,6,'7a34a9ff-2374-4135-8f9d-e0bb3cfe0850','2025-02-21 10:02:15','2025-02-21 10:02:15'),(97,'2025-02-21','2025-03-01',NULL,NULL,20,6,'e8d63fde-43fd-4672-b1a0-c9c87b033f40','2025-02-21 10:02:15','2025-02-21 10:02:15'),(98,'2025-02-21','2025-03-01',NULL,NULL,23,6,'a03473ae-1234-4c4c-b2e7-44260850c920','2025-02-21 10:02:15','2025-02-21 10:02:15'),(99,'2025-02-21','2025-03-01',NULL,NULL,28,6,'210652dd-1d91-4261-9cc4-92d53f802504','2025-02-21 10:02:15','2025-02-21 10:02:15'),(100,'2025-02-21','2025-03-01',NULL,NULL,36,6,'f87c6aeb-d18e-4440-bddc-abd9f3189598','2025-02-21 10:02:15','2025-02-21 10:02:15'),(101,'2025-02-21','2025-03-01',NULL,NULL,39,6,'618dd552-6893-4222-8187-c51392a38ae1','2025-02-21 10:02:15','2025-02-21 10:02:15'),(102,'2025-02-21','2025-03-01',NULL,NULL,43,6,'e7a8c320-5ecf-4c68-b78d-84eec04359f4','2025-02-21 10:02:15','2025-02-21 10:02:15'),(103,'2025-02-21','2025-03-01',NULL,NULL,46,6,'e367f4df-dc85-4b64-8442-cb71b0f7e70e','2025-02-21 10:02:15','2025-02-21 10:02:15'),(104,'2025-02-21','2025-03-01',NULL,NULL,51,6,'3aa69674-557b-4532-aa82-627a9293e3a1','2025-02-21 10:02:15','2025-02-21 10:02:15'),(105,'2025-02-21','2025-03-01',NULL,NULL,56,6,'4a1bb028-1411-475f-aaba-129bda86680f','2025-02-21 10:02:15','2025-02-21 10:02:15'),(106,'2025-02-21','2025-03-01',NULL,NULL,59,6,'b87d5f4c-0f81-4869-b851-12d2fca17628','2025-02-21 10:02:15','2025-02-21 10:02:15'),(107,'2025-02-21','2025-03-01',NULL,NULL,63,6,'e826d4bb-80a7-4f96-9c60-537949ff1142','2025-02-21 10:02:15','2025-02-21 10:02:15'),(108,'2025-02-21','2025-03-01',NULL,NULL,65,6,'8aef409e-4548-4e38-acb5-eb53663d3040','2025-02-21 10:02:15','2025-02-21 10:02:15'),(109,'2025-02-21','2025-03-01',NULL,NULL,70,6,'7afc13f0-9e8e-4178-8530-1694cd284a09','2025-02-21 10:02:15','2025-02-21 10:02:15'),(110,'2025-02-21','2025-03-01',NULL,NULL,73,6,'97ebf725-db11-47ed-834b-7d80f4a9c3e2','2025-02-21 10:02:15','2025-02-21 10:02:15'),(111,'2025-02-21','2025-03-01',NULL,NULL,76,6,'f3ad1859-b6f5-4c68-8df4-8a9278ff7a11','2025-02-21 10:02:15','2025-02-21 10:02:15'),(112,'2025-02-21','2025-03-01',NULL,NULL,77,6,'76174d59-4e66-4a5d-8195-9e003b808b62','2025-02-21 10:02:15','2025-02-21 10:02:15'),(113,'2025-02-21','2025-03-01',NULL,NULL,82,6,'fdc1b159-2a64-4c9d-a18d-d09ccea8c504','2025-02-21 10:02:15','2025-02-21 10:02:15'),(114,'2025-02-21','2025-03-01',NULL,NULL,94,6,'260b212b-76e1-4551-a173-57667b4ab30a','2025-02-21 10:02:15','2025-02-21 10:02:15'),(115,'2025-02-21','2025-03-01',NULL,NULL,95,6,'c77baa0f-8efa-4a54-8336-1a3bd7e15759','2025-02-21 10:02:15','2025-02-21 10:02:15'),(116,'2025-02-25','2025-02-26',NULL,NULL,24,7,'fde19cab-1090-49ab-9123-a91bbad77065','2025-02-25 12:56:04','2025-02-25 12:56:04'),(117,'2025-02-25','2025-02-26',NULL,NULL,27,7,'85c3c183-690b-4bd9-ac7b-a695b7274f50','2025-02-25 12:56:04','2025-02-25 12:56:04'),(118,'2025-02-25','2025-02-26',NULL,NULL,29,7,'1e6c1432-2a3e-4360-bf1b-e77b65e350b6','2025-02-25 12:56:04','2025-02-25 12:56:04'),(119,'2025-02-25','2025-02-26',NULL,NULL,30,7,'61874907-5144-4b75-a998-d5b5e9f3ab82','2025-02-25 12:56:04','2025-02-25 12:56:04'),(120,'2025-02-25','2025-02-26',NULL,NULL,32,7,'df0dccf8-2bb2-4d6d-af55-c15247cb3439','2025-02-25 12:56:04','2025-02-25 12:56:04'),(121,'2025-02-25','2025-02-26',NULL,NULL,40,7,'ce24716f-723a-4859-945d-54169a640c2d','2025-02-25 12:56:04','2025-02-25 12:56:04'),(122,'2025-02-25','2025-02-26',NULL,NULL,44,7,'4d09e8b0-ddaf-47ea-9a9c-ffbe5b4f587d','2025-02-25 12:56:04','2025-02-25 12:56:04'),(123,'2025-02-25','2025-02-26',NULL,NULL,48,7,'c66f74c2-019c-4bc4-85c1-6a94adcb6a21','2025-02-25 12:56:04','2025-02-25 12:56:04'),(124,'2025-02-25','2025-02-26',NULL,NULL,49,7,'cbdb2865-c1b8-4428-b1ca-3511649b2fe2','2025-02-25 12:56:04','2025-02-25 12:56:04'),(125,'2025-02-25','2025-02-26',NULL,NULL,61,7,'2b19e367-3ff5-45e1-9210-02b92224f371','2025-02-25 12:56:04','2025-02-25 12:56:04'),(126,'2025-02-25','2025-02-26',NULL,NULL,64,7,'2955ad01-bdd7-41b3-bc63-6470ce612b34','2025-02-25 12:56:04','2025-02-25 12:56:04'),(127,'2025-02-25','2025-02-26',NULL,NULL,67,7,'5db9a72c-9165-42d7-84ff-947b56e933d0','2025-02-25 12:56:04','2025-02-25 12:56:04'),(128,'2025-02-25','2025-02-26',NULL,NULL,68,7,'82e107cc-4291-4739-bb2b-8f0f414b3a41','2025-02-25 12:56:04','2025-02-25 12:56:04'),(129,'2025-02-25','2025-02-26',NULL,NULL,80,7,'d623f7a2-828d-4408-a73a-83f417196d6c','2025-02-25 12:56:04','2025-02-25 12:56:04'),(130,'2025-02-25','2025-02-26',NULL,NULL,81,7,'b1d4edb1-404a-4fd2-ae87-21ec8ecf5d73','2025-02-25 12:56:04','2025-02-25 12:56:04'),(131,'2025-02-25','2025-02-26',NULL,NULL,83,7,'6729821e-2726-4ab4-bb77-8525701fe07e','2025-02-25 12:56:04','2025-02-25 12:56:04'),(132,'2025-02-25','2025-02-26',NULL,NULL,86,7,'6987ff97-42d8-4253-a6c8-b931c05a00c7','2025-02-25 12:56:04','2025-02-25 12:56:04'),(133,'2025-02-25','2025-02-26',NULL,NULL,91,7,'38127933-590f-4689-b0a8-592b9cbb03b4','2025-02-25 12:56:04','2025-02-25 12:56:04'),(134,'2025-02-25','2025-02-25',NULL,NULL,18,8,'e537e362-b6b8-4643-9595-ce26c76c9edb','2025-02-25 14:51:03','2025-02-25 14:51:03'),(135,'2025-02-25','2025-02-25',NULL,NULL,20,8,'6042c8ff-e483-484a-ad09-d818f029d76b','2025-02-25 14:51:04','2025-02-25 14:51:04'),(136,'2025-02-25','2025-02-25',NULL,NULL,23,8,'1672e09a-55d9-4b71-b898-c31a7c87cbe0','2025-02-25 14:51:04','2025-02-25 14:51:04'),(137,'2025-02-25','2025-02-25',NULL,NULL,28,8,'4cb6259c-09db-46ac-9dc9-704d8bc24828','2025-02-25 14:51:04','2025-02-25 14:51:04'),(138,'2025-02-25','2025-02-25',NULL,NULL,36,8,'abdceae7-011b-486a-b063-4bb1290cfb38','2025-02-25 14:51:04','2025-02-25 14:51:04'),(139,'2025-02-25','2025-02-25',NULL,NULL,39,8,'2dd96f96-6f28-454e-8b8b-122700c4da1b','2025-02-25 14:51:04','2025-02-25 14:51:04'),(140,'2025-02-25','2025-02-25',NULL,NULL,43,8,'391b9b33-7da7-4148-a8e6-89226e337ab0','2025-02-25 14:51:04','2025-02-25 14:51:04'),(141,'2025-02-25','2025-02-25',NULL,NULL,46,8,'7f05bfe3-d2e1-4cc5-a01e-f452b3d85c51','2025-02-25 14:51:04','2025-02-25 14:51:04'),(142,'2025-02-25','2025-02-25',NULL,NULL,51,8,'b0595103-a1cd-4d34-8b7f-392d30844eea','2025-02-25 14:51:04','2025-02-25 14:51:04'),(143,'2025-02-25','2025-02-25',NULL,NULL,56,8,'c945eb94-90c3-4a8d-8e90-ec2d3e407f84','2025-02-25 14:51:04','2025-02-25 14:51:04'),(144,'2025-02-25','2025-02-25',NULL,NULL,59,8,'45cb1efd-cceb-4c69-a80c-5740c391c6b3','2025-02-25 14:51:04','2025-02-25 14:51:04'),(145,'2025-02-25','2025-02-25',NULL,NULL,63,8,'c5db9e06-dbb7-4dd0-bf14-3da28197f6e9','2025-02-25 14:51:04','2025-02-25 14:51:04'),(146,'2025-02-25','2025-02-25',NULL,NULL,65,8,'039e098e-6a47-4289-be82-840bdb76bd9a','2025-02-25 14:51:04','2025-02-25 14:51:04'),(147,'2025-02-25','2025-02-25',NULL,NULL,70,8,'06f8c4c4-c100-44ad-8df0-6d7440396c94','2025-02-25 14:51:04','2025-02-25 14:51:04'),(148,'2025-02-25','2025-02-25',NULL,NULL,73,8,'4494267b-4296-4daa-b373-96affba8ea4d','2025-02-25 14:51:04','2025-02-25 14:51:04'),(149,'2025-02-25','2025-02-25',NULL,NULL,76,8,'095e8d10-1ffe-4362-93ed-9f538098f8f1','2025-02-25 14:51:04','2025-02-25 14:51:04'),(150,'2025-02-25','2025-02-25',NULL,NULL,77,8,'f6558fe5-8dd3-46cb-9342-7a53dba1183b','2025-02-25 14:51:04','2025-02-25 14:51:04'),(151,'2025-02-25','2025-02-25',NULL,NULL,82,8,'dd4c5a02-aa3e-4a12-bd86-846355a65122','2025-02-25 14:51:04','2025-02-25 14:51:04'),(152,'2025-02-25','2025-02-25',NULL,NULL,94,8,'b7bcd8bf-d009-4858-8be5-c151f1012dc4','2025-02-25 14:51:04','2025-02-25 14:51:04'),(153,'2025-02-25','2025-02-25',NULL,NULL,95,8,'294fe658-ce18-4ceb-b3c7-83b53f164909','2025-02-25 14:51:04','2025-02-25 14:51:04'),(154,'2025-02-27','2025-03-31',NULL,1,1,9,'19cbcf44-d4ee-40a2-bd09-3fa3528f427f','2025-02-27 13:06:57','2025-02-28 09:10:22'),(155,'2025-02-27','2025-03-31',NULL,20,2,9,'7f37e0ea-cbe1-4387-8491-594e90cd2844','2025-02-27 13:06:57','2025-03-03 10:16:27'),(156,'2025-02-27','2025-03-31',NULL,17,3,9,'5bea92d3-eedd-4783-beb6-fb1a3b4b565f','2025-02-27 13:06:57','2025-02-28 10:01:31'),(157,'2025-02-27','2025-03-31',NULL,1,4,9,'55548b84-31c3-400c-a2d0-10cfe68b19cf','2025-02-27 13:06:57','2025-03-03 10:54:50'),(158,'2025-02-27','2025-03-31',NULL,1,5,9,'738b6082-6561-4ba5-bdf3-cd907708dfeb','2025-02-27 13:06:57','2025-03-03 10:20:23'),(159,'2025-02-27','2025-03-31',NULL,20,6,9,'b439f757-2f76-4877-b329-fafe284edc29','2025-02-27 13:06:57','2025-03-03 10:17:27'),(160,'2025-02-27','2025-03-31','<span data-sheets-root=\"1\" style=\"color: rgb(0, 0, 0); font-size: 10pt; font-family: Arial;\">- La gestion des tâches doit prend la forme de Kanban</span>',20,7,9,'dc5251bb-f99e-458e-a42f-05ed9f11809a','2025-02-27 13:06:57','2025-03-03 10:17:36'),(161,'2025-02-27','2025-03-31',NULL,1,8,9,'3081cc8f-0411-4188-ba2e-c4ae59f1704f','2025-02-27 13:06:57','2025-03-03 09:19:04'),(162,'2025-02-27','2025-03-31',NULL,1,9,9,'f5cec703-70ef-4ea1-9b5d-bf8ee59338be','2025-02-27 13:06:57','2025-02-28 09:26:36'),(163,'2025-02-27','2025-03-31','- Erreur 4040',1,10,9,'8512e4a2-acd3-4fee-b8b9-9ca2dd8f2d96','2025-02-27 13:06:57','2025-03-03 09:25:58'),(164,'2025-02-27','2025-03-31',NULL,NULL,11,9,'74f1d9ec-7772-4d3c-82d8-4fbdc78bed4f','2025-02-27 13:06:57','2025-02-27 13:06:57'),(165,'2025-02-27','2025-03-31',NULL,1,12,9,'95882ff0-3cb2-4194-9308-15da34120410','2025-02-27 13:06:57','2025-03-03 10:19:34'),(166,'2025-02-27','2025-03-31',NULL,1,13,9,'9ea14560-3248-4fda-bc04-bf991e929f6a','2025-02-27 13:06:57','2025-02-28 09:27:53'),(167,'2025-02-27','2025-03-31',NULL,1,14,9,'e8df519e-2fc5-49ff-9425-8d9a90745804','2025-02-27 13:06:57','2025-02-27 15:03:10'),(168,'2025-02-27','2025-03-31',NULL,1,15,9,'a6b4072e-fce7-4d46-9728-b3644b304ffe','2025-02-27 13:06:57','2025-03-03 10:19:22'),(169,'2025-02-27','2025-03-31',NULL,1,16,9,'4d25cd69-9b3f-491b-a2da-d11a5ca96a95','2025-02-27 13:06:57','2025-02-27 15:10:43'),(170,'2025-02-27','2025-03-31',NULL,20,34,9,'b3e7322b-0480-4fbb-86cc-5f9237fe47b7','2025-02-27 13:06:57','2025-03-03 10:09:15'),(171,'2025-02-27','2025-03-31',NULL,1,79,9,'f2ff3577-8b40-4407-819d-56076fbd7b15','2025-02-27 13:06:57','2025-03-03 10:18:15'),(172,'2025-02-27','2025-03-31',NULL,1,85,9,'dbbeb11d-0acf-4504-aef6-d4b2e26dcae9','2025-02-27 13:06:57','2025-02-27 16:50:14');
/*!40000 ALTER TABLE `realisation_projets` ENABLE KEYS */;
UNLOCK TABLES;

--
-- Table structure for table `realisation_taches`
--

DROP TABLE IF EXISTS `realisation_taches`;
/*!40101 SET @saved_cs_client     = @@character_set_client */;
/*!50503 SET character_set_client = utf8mb4 */;
CREATE TABLE `realisation_taches` (
  `id` bigint unsigned NOT NULL AUTO_INCREMENT,
  `dateDebut` datetime DEFAULT NULL,
  `dateFin` datetime DEFAULT NULL,
  `reference` varchar(255) COLLATE utf8mb4_unicode_ci NOT NULL,
  `tache_id` bigint unsigned NOT NULL,
  `realisation_projet_id` bigint unsigned NOT NULL,
  `etat_realisation_tache_id` bigint unsigned DEFAULT NULL,
  `created_at` timestamp NULL DEFAULT NULL,
  `updated_at` timestamp NULL DEFAULT NULL,
  PRIMARY KEY (`id`),
  UNIQUE KEY `realisation_taches_reference_unique` (`reference`),
  KEY `realisation_taches_tache_id_foreign` (`tache_id`),
  KEY `realisation_taches_realisation_projet_id_foreign` (`realisation_projet_id`),
  KEY `realisation_taches_etat_realisation_tache_id_foreign` (`etat_realisation_tache_id`),
  CONSTRAINT `realisation_taches_etat_realisation_tache_id_foreign` FOREIGN KEY (`etat_realisation_tache_id`) REFERENCES `etat_realisation_taches` (`id`) ON DELETE SET NULL,
  CONSTRAINT `realisation_taches_realisation_projet_id_foreign` FOREIGN KEY (`realisation_projet_id`) REFERENCES `realisation_projets` (`id`) ON DELETE CASCADE,
  CONSTRAINT `realisation_taches_tache_id_foreign` FOREIGN KEY (`tache_id`) REFERENCES `taches` (`id`) ON DELETE CASCADE
) ENGINE=InnoDB AUTO_INCREMENT=115 DEFAULT CHARSET=utf8mb4 COLLATE=utf8mb4_unicode_ci;
/*!40101 SET character_set_client = @saved_cs_client */;

--
-- Dumping data for table `realisation_taches`
--

LOCK TABLES `realisation_taches` WRITE;
/*!40000 ALTER TABLE `realisation_taches` DISABLE KEYS */;
INSERT INTO `realisation_taches` VALUES (1,NULL,NULL,'1570b39e-ea10-40d3-89f6-4c014bb78c9b',1,20,3,'2025-03-03 09:49:26','2025-03-03 10:22:26'),(2,NULL,NULL,'27583d6d-a309-43a6-91ad-10e7d50bfd2f',1,21,NULL,'2025-03-03 09:49:26','2025-03-03 09:49:26'),(3,NULL,NULL,'e6be0d64-4336-426b-b9eb-e77532865e0f',1,22,NULL,'2025-03-03 09:49:26','2025-03-03 09:49:26'),(4,NULL,NULL,'6de142a6-7c27-4c83-9704-1a16565c79b6',1,23,NULL,'2025-03-03 09:49:26','2025-03-03 09:49:26'),(5,NULL,NULL,'bda7bc71-535c-4c06-9f03-5bc846714c03',1,24,NULL,'2025-03-03 09:49:26','2025-03-03 09:49:26'),(6,NULL,NULL,'055c6982-0bc8-4304-a4d9-a18768c25ead',1,25,NULL,'2025-03-03 09:49:26','2025-03-03 09:49:26'),(7,NULL,NULL,'f4bcc881-e373-4e1e-993b-8117dfef18ac',1,26,NULL,'2025-03-03 09:49:26','2025-03-03 09:49:26'),(8,NULL,NULL,'7fc9781b-89ed-421a-84a7-f278578d4e85',1,27,3,'2025-03-03 09:49:26','2025-03-03 10:44:32'),(9,NULL,NULL,'09152646-5bd1-489b-989d-e7b3421f198a',1,28,3,'2025-03-03 09:49:26','2025-03-03 10:41:34'),(10,NULL,NULL,'1b6f3c88-d11c-4182-ad24-e463e1e7f0e0',1,29,1,'2025-03-03 09:49:26','2025-03-03 10:50:33'),(11,NULL,NULL,'2b53c5a0-7eb0-4a63-af23-ade6d5314b02',1,30,3,'2025-03-03 09:49:26','2025-03-03 10:45:42'),(12,NULL,NULL,'1c4245db-9493-45e3-890d-afc58b368f70',1,31,3,'2025-03-03 09:49:26','2025-03-03 10:42:31'),(13,NULL,NULL,'6629cedd-2204-4a9c-be72-a7f5e99750e3',1,32,3,'2025-03-03 09:49:26','2025-03-03 10:37:26'),(14,NULL,NULL,'9820b274-0d19-47bf-857b-d7faf11a8b5a',1,33,3,'2025-03-03 09:49:26','2025-03-03 10:23:34'),(15,NULL,NULL,'59494031-a1aa-4087-9769-492f715b3954',1,34,3,'2025-03-03 09:49:26','2025-03-03 10:38:35'),(16,NULL,NULL,'1613ac20-ce0d-4110-a013-2179eee1dbcf',1,35,3,'2025-03-03 09:49:26','2025-03-03 10:37:48'),(17,NULL,NULL,'1ddef992-ce71-4135-8d9e-4aa8bda2954e',1,36,1,'2025-03-03 09:49:26','2025-03-03 09:49:53'),(18,NULL,NULL,'1baa3be5-5111-4450-9b96-55173336a351',1,37,3,'2025-03-03 09:49:26','2025-03-03 10:37:31'),(19,NULL,NULL,'100a5ce8-7ced-4ed6-acb3-6dea7446c9c2',1,38,NULL,'2025-03-03 09:49:26','2025-03-03 09:49:26'),(20,NULL,NULL,'a78104d1-d65d-4e8d-919a-e39f7ab1445d',2,20,3,'2025-03-03 10:02:17','2025-03-03 10:36:50'),(21,NULL,NULL,'235e1d15-5fb0-40cc-ba12-1aef9c816716',2,21,NULL,'2025-03-03 10:02:17','2025-03-03 10:02:17'),(22,NULL,NULL,'6752e2cd-c4eb-451f-ac11-dfccd7a11d53',2,22,NULL,'2025-03-03 10:02:17','2025-03-03 10:02:17'),(23,NULL,NULL,'53eec047-dda9-454b-85bd-33e01e50e44e',2,23,NULL,'2025-03-03 10:02:17','2025-03-03 10:02:17'),(24,NULL,NULL,'50891bec-8462-4f9a-9155-5891b096dfcb',2,24,NULL,'2025-03-03 10:02:17','2025-03-03 10:02:17'),(25,NULL,NULL,'92132941-4d5e-4b30-b011-fe0d9df04879',2,25,NULL,'2025-03-03 10:02:17','2025-03-03 10:02:17'),(26,NULL,NULL,'1236e063-3a8f-408d-8703-dae60edb6b5a',2,26,NULL,'2025-03-03 10:02:17','2025-03-03 10:02:17'),(27,NULL,NULL,'a9d918d2-6323-487b-a1fd-d448c4fec708',2,27,3,'2025-03-03 10:02:17','2025-03-03 10:44:42'),(28,NULL,NULL,'34f15174-9ef0-4974-b459-71ac88573aab',2,28,3,'2025-03-03 10:02:17','2025-03-03 10:41:42'),(29,NULL,NULL,'05323635-0601-4108-be02-6cc9ff971f3f',2,29,1,'2025-03-03 10:02:17','2025-03-03 10:51:45'),(30,NULL,NULL,'762d1c4f-ec43-4127-ac93-50f5b2be8e25',2,30,3,'2025-03-03 10:02:17','2025-03-03 10:45:51'),(31,NULL,NULL,'70cfbec3-403b-40b2-831f-9978ecf5cb7d',2,31,NULL,'2025-03-03 10:02:17','2025-03-03 10:02:17'),(32,NULL,NULL,'87bc0d9a-5f95-4752-a77e-2bf8189b5e00',2,32,3,'2025-03-03 10:02:17','2025-03-03 10:37:34'),(33,NULL,NULL,'e7ce38c0-4fa1-4014-8982-c67e5dc4793c',2,33,3,'2025-03-03 10:02:17','2025-03-03 10:26:29'),(34,NULL,NULL,'6471e795-860f-4a4e-b73d-9af29ae04cea',2,34,3,'2025-03-03 10:02:17','2025-03-03 10:37:00'),(35,NULL,NULL,'17e612ba-d363-4f78-93c0-974b9547ec2a',2,35,3,'2025-03-03 10:02:17','2025-03-03 10:37:58'),(36,NULL,NULL,'d961cf95-f425-4f4f-a800-fe0b2d1c0771',2,36,NULL,'2025-03-03 10:02:17','2025-03-03 10:02:17'),(37,NULL,NULL,'06664c48-98a4-4435-9ab2-52d49b00a910',2,37,3,'2025-03-03 10:02:17','2025-03-03 10:36:50'),(38,NULL,NULL,'8704a1f2-09a8-442f-b9ad-d2ed8cf81807',2,38,NULL,'2025-03-03 10:02:17','2025-03-03 10:02:17'),(39,NULL,NULL,'e704df31-ef14-4ce7-afb3-507cadbe987c',3,20,1,'2025-03-03 10:02:54','2025-03-03 10:37:54'),(40,NULL,NULL,'723b9093-6e49-4ed1-ad69-15b3da3f3866',3,21,NULL,'2025-03-03 10:02:54','2025-03-03 10:02:54'),(41,NULL,NULL,'2453462a-5b1a-43f4-bd1c-90ecd7f4949c',3,22,NULL,'2025-03-03 10:02:54','2025-03-03 10:02:54'),(42,NULL,NULL,'b6e0e503-39d3-4ef2-86ec-823e7c223477',3,23,NULL,'2025-03-03 10:02:54','2025-03-03 10:02:54'),(43,NULL,NULL,'06de3fe6-ee93-4358-9c40-87b5e7619087',3,24,NULL,'2025-03-03 10:02:54','2025-03-03 10:02:54'),(44,NULL,NULL,'5f3a5590-4f73-48da-b3d8-25fada9c47f3',3,25,NULL,'2025-03-03 10:02:54','2025-03-03 10:02:54'),(45,NULL,NULL,'c66532e7-bf92-409b-8246-31e96bdad212',3,26,NULL,'2025-03-03 10:02:54','2025-03-03 10:02:54'),(46,NULL,NULL,'e320cd98-f52c-4999-9e56-e0584e54074a',3,27,1,'2025-03-03 10:02:54','2025-03-03 10:44:51'),(47,NULL,NULL,'e44fc44e-17d2-42fb-bf9e-1c3e682fafcf',3,28,NULL,'2025-03-03 10:02:54','2025-03-03 10:02:54'),(48,NULL,NULL,'29cde151-0cfb-4718-9cf1-b4e7d43aa324',3,29,6,'2025-03-03 10:02:54','2025-03-03 10:51:22'),(49,NULL,NULL,'6c53b107-6207-4f80-9990-3c5e5c069624',3,30,1,'2025-03-03 10:02:54','2025-03-03 10:46:01'),(50,NULL,NULL,'0230606e-0377-4353-88fc-cc7686d6bcc1',3,31,NULL,'2025-03-03 10:02:54','2025-03-03 10:02:54'),(51,NULL,NULL,'91a04bfb-613d-4d52-bda0-1a96505230cb',3,32,1,'2025-03-03 10:02:54','2025-03-03 10:38:12'),(52,NULL,NULL,'2bdbfbf4-899e-4ccb-95e2-ecd0ffb084fe',3,33,1,'2025-03-03 10:02:54','2025-03-03 10:26:37'),(53,NULL,NULL,'6c4d95aa-c086-459e-96e7-3d56e57f3e0e',3,34,1,'2025-03-03 10:02:54','2025-03-03 10:40:20'),(54,NULL,NULL,'5dd17909-0773-4bdb-a290-59a635b49959',3,35,1,'2025-03-03 10:02:54','2025-03-03 10:40:05'),(55,NULL,NULL,'42e0a897-a820-473b-b022-ca847e5e28c6',3,36,NULL,'2025-03-03 10:02:54','2025-03-03 10:02:54'),(56,NULL,NULL,'c60742ce-844a-419c-beb1-29561de79d63',3,37,NULL,'2025-03-03 10:02:54','2025-03-03 10:02:54'),(57,NULL,NULL,'5cfd5f19-ab3a-4736-9598-b17628cc84ab',3,38,NULL,'2025-03-03 10:02:54','2025-03-03 10:02:54'),(58,NULL,NULL,'12671ed2-81a1-4db5-8b84-9b2b2a1712dd',4,20,1,'2025-03-03 10:04:41','2025-03-03 10:38:16'),(59,NULL,NULL,'0d14177b-a174-4e09-b4d1-74abe4d229f7',4,21,NULL,'2025-03-03 10:04:41','2025-03-03 10:04:41'),(60,NULL,NULL,'02c2806d-aa09-44e6-a2bb-48a5c171e9d0',4,22,NULL,'2025-03-03 10:04:41','2025-03-03 10:04:41'),(61,NULL,NULL,'bd3aeac3-79af-42cb-8d58-0f62a61b6981',4,23,NULL,'2025-03-03 10:04:41','2025-03-03 10:04:41'),(62,NULL,NULL,'8b47a74c-f241-4ee7-8aab-6f7e29604e9c',4,24,NULL,'2025-03-03 10:04:41','2025-03-03 10:04:41'),(63,NULL,NULL,'cbe88f0c-7f25-4277-92d1-b858701df3e7',4,25,NULL,'2025-03-03 10:04:41','2025-03-03 10:04:41'),(64,NULL,NULL,'d68ee35f-e887-4371-9e66-57f5d3534b90',4,26,NULL,'2025-03-03 10:04:41','2025-03-03 10:04:41'),(65,NULL,NULL,'d615ce7a-58fd-4dfd-ac45-8765ab9af125',4,27,NULL,'2025-03-03 10:04:41','2025-03-03 10:04:41'),(66,NULL,NULL,'6ccea0c5-d459-4c2e-bd03-a6342e36afd0',4,28,3,'2025-03-03 10:04:41','2025-03-03 10:54:35'),(67,NULL,NULL,'30b06130-9d94-4d24-818e-4e1e2d6721b5',4,29,3,'2025-03-03 10:04:41','2025-03-03 10:46:14'),(68,NULL,NULL,'afcdeda3-8bd6-4f75-ab2f-3f249a3ab9fa',4,30,1,'2025-03-03 10:04:41','2025-03-03 10:46:08'),(69,NULL,NULL,'de9d9214-a458-4182-9231-36e69e0b13bf',4,31,NULL,'2025-03-03 10:04:41','2025-03-03 10:04:41'),(70,NULL,NULL,'f68ff33a-3333-4735-8856-67aae607dae5',4,32,3,'2025-03-03 10:04:41','2025-03-03 10:39:58'),(71,NULL,NULL,'de4f9e86-2595-436d-87f6-4ea56debfe83',4,33,3,'2025-03-03 10:04:41','2025-03-03 10:23:54'),(72,NULL,NULL,'66d55c26-db5b-4342-bc5e-ee36f8b794df',4,34,NULL,'2025-03-03 10:04:41','2025-03-03 10:04:41'),(73,NULL,NULL,'b2e86d11-577c-4ef8-a13b-dfaf9ad0d7a8',4,35,1,'2025-03-03 10:04:41','2025-03-03 10:40:21'),(74,NULL,NULL,'4299996d-e87c-42af-8c91-f3d16fecbee6',4,36,NULL,'2025-03-03 10:04:41','2025-03-03 10:04:41'),(75,NULL,NULL,'7bd228c5-c4b8-4ae1-b937-edcb3f7f7696',4,37,1,'2025-03-03 10:04:41','2025-03-03 10:36:05'),(76,NULL,NULL,'7c9b8e5c-7268-4b22-b60c-07ef0355d5df',4,38,NULL,'2025-03-03 10:04:41','2025-03-03 10:04:41'),(77,NULL,NULL,'e5f6236f-247b-466b-99bc-4848753b14b0',5,20,NULL,'2025-03-03 10:05:05','2025-03-03 10:05:05'),(78,NULL,NULL,'e1fc0a28-a817-4fad-8420-1b3bcd879806',5,21,NULL,'2025-03-03 10:05:05','2025-03-03 10:05:05'),(79,NULL,NULL,'04bb9ee4-032c-405c-837a-ea991553fbcb',5,22,NULL,'2025-03-03 10:05:05','2025-03-03 10:05:05'),(80,NULL,NULL,'fa936c10-b787-417e-8338-17d1b056dd72',5,23,NULL,'2025-03-03 10:05:05','2025-03-03 10:05:05'),(81,NULL,NULL,'2d7d1f08-488b-43ed-b777-ebf121bbcd8b',5,24,NULL,'2025-03-03 10:05:05','2025-03-03 10:05:05'),(82,NULL,NULL,'8d1f878f-9aac-4a01-8f1f-20c047920ea2',5,25,NULL,'2025-03-03 10:05:05','2025-03-03 10:05:05'),(83,NULL,NULL,'e31d362b-25c2-4707-b607-63b6e11559cb',5,26,NULL,'2025-03-03 10:05:05','2025-03-03 10:05:05'),(84,NULL,NULL,'efc4aff3-697c-4b8f-8452-856c6b957e56',5,27,NULL,'2025-03-03 10:05:05','2025-03-03 10:05:05'),(85,NULL,NULL,'d616240e-ebe8-44d9-bd8d-903a71094c8d',5,28,3,'2025-03-03 10:05:05','2025-03-03 10:54:44'),(86,NULL,NULL,'0c60cb34-b587-47da-9379-82cb8c9ad723',5,29,3,'2025-03-03 10:05:05','2025-03-03 10:46:25'),(87,NULL,NULL,'4035fae1-bf47-41f8-8cdd-2540c7b481cd',5,30,NULL,'2025-03-03 10:05:05','2025-03-03 10:05:05'),(88,NULL,NULL,'a0f04bf2-7f25-44b6-82cb-42f9a08c4807',5,31,NULL,'2025-03-03 10:05:05','2025-03-03 10:05:05'),(89,NULL,NULL,'1756442a-4d42-4c1e-b0da-b66d7a04346d',5,32,3,'2025-03-03 10:05:05','2025-03-03 10:38:41'),(90,NULL,NULL,'f47ab1dd-3c1f-4a8b-b1af-ad62e2778bd2',5,33,NULL,'2025-03-03 10:05:05','2025-03-03 10:05:05'),(91,NULL,NULL,'6fed2a7f-e705-4124-9ec0-f4f1e03be1e3',5,34,NULL,'2025-03-03 10:05:05','2025-03-03 10:05:05'),(92,NULL,NULL,'fc5135ae-e3f7-4811-8fe3-e7103ed2b862',5,35,NULL,'2025-03-03 10:05:05','2025-03-03 10:05:05'),(93,NULL,NULL,'c3f5fc3e-878d-476b-a91b-ffdb9ebc0d71',5,36,NULL,'2025-03-03 10:05:05','2025-03-03 10:05:05'),(94,NULL,NULL,'c49059c7-9de6-4f7d-a23b-03b31680fa43',5,37,1,'2025-03-03 10:05:05','2025-03-03 10:40:09'),(95,NULL,NULL,'6643b896-4821-48b9-9f41-6fb6a3a95909',5,38,NULL,'2025-03-03 10:05:05','2025-03-03 10:05:05'),(96,NULL,NULL,'529685dd-d825-4afe-ac77-cbc06535a4bb',6,20,NULL,'2025-03-03 10:06:15','2025-03-03 10:06:15'),(97,NULL,NULL,'4ad60913-4b6e-4ea2-a447-b439353bdf1f',6,21,NULL,'2025-03-03 10:06:15','2025-03-03 10:06:15'),(98,NULL,NULL,'75311a93-fd89-4638-9cfd-1278f5b5cb6b',6,22,NULL,'2025-03-03 10:06:15','2025-03-03 10:06:15'),(99,NULL,NULL,'3a28dda0-63e8-4cfe-a7b3-299405c82a93',6,23,NULL,'2025-03-03 10:06:15','2025-03-03 10:06:15'),(100,NULL,NULL,'95bf7950-a95b-4bf2-9995-ce2585164bcd',6,24,NULL,'2025-03-03 10:06:15','2025-03-03 10:06:15'),(101,NULL,NULL,'bcea6539-3903-4269-ad4d-9aab0d1acb4a',6,25,NULL,'2025-03-03 10:06:15','2025-03-03 10:06:15'),(102,NULL,NULL,'afe3b649-700d-4232-8ee9-f2fc38ea5bc4',6,26,NULL,'2025-03-03 10:06:15','2025-03-03 10:06:15'),(103,NULL,NULL,'23ec70e8-ecd1-4c3b-bde4-e42cb73e6a1b',6,27,NULL,'2025-03-03 10:06:15','2025-03-03 10:06:15'),(104,NULL,NULL,'377395e1-f710-4d72-b434-73c2ccb61e4a',6,28,NULL,'2025-03-03 10:06:15','2025-03-03 10:06:15'),(105,NULL,NULL,'9fb02454-6932-4406-9d64-eebfc13cf6b4',6,29,6,'2025-03-03 10:06:15','2025-03-03 10:51:32'),(106,NULL,NULL,'542213b8-e774-4aa8-813d-059f08bb95c3',6,30,NULL,'2025-03-03 10:06:15','2025-03-03 10:06:15'),(107,NULL,NULL,'f88ce9cc-dd2b-451f-9e17-1e01e85e79d5',6,31,NULL,'2025-03-03 10:06:15','2025-03-03 10:06:15'),(108,NULL,NULL,'c49eb500-43c5-4a7d-b132-83f5a08ac68a',6,32,NULL,'2025-03-03 10:06:15','2025-03-03 10:06:15'),(109,NULL,NULL,'162041de-f31c-4cbc-bccd-37c77ce8570b',6,33,NULL,'2025-03-03 10:06:15','2025-03-03 10:06:15'),(110,NULL,NULL,'22c3a54f-746c-465d-b32f-94de2d3402f4',6,34,NULL,'2025-03-03 10:06:15','2025-03-03 10:06:15'),(111,NULL,NULL,'b4e2772d-2538-45e2-b7ed-7607d9b86988',6,35,NULL,'2025-03-03 10:06:15','2025-03-03 10:06:15'),(112,NULL,NULL,'06937285-2300-477e-80cf-511a65e48ba3',6,36,NULL,'2025-03-03 10:06:15','2025-03-03 10:06:15'),(113,NULL,NULL,'e95f381d-0e3a-4e5c-b96d-85bd4c1aae5c',6,37,NULL,'2025-03-03 10:06:15','2025-03-03 10:06:15'),(114,NULL,NULL,'d018c40c-92c7-4da2-8bb3-9917f485d50e',6,38,NULL,'2025-03-03 10:06:15','2025-03-03 10:06:15');
/*!40000 ALTER TABLE `realisation_taches` ENABLE KEYS */;
UNLOCK TABLES;

--
-- Table structure for table `resources`
--

DROP TABLE IF EXISTS `resources`;
/*!40101 SET @saved_cs_client     = @@character_set_client */;
/*!50503 SET character_set_client = utf8mb4 */;
CREATE TABLE `resources` (
  `id` bigint unsigned NOT NULL AUTO_INCREMENT,
  `nom` varchar(255) CHARACTER SET utf8mb4 COLLATE utf8mb4_unicode_ci NOT NULL,
  `lien` varchar(255) CHARACTER SET utf8mb4 COLLATE utf8mb4_unicode_ci NOT NULL,
  `description` longtext CHARACTER SET utf8mb4 COLLATE utf8mb4_unicode_ci,
  `projet_id` bigint unsigned NOT NULL,
  `reference` varchar(255) CHARACTER SET utf8mb4 COLLATE utf8mb4_unicode_ci NOT NULL,
  `created_at` timestamp NULL DEFAULT NULL,
  `updated_at` timestamp NULL DEFAULT NULL,
  PRIMARY KEY (`id`),
  UNIQUE KEY `resources_reference_unique` (`reference`),
  KEY `resources_projet_id_foreign` (`projet_id`),
  CONSTRAINT `resources_projet_id_foreign` FOREIGN KEY (`projet_id`) REFERENCES `projets` (`id`) ON DELETE CASCADE
) ENGINE=InnoDB AUTO_INCREMENT=6 DEFAULT CHARSET=utf8mb4 COLLATE=utf8mb4_unicode_ci;
/*!40101 SET character_set_client = @saved_cs_client */;

--
-- Dumping data for table `resources`
--

LOCK TABLES `resources` WRITE;
/*!40000 ALTER TABLE `resources` DISABLE KEYS */;
INSERT INTO `resources` VALUES (1,'Projet de Solicoders','https://github.com/orgs/solicoders/repositories','Promotion 2024',21,'03dac966-29b0-42f4-a891-95e99b468f1a','2025-02-19 10:15:00','2025-02-19 10:15:00'),(3,'json','www.json.com',NULL,25,'04427120-fd43-469c-85f8-2acda82fcbf0','2025-02-21 09:59:41','2025-02-21 09:59:41'),(4,'formation php','https://www.w3schools.com/php/default.asp',NULL,27,'7948405d-e166-4031-8cc0-41fe4e5b08ae','2025-02-25 14:52:16','2025-02-25 14:52:16'),(5,'Prototype 1 : Gestion d\'un blog','https://github.com/labs-web/prototype-blog','Un exemple de prototype pour la gestion d\'un blog',21,'39d0dbc1-302f-47ba-82bc-af53d40caf90','2025-02-26 12:41:12','2025-02-26 12:41:12');
/*!40000 ALTER TABLE `resources` ENABLE KEYS */;
UNLOCK TABLES;

--
-- Table structure for table `role_has_permissions`
--

DROP TABLE IF EXISTS `role_has_permissions`;
/*!40101 SET @saved_cs_client     = @@character_set_client */;
/*!50503 SET character_set_client = utf8mb4 */;
CREATE TABLE `role_has_permissions` (
  `permission_id` bigint unsigned NOT NULL,
  `role_id` bigint unsigned NOT NULL,
  PRIMARY KEY (`permission_id`,`role_id`),
  KEY `role_has_permissions_role_id_foreign` (`role_id`),
  CONSTRAINT `role_has_permissions_permission_id_foreign` FOREIGN KEY (`permission_id`) REFERENCES `permissions` (`id`) ON DELETE CASCADE,
  CONSTRAINT `role_has_permissions_role_id_foreign` FOREIGN KEY (`role_id`) REFERENCES `roles` (`id`) ON DELETE CASCADE
) ENGINE=InnoDB DEFAULT CHARSET=utf8mb4 COLLATE=utf8mb4_unicode_ci;
/*!40101 SET character_set_client = @saved_cs_client */;

--
-- Dumping data for table `role_has_permissions`
--

LOCK TABLES `role_has_permissions` WRITE;
/*!40000 ALTER TABLE `role_has_permissions` DISABLE KEYS */;
INSERT INTO `role_has_permissions` VALUES (334,2),(335,2),(336,2),(337,2),(338,2),(339,2),(340,2),(341,2),(343,2),(344,2),(345,2),(353,2),(354,2),(355,2),(356,2),(357,2),(358,2),(359,2),(360,2),(361,2),(363,2),(364,2),(365,2),(373,2),(374,2),(375,2),(376,2),(377,2),(378,2),(379,2),(380,2),(381,2),(383,2),(384,2),(385,2),(386,2),(387,2),(388,2),(389,2),(390,2),(391,2),(393,2),(444,2),(445,2),(446,2),(447,2),(450,2),(1,3),(2,3),(3,3),(4,3),(5,3),(6,3),(7,3),(8,3),(9,3),(10,3),(11,3),(12,3),(13,3),(14,3),(15,3),(16,3),(17,3),(18,3),(19,3),(20,3),(21,3),(92,3),(93,3),(94,3),(95,3),(96,3),(100,3),(101,3),(102,3),(103,3),(104,3),(105,3),(106,3),(107,3),(108,3),(109,3),(110,3),(111,3),(122,3),(123,3),(124,3),(125,3),(126,3),(127,3),(128,3),(129,3),(130,3),(131,3),(142,3),(143,3),(144,3),(145,3),(146,3),(147,3),(148,3),(149,3),(150,3),(151,3),(202,3),(203,3),(204,3),(205,3),(206,3),(207,3),(208,3),(209,3),(212,3),(213,3),(214,3),(215,3),(216,3),(217,3),(218,3),(219,3),(220,3),(221,3),(222,3),(233,3),(234,3),(235,3),(236,3),(237,3),(238,3),(239,3),(240,3),(243,3),(274,3),(275,3),(294,3),(295,3),(304,3),(305,3),(314,3),(315,3),(324,3),(325,3),(394,3),(395,3),(404,3),(405,3),(414,3),(415,3),(424,3),(425,3),(434,3),(435,3),(444,3),(445,3),(446,3),(447,3),(448,3),(102,4),(103,4),(110,4),(111,4),(122,4),(123,4),(130,4),(131,4),(142,4),(143,4),(150,4),(151,4),(202,4),(203,4),(212,4),(274,4),(275,4),(276,4),(277,4),(278,4),(279,4),(280,4),(281,4),(282,4),(283,4),(294,4),(295,4),(296,4),(297,4),(298,4),(299,4),(300,4),(301,4),(302,4),(303,4),(304,4),(305,4),(306,4),(307,4),(308,4),(309,4),(310,4),(311,4),(312,4),(313,4),(314,4),(315,4),(316,4),(317,4),(318,4),(319,4),(320,4),(321,4),(322,4),(323,4),(324,4),(325,4),(326,4),(327,4),(328,4),(329,4),(330,4),(331,4),(332,4),(333,4),(394,4),(395,4),(396,4),(397,4),(398,4),(399,4),(400,4),(401,4),(402,4),(403,4),(404,4),(405,4),(406,4),(407,4),(408,4),(409,4),(410,4),(411,4),(412,4),(413,4),(414,4),(415,4),(416,4),(417,4),(418,4),(419,4),(420,4),(421,4),(422,4),(423,4),(424,4),(425,4),(426,4),(427,4),(428,4),(429,4),(430,4),(431,4),(432,4),(433,4),(434,4),(435,4),(436,4),(437,4),(438,4),(439,4),(440,4),(441,4),(442,4),(443,4),(444,4),(445,4),(446,4),(447,4),(448,4),(455,4),(456,4),(457,4),(458,4),(459,4),(460,4),(461,4),(462,4),(465,4),(466,4),(467,4),(468,4),(469,4),(470,4),(471,4),(472,4),(475,4),(476,4),(477,4),(478,4),(479,4),(480,4),(481,4),(482,4),(485,4),(486,4),(487,4),(488,4),(489,4),(490,4),(491,4),(492,4),(495,4),(496,4),(497,4),(498,4),(499,4),(500,4),(501,4),(502,4),(505,4),(506,4),(507,4),(508,4),(509,4),(510,4),(511,4),(512,4),(515,4),(516,4),(517,4),(518,4),(519,4),(520,4),(521,4),(522,4),(525,4),(526,4),(527,4),(528,4),(529,4),(530,4),(531,4),(532,4),(535,4),(536,4),(537,4),(538,4),(539,4),(540,4),(541,4),(542,4),(102,5),(122,5),(123,5),(142,5),(294,5),(295,5),(304,5),(314,5),(324,5),(325,5),(414,5),(415,5),(416,5),(417,5),(418,5),(424,5),(425,5),(426,5),(427,5),(428,5),(429,5),(430,5),(431,5),(434,5),(435,5),(444,5),(445,5),(446,5),(447,5),(448,5),(515,5),(516,5),(517,5),(518,5),(519,5);
/*!40000 ALTER TABLE `role_has_permissions` ENABLE KEYS */;
UNLOCK TABLES;

--
-- Table structure for table `roles`
--

DROP TABLE IF EXISTS `roles`;
/*!40101 SET @saved_cs_client     = @@character_set_client */;
/*!50503 SET character_set_client = utf8mb4 */;
CREATE TABLE `roles` (
  `id` bigint unsigned NOT NULL AUTO_INCREMENT,
  `name` varchar(255) CHARACTER SET utf8mb4 COLLATE utf8mb4_unicode_ci NOT NULL,
  `guard_name` varchar(255) CHARACTER SET utf8mb4 COLLATE utf8mb4_unicode_ci NOT NULL,
  `created_at` timestamp NULL DEFAULT NULL,
  `updated_at` timestamp NULL DEFAULT NULL,
  `reference` varchar(255) CHARACTER SET utf8mb4 COLLATE utf8mb4_unicode_ci NOT NULL,
  PRIMARY KEY (`id`),
  UNIQUE KEY `roles_name_guard_name_unique` (`name`,`guard_name`),
  UNIQUE KEY `roles_reference_unique` (`reference`)
) ENGINE=InnoDB AUTO_INCREMENT=9 DEFAULT CHARSET=utf8mb4 COLLATE=utf8mb4_unicode_ci;
/*!40101 SET character_set_client = @saved_cs_client */;

--
-- Dumping data for table `roles`
--

LOCK TABLES `roles` WRITE;
/*!40000 ALTER TABLE `roles` DISABLE KEYS */;
INSERT INTO `roles` VALUES (1,'root','web','2025-02-19 06:38:55','2025-02-19 06:38:55','046fa62a-9c2c-4a68-bde4-f6acf0e34a09'),(2,'gapp','web','2025-02-19 06:38:56','2025-02-19 06:38:56','d2fd691d-ea60-4352-b166-fee73aca0971'),(3,'admin','web','2025-02-19 06:38:56','2025-02-19 06:38:56','b5e517cb-86dc-4d84-9803-9ac9799de14f'),(4,'formateur','web','2025-02-19 06:38:56','2025-02-19 06:38:56','d93062be-1923-47a2-8c8d-ac617a1f28fa'),(5,'apprenant','web','2025-02-19 06:38:56','2025-02-19 06:38:56','41afc23a-6a20-42b3-a491-521bca2742ae'),(6,'administrateur','web','2025-02-19 06:38:56','2025-02-19 06:38:56','3249808c-713e-41c9-8e05-5fbe56d5649b'),(7,'responsable','web','2025-02-19 06:38:56','2025-02-19 06:38:56','112a6858-f2ab-40a5-abb0-171f0d016af4'),(8,'membre','web','2025-02-19 06:38:56','2025-02-19 06:38:56','e9b503f3-e48a-495e-9102-8dfee0ce06d2');
/*!40000 ALTER TABLE `roles` ENABLE KEYS */;
UNLOCK TABLES;

--
-- Table structure for table `sessions`
--

DROP TABLE IF EXISTS `sessions`;
/*!40101 SET @saved_cs_client     = @@character_set_client */;
/*!50503 SET character_set_client = utf8mb4 */;
CREATE TABLE `sessions` (
  `id` varchar(255) CHARACTER SET utf8mb4 COLLATE utf8mb4_unicode_ci NOT NULL,
  `user_id` bigint unsigned DEFAULT NULL,
  `ip_address` varchar(45) CHARACTER SET utf8mb4 COLLATE utf8mb4_unicode_ci DEFAULT NULL,
  `user_agent` longtext CHARACTER SET utf8mb4 COLLATE utf8mb4_unicode_ci,
  `payload` longtext CHARACTER SET utf8mb4 COLLATE utf8mb4_unicode_ci NOT NULL,
  `last_activity` int NOT NULL,
  PRIMARY KEY (`id`),
  KEY `sessions_user_id_index` (`user_id`),
  KEY `sessions_last_activity_index` (`last_activity`)
) ENGINE=InnoDB DEFAULT CHARSET=utf8mb4 COLLATE=utf8mb4_unicode_ci;
/*!40101 SET character_set_client = @saved_cs_client */;

--
-- Dumping data for table `sessions`
--

LOCK TABLES `sessions` WRITE;
/*!40000 ALTER TABLE `sessions` DISABLE KEYS */;
INSERT INTO `sessions` VALUES ('0N1eN9mDS6P383hW9OpRRuZ14N7j7EoV8jlZjZDi',102,'192.168.1.2','Mozilla/5.0 (Windows NT 10.0; Win64; x64) AppleWebKit/537.36 (KHTML, like Gecko) Chrome/133.0.0.0 Safari/537.36','YToxMjp7czo2OiJfdG9rZW4iO3M6NDA6ImxFSG9UajZrWkJJUjh4bWRvODZnNENPYXoxSlNCY1J4bUVYcnp5WTUiO3M6NjoiX2ZsYXNoIjthOjI6e3M6Mzoib2xkIjthOjA6e31zOjM6Im5ldyI7YTowOnt9fXM6MzoidXJsIjthOjA6e31zOjk6Il9wcmV2aW91cyI7YToxOntzOjM6InVybCI7czo2NjoiaHR0cHM6Ly8xOTIuMTY4LjEuMjUxL2FkbWluL1BrZ0dlc3Rpb25UYWNoZXMvZXRhdFJlYWxpc2F0aW9uVGFjaGVzIjt9czo1MDoibG9naW5fd2ViXzU5YmEzNmFkZGMyYjJmOTQwMTU4MGYwMTRjN2Y1OGVhNGUzMDk4OWQiO2k6MTAyO3M6NDoiYXV0aCI7YToxOntzOjIxOiJwYXNzd29yZF9jb25maXJtZWRfYXQiO2k6MTc0MDk5NDcyNjt9czo5OiJ1c2VyX3JvbGUiO3M6OToiZm9ybWF0ZXVyIjtzOjIwOiJ1c2VyX2FubmVlX2Zvcm1hdGlvbiI7czo5OiIyMDI0LTIwMjUiO3M6MTg6ImFubmVlX2Zvcm1hdGlvbl9pZCI7aToxO3M6NzoidXNlcl9pZCI7aToxMDI7czoxMjoiZm9ybWF0ZXVyX2lkIjtpOjE7czoxMzoiY29udGV4dF9zdGF0ZSI7YToxOntzOjU6InNjb3BlIjthOjE6e3M6NjoiZ2xvYmFsIjthOjE6e3M6MTg6ImFubmVlX2Zvcm1hdGlvbl9pZCI7aToxO319fX0=',1740997635),('1ivlkP3ajBmmeOsWQ3VFrkC2YOW5UZfIdaAPieHl',16,'192.168.1.236','Mozilla/5.0 (Windows NT 10.0; Win64; x64) AppleWebKit/537.36 (KHTML, like Gecko) Chrome/133.0.0.0 Safari/537.36','YToxMDp7czo2OiJfdG9rZW4iO3M6NDA6IlhjSHRpcTByTmZkeDJSenppaHZFNmJ3MHJjaW5GTURDSk5QNXNKMloiO3M6NTA6ImxvZ2luX3dlYl81OWJhMzZhZGRjMmIyZjk0MDE1ODBmMDE0YzdmNThlYTRlMzA5ODlkIjtpOjE2O3M6OToidXNlcl9yb2xlIjtzOjk6ImFwcHJlbmFudCI7czoyMDoidXNlcl9hbm5lZV9mb3JtYXRpb24iO3M6OToiMjAyNC0yMDI1IjtzOjE4OiJhbm5lZV9mb3JtYXRpb25faWQiO2k6MTtzOjc6InVzZXJfaWQiO2k6MTY7czoxMjoiYXBwcmVuYW50X2lkIjtpOjEyO3M6MTM6ImNvbnRleHRfc3RhdGUiO2E6MTp7czo1OiJzY29wZSI7YToxOntzOjY6Imdsb2JhbCI7YToxOntzOjE4OiJhbm5lZV9mb3JtYXRpb25faWQiO2k6MTt9fX1zOjk6Il9wcmV2aW91cyI7YToxOntzOjM6InVybCI7czo2MjoiaHR0cHM6Ly8xOTIuMTY4LjEuMjUxL2FkbWluL1BrZ0dlc3Rpb25UYWNoZXMvcmVhbGlzYXRpb25UYWNoZXMiO31zOjY6Il9mbGFzaCI7YToyOntzOjM6Im9sZCI7YTowOnt9czozOiJuZXciO2E6MDp7fX19',1740998552),('4JMTjAlWzt15YFnaGBQ2X9epTpmh20VyIhbHZ1a8',18,'192.168.1.24','Mozilla/5.0 (Windows NT 10.0; Win64; x64) AppleWebKit/537.36 (KHTML, like Gecko) Chrome/133.0.0.0 Safari/537.36','YToxMDp7czo2OiJfdG9rZW4iO3M6NDA6IkxkZWJ2QWUwd29kSkxDUENwc21oQlF6eVM4NnFCczZ0U004MzNHZHkiO3M6NTA6ImxvZ2luX3dlYl81OWJhMzZhZGRjMmIyZjk0MDE1ODBmMDE0YzdmNThlYTRlMzA5ODlkIjtpOjE4O3M6OToidXNlcl9yb2xlIjtzOjk6ImFwcHJlbmFudCI7czoyMDoidXNlcl9hbm5lZV9mb3JtYXRpb24iO3M6OToiMjAyNC0yMDI1IjtzOjE4OiJhbm5lZV9mb3JtYXRpb25faWQiO2k6MTtzOjc6InVzZXJfaWQiO2k6MTg7czoxMjoiYXBwcmVuYW50X2lkIjtpOjE0O3M6MTM6ImNvbnRleHRfc3RhdGUiO2E6MTp7czo1OiJzY29wZSI7YToxOntzOjY6Imdsb2JhbCI7YToxOntzOjE4OiJhbm5lZV9mb3JtYXRpb25faWQiO2k6MTt9fX1zOjk6Il9wcmV2aW91cyI7YToxOntzOjM6InVybCI7czo2MjoiaHR0cHM6Ly8xOTIuMTY4LjEuMjUxL2FkbWluL1BrZ0dlc3Rpb25UYWNoZXMvcmVhbGlzYXRpb25UYWNoZXMiO31zOjY6Il9mbGFzaCI7YToyOntzOjM6Im9sZCI7YTowOnt9czozOiJuZXciO2E6MDp7fX19',1740997597),('5Z1MRSS5mpr5UZvSZlbeaCIOpkhQGuqbVWSDnTmg',19,'192.168.1.244','Mozilla/5.0 (Windows NT 10.0; Win64; x64) AppleWebKit/537.36 (KHTML, like Gecko) Chrome/133.0.0.0 Safari/537.36','YToxMDp7czo2OiJfdG9rZW4iO3M6NDA6InZwVjRoN1JFY2F4U2dyYndrcUkyM0liM2VSa0NpS2M1TlhpeUxLZmMiO3M6NTA6ImxvZ2luX3dlYl81OWJhMzZhZGRjMmIyZjk0MDE1ODBmMDE0YzdmNThlYTRlMzA5ODlkIjtpOjE5O3M6OToidXNlcl9yb2xlIjtzOjk6ImFwcHJlbmFudCI7czoyMDoidXNlcl9hbm5lZV9mb3JtYXRpb24iO3M6OToiMjAyNC0yMDI1IjtzOjE4OiJhbm5lZV9mb3JtYXRpb25faWQiO2k6MTtzOjc6InVzZXJfaWQiO2k6MTk7czoxMjoiYXBwcmVuYW50X2lkIjtpOjE1O3M6OToiX3ByZXZpb3VzIjthOjE6e3M6MzoidXJsIjtzOjY4OiJodHRwczovLzE5Mi4xNjguMS4yNTEvYWRtaW4vUGtnUmVhbGlzYXRpb25Qcm9qZXRzL3JlYWxpc2F0aW9uUHJvamV0cyI7fXM6NjoiX2ZsYXNoIjthOjI6e3M6Mzoib2xkIjthOjA6e31zOjM6Im5ldyI7YTowOnt9fXM6MTM6ImNvbnRleHRfc3RhdGUiO2E6MTp7czo1OiJzY29wZSI7YToxOntzOjY6Imdsb2JhbCI7YToxOntzOjE4OiJhbm5lZV9mb3JtYXRpb25faWQiO2k6MTt9fX19',1740999381),('8b5vGXJdfHfnwSnYn6Qdn2LoQJOGKNkXbhTfgXes',5,'192.168.1.9','Mozilla/5.0 (Windows NT 10.0; Win64; x64) AppleWebKit/537.36 (KHTML, like Gecko) Chrome/133.0.0.0 Safari/537.36','YToxMjp7czo2OiJfdG9rZW4iO3M6NDA6IlQ5TDdRemQ0NW5GQ21rQzBxUVJtTnFmcUhJUG1JUVVRWFlDMlNJV3IiO3M6OToiX3ByZXZpb3VzIjthOjE6e3M6MzoidXJsIjtzOjY4OiJodHRwczovLzE5Mi4xNjguMS4yNTEvYWRtaW4vUGtnUmVhbGlzYXRpb25Qcm9qZXRzL3JlYWxpc2F0aW9uUHJvamV0cyI7fXM6NjoiX2ZsYXNoIjthOjI6e3M6Mzoib2xkIjthOjA6e31zOjM6Im5ldyI7YTowOnt9fXM6MzoidXJsIjthOjA6e31zOjUwOiJsb2dpbl93ZWJfNTliYTM2YWRkYzJiMmY5NDAxNTgwZjAxNGM3ZjU4ZWE0ZTMwOTg5ZCI7aTo1O3M6NDoiYXV0aCI7YToxOntzOjIxOiJwYXNzd29yZF9jb25maXJtZWRfYXQiO2k6MTc0MDk5MzM5ODt9czo5OiJ1c2VyX3JvbGUiO3M6OToiYXBwcmVuYW50IjtzOjIwOiJ1c2VyX2FubmVlX2Zvcm1hdGlvbiI7czo5OiIyMDI0LTIwMjUiO3M6MTg6ImFubmVlX2Zvcm1hdGlvbl9pZCI7aToxO3M6NzoidXNlcl9pZCI7aTo1O3M6MTI6ImFwcHJlbmFudF9pZCI7aToxO3M6MTM6ImNvbnRleHRfc3RhdGUiO2E6MTp7czo1OiJzY29wZSI7YToxOntzOjY6Imdsb2JhbCI7YToxOntzOjE4OiJhbm5lZV9mb3JtYXRpb25faWQiO2k6MTt9fX19',1740999156),('B0jD8JIqeoOaasAwtjaX67JDa8KWAgRpsmxKkNRS',83,'192.168.1.67','Mozilla/5.0 (Windows NT 10.0; Win64; x64) AppleWebKit/537.36 (KHTML, like Gecko) Chrome/133.0.0.0 Safari/537.36','YToxMjp7czo2OiJfdG9rZW4iO3M6NDA6IllYZ3dod3B4QjZuTkdvakZRNWk0eGNVczJUaDRBWWZYVDlyY2t5ZjgiO3M6MzoidXJsIjthOjA6e31zOjk6Il9wcmV2aW91cyI7YToxOntzOjM6InVybCI7czo2MjoiaHR0cHM6Ly8xOTIuMTY4LjEuMjUxL2FkbWluL1BrZ0dlc3Rpb25UYWNoZXMvcmVhbGlzYXRpb25UYWNoZXMiO31zOjY6Il9mbGFzaCI7YToyOntzOjM6Im9sZCI7YTowOnt9czozOiJuZXciO2E6MDp7fX1zOjUwOiJsb2dpbl93ZWJfNTliYTM2YWRkYzJiMmY5NDAxNTgwZjAxNGM3ZjU4ZWE0ZTMwOTg5ZCI7aTo4MztzOjQ6ImF1dGgiO2E6MTp7czoyMToicGFzc3dvcmRfY29uZmlybWVkX2F0IjtpOjE3NDA5OTQyMTc7fXM6OToidXNlcl9yb2xlIjtzOjk6ImFwcHJlbmFudCI7czoyMDoidXNlcl9hbm5lZV9mb3JtYXRpb24iO3M6OToiMjAyNC0yMDI1IjtzOjE4OiJhbm5lZV9mb3JtYXRpb25faWQiO2k6MTtzOjc6InVzZXJfaWQiO2k6ODM7czoxMjoiYXBwcmVuYW50X2lkIjtpOjc5O3M6MTM6ImNvbnRleHRfc3RhdGUiO2E6MTp7czo1OiJzY29wZSI7YToxOntzOjY6Imdsb2JhbCI7YToxOntzOjE4OiJhbm5lZV9mb3JtYXRpb25faWQiO2k6MTt9fX19',1740998410),('baf00bHw3bcuNjoRDJiQFkZvEKw0SS6MmJ1dWvwz',1,'192.168.1.2','Mozilla/5.0 (Windows NT 10.0; Win64; x64) AppleWebKit/537.36 (KHTML, like Gecko) Chrome/133.0.0.0 Safari/537.36','YToxMTp7czo2OiJfdG9rZW4iO3M6NDA6IjgwS1JFY2ZxbHMyOGtjNlpZWVJ0a2F2ekROZmJ2ZUdSTHVhcW5CN3AiO3M6NjoiX2ZsYXNoIjthOjI6e3M6Mzoib2xkIjthOjA6e31zOjM6Im5ldyI7YTowOnt9fXM6MzoidXJsIjthOjA6e31zOjk6Il9wcmV2aW91cyI7YToxOntzOjM6InVybCI7czo0OToiaHR0cHM6Ly8xOTIuMTY4LjEuMjUxL2FkbWluL1BrZ0F1dG9yaXNhdGlvbi9yb2xlcyI7fXM6NTA6ImxvZ2luX3dlYl81OWJhMzZhZGRjMmIyZjk0MDE1ODBmMDE0YzdmNThlYTRlMzA5ODlkIjtpOjE7czo0OiJhdXRoIjthOjE6e3M6MjE6InBhc3N3b3JkX2NvbmZpcm1lZF9hdCI7aToxNzQwOTk0NzkyO31zOjk6InVzZXJfcm9sZSI7czo0OiJyb290IjtzOjIwOiJ1c2VyX2FubmVlX2Zvcm1hdGlvbiI7czo5OiIyMDI0LTIwMjUiO3M6MTg6ImFubmVlX2Zvcm1hdGlvbl9pZCI7aToxO3M6NzoidXNlcl9pZCI7aToxO3M6MTM6ImNvbnRleHRfc3RhdGUiO2E6Mjp7czo1OiJzY29wZSI7YToxOntzOjY6Imdsb2JhbCI7YToxOntzOjE4OiJhbm5lZV9mb3JtYXRpb25faWQiO2k6MTt9fXM6Nzoicm9sZV9pZCI7czoxOiI1Ijt9fQ==',1740994981),('Cfqq0GrMHw6HCyJsFWEpekCWouQrZSoE7chRqxPK',38,'192.168.1.2','Mozilla/5.0 (Windows NT 10.0; Win64; x64) AppleWebKit/537.36 (KHTML, like Gecko) Chrome/133.0.0.0 Safari/537.36','YToxMjp7czo2OiJfdG9rZW4iO3M6NDA6Ik9WQm1kQWtoT0xKZ0lxb2kxb2ZlTnBZRmVjWnB6TnM0R1FLM2k3REwiO3M6OToiX3ByZXZpb3VzIjthOjE6e3M6MzoidXJsIjtzOjYyOiJodHRwczovLzE5Mi4xNjguMS4yNTEvYWRtaW4vUGtnR2VzdGlvblRhY2hlcy9yZWFsaXNhdGlvblRhY2hlcyI7fXM6NjoiX2ZsYXNoIjthOjI6e3M6Mzoib2xkIjthOjA6e31zOjM6Im5ldyI7YTowOnt9fXM6MzoidXJsIjthOjA6e31zOjUwOiJsb2dpbl93ZWJfNTliYTM2YWRkYzJiMmY5NDAxNTgwZjAxNGM3ZjU4ZWE0ZTMwOTg5ZCI7aTozODtzOjQ6ImF1dGgiO2E6MTp7czoyMToicGFzc3dvcmRfY29uZmlybWVkX2F0IjtpOjE3NDA5OTQ5OTQ7fXM6OToidXNlcl9yb2xlIjtzOjk6ImFwcHJlbmFudCI7czoyMDoidXNlcl9hbm5lZV9mb3JtYXRpb24iO3M6OToiMjAyNC0yMDI1IjtzOjE4OiJhbm5lZV9mb3JtYXRpb25faWQiO2k6MTtzOjc6InVzZXJfaWQiO2k6Mzg7czoxMjoiYXBwcmVuYW50X2lkIjtpOjM0O3M6MTM6ImNvbnRleHRfc3RhdGUiO2E6MTp7czo1OiJzY29wZSI7YToxOntzOjY6Imdsb2JhbCI7YToxOntzOjE4OiJhbm5lZV9mb3JtYXRpb25faWQiO2k6MTt9fX19',1740999373),('EwsISM1qOeRONVzWIDHEiHXy4xanxuCFW7o4meZG',9,'192.168.1.11','Mozilla/5.0 (Windows NT 10.0; Win64; x64) AppleWebKit/537.36 (KHTML, like Gecko) Chrome/133.0.0.0 Safari/537.36','YToxMjp7czo2OiJfdG9rZW4iO3M6NDA6IklZUlg5RnVWSURwUDdhbU4zT0tLQ0J2UEF3cUNwQkJHMU1sR1QxcmQiO3M6OToiX3ByZXZpb3VzIjthOjE6e3M6MzoidXJsIjtzOjIxNzoiaHR0cHM6Ly8xOTIuMTY4LjEuMjUxL2FkbWluL1BrZ1JlYWxpc2F0aW9uUHJvamV0cy9yZWFsaXNhdGlvblByb2pldHM/YWZmZWN0YXRpb25fcHJvamV0X2lkPTkmYXBwcmVuYW50X2lkPTUmZXRhdHNfcmVhbGlzYXRpb25fcHJvamV0X2lkPTEmZmlsdGVyLnJlYWxpc2F0aW9uUHJvamV0LmFmZmVjdGF0aW9uX3Byb2pldF9pZD05JnNvcnQ9YWZmZWN0YXRpb25fcHJvamV0X2lkX2FzYyI7fXM6NjoiX2ZsYXNoIjthOjI6e3M6Mzoib2xkIjthOjA6e31zOjM6Im5ldyI7YTowOnt9fXM6MzoidXJsIjthOjA6e31zOjUwOiJsb2dpbl93ZWJfNTliYTM2YWRkYzJiMmY5NDAxNTgwZjAxNGM3ZjU4ZWE0ZTMwOTg5ZCI7aTo5O3M6NDoiYXV0aCI7YToxOntzOjIxOiJwYXNzd29yZF9jb25maXJtZWRfYXQiO2k6MTc0MDk5Mzg1Mjt9czo5OiJ1c2VyX3JvbGUiO3M6OToiYXBwcmVuYW50IjtzOjIwOiJ1c2VyX2FubmVlX2Zvcm1hdGlvbiI7czo5OiIyMDI0LTIwMjUiO3M6MTg6ImFubmVlX2Zvcm1hdGlvbl9pZCI7aToxO3M6NzoidXNlcl9pZCI7aTo5O3M6MTI6ImFwcHJlbmFudF9pZCI7aTo1O3M6MTM6ImNvbnRleHRfc3RhdGUiO2E6MTp7czo1OiJzY29wZSI7YToxOntzOjY6Imdsb2JhbCI7YToxOntzOjE4OiJhbm5lZV9mb3JtYXRpb25faWQiO2k6MTt9fX19',1740997226),('jFtxkh4ko435u0CNJ52nSzfMTWIqeBGW5uQxogRB',8,'192.168.1.228','Mozilla/5.0 (X11; Linux x86_64; rv:125.0) Gecko/20100101 Firefox/125.0','YToxMjp7czo2OiJfdG9rZW4iO3M6NDA6IlpDM01ZSHNpdlVEMUpsazhlY0FmTEVSU2UzaGZ3eTBtMHB2dHgzQVAiO3M6OToiX3ByZXZpb3VzIjthOjE6e3M6MzoidXJsIjtzOjY4OiJodHRwczovLzE5Mi4xNjguMS4yNTEvYWRtaW4vUGtnUmVhbGlzYXRpb25Qcm9qZXRzL3JlYWxpc2F0aW9uUHJvamV0cyI7fXM6NjoiX2ZsYXNoIjthOjI6e3M6Mzoib2xkIjthOjA6e31zOjM6Im5ldyI7YTowOnt9fXM6MzoidXJsIjthOjA6e31zOjUwOiJsb2dpbl93ZWJfNTliYTM2YWRkYzJiMmY5NDAxNTgwZjAxNGM3ZjU4ZWE0ZTMwOTg5ZCI7aTo4O3M6NDoiYXV0aCI7YToxOntzOjIxOiJwYXNzd29yZF9jb25maXJtZWRfYXQiO2k6MTc0MDk5NDEwNzt9czo5OiJ1c2VyX3JvbGUiO3M6OToiYXBwcmVuYW50IjtzOjIwOiJ1c2VyX2FubmVlX2Zvcm1hdGlvbiI7czo5OiIyMDI0LTIwMjUiO3M6MTg6ImFubmVlX2Zvcm1hdGlvbl9pZCI7aToxO3M6NzoidXNlcl9pZCI7aTo4O3M6MTI6ImFwcHJlbmFudF9pZCI7aTo0O3M6MTM6ImNvbnRleHRfc3RhdGUiO2E6MTp7czo1OiJzY29wZSI7YToxOntzOjY6Imdsb2JhbCI7YToxOntzOjE4OiJhbm5lZV9mb3JtYXRpb25faWQiO2k6MTt9fX19',1740999298),('JydckgR4ocinZwv7YhbHF7L2shqd5BKeRyZrPppY',2,'192.168.1.2','Mozilla/5.0 (Windows NT 10.0; Win64; x64) AppleWebKit/537.36 (KHTML, like Gecko) Chrome/133.0.0.0 Safari/537.36','YToxMTp7czo2OiJfdG9rZW4iO3M6NDA6IlZSbkQ3Rm1PclNNY0RxUEh0eXh4dXlBejU4R3kzV1Y4T01OeTJMWG4iO3M6OToiX3ByZXZpb3VzIjthOjE6e3M6MzoidXJsIjtzOjY5OiJodHRwczovLzE5Mi4xNjguMS4yNTEvYWRtaW4vUGtnQXV0b3Jpc2F0aW9uL3Byb2ZpbGVzP2FjdGlvbj1lZGl0JmlkPTIiO31zOjY6Il9mbGFzaCI7YToyOntzOjM6Im9sZCI7YTowOnt9czozOiJuZXciO2E6MDp7fX1zOjM6InVybCI7YTowOnt9czo1MDoibG9naW5fd2ViXzU5YmEzNmFkZGMyYjJmOTQwMTU4MGYwMTRjN2Y1OGVhNGUzMDk4OWQiO2k6MjtzOjQ6ImF1dGgiO2E6MTp7czoyMToicGFzc3dvcmRfY29uZmlybWVkX2F0IjtpOjE3NDA5OTk0MjA7fXM6OToidXNlcl9yb2xlIjtzOjQ6ImdhcHAiO3M6MjA6InVzZXJfYW5uZWVfZm9ybWF0aW9uIjtzOjk6IjIwMjQtMjAyNSI7czoxODoiYW5uZWVfZm9ybWF0aW9uX2lkIjtpOjE7czo3OiJ1c2VyX2lkIjtpOjI7czoxMzoiY29udGV4dF9zdGF0ZSI7YToxOntzOjU6InNjb3BlIjthOjE6e3M6NjoiZ2xvYmFsIjthOjE6e3M6MTg6ImFubmVlX2Zvcm1hdGlvbl9pZCI7aToxO319fX0=',1740999473),('kQdQNdj859JvzNx7zvlp2nUiO5JtFuVvGro4Sv4C',15,'192.168.1.73','Mozilla/5.0 (Windows NT 10.0; Win64; x64) AppleWebKit/537.36 (KHTML, like Gecko) Chrome/133.0.0.0 Safari/537.36','YToxMjp7czo2OiJfdG9rZW4iO3M6NDA6InptMGRYajM4cVRla3ZoWnRoRmdKV3dGYXc0WDFmZHdtdzJnbnJFaWwiO3M6OToiX3ByZXZpb3VzIjthOjE6e3M6MzoidXJsIjtzOjY4OiJodHRwczovLzE5Mi4xNjguMS4yNTEvYWRtaW4vUGtnUmVhbGlzYXRpb25Qcm9qZXRzL3JlYWxpc2F0aW9uUHJvamV0cyI7fXM6NjoiX2ZsYXNoIjthOjI6e3M6Mzoib2xkIjthOjA6e31zOjM6Im5ldyI7YTowOnt9fXM6MzoidXJsIjthOjA6e31zOjUwOiJsb2dpbl93ZWJfNTliYTM2YWRkYzJiMmY5NDAxNTgwZjAxNGM3ZjU4ZWE0ZTMwOTg5ZCI7aToxNTtzOjQ6ImF1dGgiO2E6MTp7czoyMToicGFzc3dvcmRfY29uZmlybWVkX2F0IjtpOjE3NDA5OTcyNzI7fXM6OToidXNlcl9yb2xlIjtzOjk6ImFwcHJlbmFudCI7czoyMDoidXNlcl9hbm5lZV9mb3JtYXRpb24iO3M6OToiMjAyNC0yMDI1IjtzOjE4OiJhbm5lZV9mb3JtYXRpb25faWQiO2k6MTtzOjc6InVzZXJfaWQiO2k6MTU7czoxMjoiYXBwcmVuYW50X2lkIjtpOjExO3M6MTM6ImNvbnRleHRfc3RhdGUiO2E6MTp7czo1OiJzY29wZSI7YToxOntzOjY6Imdsb2JhbCI7YToxOntzOjE4OiJhbm5lZV9mb3JtYXRpb25faWQiO2k6MTt9fX19',1740998809),('nDfy8XynqpCDhUoYE1nyvLGyo4MTdio6hwXfXyeB',17,'192.168.1.52','Mozilla/5.0 (Windows NT 10.0; Win64; x64) AppleWebKit/537.36 (KHTML, like Gecko) Chrome/134.0.0.0 Safari/537.36','YToxMjp7czo2OiJfdG9rZW4iO3M6NDA6IjgwOWdxUXJRTkxMTUVmYk1zVEM2SXB4ZlhRMTlBZUpiV3NNam9NNDIiO3M6MzoidXJsIjthOjA6e31zOjk6Il9wcmV2aW91cyI7YToxOntzOjM6InVybCI7czo2MjoiaHR0cHM6Ly8xOTIuMTY4LjEuMjUxL2FkbWluL1BrZ0dlc3Rpb25UYWNoZXMvcmVhbGlzYXRpb25UYWNoZXMiO31zOjY6Il9mbGFzaCI7YToyOntzOjM6Im9sZCI7YTowOnt9czozOiJuZXciO2E6MDp7fX1zOjUwOiJsb2dpbl93ZWJfNTliYTM2YWRkYzJiMmY5NDAxNTgwZjAxNGM3ZjU4ZWE0ZTMwOTg5ZCI7aToxNztzOjQ6ImF1dGgiO2E6MTp7czoyMToicGFzc3dvcmRfY29uZmlybWVkX2F0IjtpOjE3NDA5OTM2NTg7fXM6OToidXNlcl9yb2xlIjtzOjk6ImFwcHJlbmFudCI7czoyMDoidXNlcl9hbm5lZV9mb3JtYXRpb24iO3M6OToiMjAyNC0yMDI1IjtzOjE4OiJhbm5lZV9mb3JtYXRpb25faWQiO2k6MTtzOjc6InVzZXJfaWQiO2k6MTc7czoxMjoiYXBwcmVuYW50X2lkIjtpOjEzO3M6MTM6ImNvbnRleHRfc3RhdGUiO2E6MTp7czo1OiJzY29wZSI7YToxOntzOjY6Imdsb2JhbCI7YToxOntzOjE4OiJhbm5lZV9mb3JtYXRpb25faWQiO2k6MTt9fX19',1740998399),('POuhbWMT2cYgb6ngAu9AE5cNV4Z5uKf0kGEQsaOx',20,'192.168.1.224','Mozilla/5.0 (Windows NT 10.0; Win64; x64) AppleWebKit/537.36 (KHTML, like Gecko) Chrome/133.0.0.0 Safari/537.36','YToxMTp7czo2OiJfdG9rZW4iO3M6NDA6InlyNVN3NUtSR0hTUVo3RUhuUWNjYkZJSzlNTWpGY2E4SWU3VjgxUHQiO3M6OToiX3ByZXZpb3VzIjthOjE6e3M6MzoidXJsIjtzOjY4OiJodHRwczovLzE5Mi4xNjguMS4yNTEvYWRtaW4vUGtnUmVhbGlzYXRpb25Qcm9qZXRzL3JlYWxpc2F0aW9uUHJvamV0cyI7fXM6NjoiX2ZsYXNoIjthOjI6e3M6Mzoib2xkIjthOjA6e31zOjM6Im5ldyI7YTowOnt9fXM6NTA6ImxvZ2luX3dlYl81OWJhMzZhZGRjMmIyZjk0MDE1ODBmMDE0YzdmNThlYTRlMzA5ODlkIjtpOjIwO3M6NDoiYXV0aCI7YToxOntzOjIxOiJwYXNzd29yZF9jb25maXJtZWRfYXQiO2k6MTc0MDk5MzcyMDt9czo5OiJ1c2VyX3JvbGUiO3M6OToiYXBwcmVuYW50IjtzOjIwOiJ1c2VyX2FubmVlX2Zvcm1hdGlvbiI7czo5OiIyMDI0LTIwMjUiO3M6MTg6ImFubmVlX2Zvcm1hdGlvbl9pZCI7aToxO3M6NzoidXNlcl9pZCI7aToyMDtzOjEyOiJhcHByZW5hbnRfaWQiO2k6MTY7czoxMzoiY29udGV4dF9zdGF0ZSI7YToxOntzOjU6InNjb3BlIjthOjE6e3M6NjoiZ2xvYmFsIjthOjE6e3M6MTg6ImFubmVlX2Zvcm1hdGlvbl9pZCI7aToxO319fX0=',1740998896),('QqFej63v6YQM0fY1Aa11MZnMrF9f0mzTLmZaQbFn',12,'192.168.1.212','Mozilla/5.0 (Windows NT 10.0; Win64; x64) AppleWebKit/537.36 (KHTML, like Gecko) Chrome/133.0.0.0 Safari/537.36','YToxMDp7czo2OiJfdG9rZW4iO3M6NDA6InVUUEVNdnI0aURnOG1nSGxYb016N3BNZnZtcDZXanlBclpIWGJuemgiO3M6NTA6ImxvZ2luX3dlYl81OWJhMzZhZGRjMmIyZjk0MDE1ODBmMDE0YzdmNThlYTRlMzA5ODlkIjtpOjEyO3M6OToidXNlcl9yb2xlIjtzOjk6ImFwcHJlbmFudCI7czoyMDoidXNlcl9hbm5lZV9mb3JtYXRpb24iO3M6OToiMjAyNC0yMDI1IjtzOjE4OiJhbm5lZV9mb3JtYXRpb25faWQiO2k6MTtzOjc6InVzZXJfaWQiO2k6MTI7czoxMjoiYXBwcmVuYW50X2lkIjtpOjg7czo5OiJfcHJldmlvdXMiO2E6MTp7czozOiJ1cmwiO3M6NjI6Imh0dHBzOi8vMTkyLjE2OC4xLjI1MS9hZG1pbi9Qa2dHZXN0aW9uVGFjaGVzL3JlYWxpc2F0aW9uVGFjaGVzIjt9czo2OiJfZmxhc2giO2E6Mjp7czozOiJvbGQiO2E6MDp7fXM6MzoibmV3IjthOjA6e319czoxMzoiY29udGV4dF9zdGF0ZSI7YToxOntzOjU6InNjb3BlIjthOjE6e3M6NjoiZ2xvYmFsIjthOjE6e3M6MTg6ImFubmVlX2Zvcm1hdGlvbl9pZCI7aToxO319fX0=',1740998692),('R2EyT5Kh9cbGsDtVfdY8TtzYRs7nzCCUJyzFvzJY',7,'192.168.1.7','Mozilla/5.0 (Windows NT 10.0; Win64; x64) AppleWebKit/537.36 (KHTML, like Gecko) Chrome/133.0.0.0 Safari/537.36','YToxMjp7czo2OiJfdG9rZW4iO3M6NDA6IlFsSklxQW1zNTJkdDZlcnRLOTYxV1FmbFBQY1V1UUo1NlFBYjliVjkiO3M6OToiX3ByZXZpb3VzIjthOjE6e3M6MzoidXJsIjtzOjYyOiJodHRwczovLzE5Mi4xNjguMS4yNTEvYWRtaW4vUGtnR2VzdGlvblRhY2hlcy9yZWFsaXNhdGlvblRhY2hlcyI7fXM6NjoiX2ZsYXNoIjthOjI6e3M6Mzoib2xkIjthOjA6e31zOjM6Im5ldyI7YTowOnt9fXM6MzoidXJsIjthOjA6e31zOjUwOiJsb2dpbl93ZWJfNTliYTM2YWRkYzJiMmY5NDAxNTgwZjAxNGM3ZjU4ZWE0ZTMwOTg5ZCI7aTo3O3M6NDoiYXV0aCI7YToxOntzOjIxOiJwYXNzd29yZF9jb25maXJtZWRfYXQiO2k6MTc0MDk5Mzc0MTt9czo5OiJ1c2VyX3JvbGUiO3M6OToiYXBwcmVuYW50IjtzOjIwOiJ1c2VyX2FubmVlX2Zvcm1hdGlvbiI7czo5OiIyMDI0LTIwMjUiO3M6MTg6ImFubmVlX2Zvcm1hdGlvbl9pZCI7aToxO3M6NzoidXNlcl9pZCI7aTo3O3M6MTI6ImFwcHJlbmFudF9pZCI7aTozO3M6MTM6ImNvbnRleHRfc3RhdGUiO2E6MTp7czo1OiJzY29wZSI7YToxOntzOjY6Imdsb2JhbCI7YToxOntzOjE4OiJhbm5lZV9mb3JtYXRpb25faWQiO2k6MTt9fX19',1740998284),('TqzvGI2VnjGSuTbmra6MesrtI6UCv10ntFmAxPNI',14,'192.168.1.51','Mozilla/5.0 (Windows NT 10.0; Win64; x64) AppleWebKit/537.36 (KHTML, like Gecko) Chrome/133.0.0.0 Safari/537.36','YToxMDp7czo2OiJfdG9rZW4iO3M6NDA6IjZqUTRYOEc1d1hVOEgxY1JxWHJ0cmdCZWJBeHFSdWRuQkUwNkxlVFkiO3M6NTA6ImxvZ2luX3dlYl81OWJhMzZhZGRjMmIyZjk0MDE1ODBmMDE0YzdmNThlYTRlMzA5ODlkIjtpOjE0O3M6OToidXNlcl9yb2xlIjtzOjk6ImFwcHJlbmFudCI7czoyMDoidXNlcl9hbm5lZV9mb3JtYXRpb24iO3M6OToiMjAyNC0yMDI1IjtzOjE4OiJhbm5lZV9mb3JtYXRpb25faWQiO2k6MTtzOjc6InVzZXJfaWQiO2k6MTQ7czoxMjoiYXBwcmVuYW50X2lkIjtpOjEwO3M6MTM6ImNvbnRleHRfc3RhdGUiO2E6MTp7czo1OiJzY29wZSI7YToxOntzOjY6Imdsb2JhbCI7YToxOntzOjE4OiJhbm5lZV9mb3JtYXRpb25faWQiO2k6MTt9fX1zOjk6Il9wcmV2aW91cyI7YToxOntzOjM6InVybCI7czo5MToiaHR0cHM6Ly8xOTIuMTY4LjEuMjUxL2FkbWluL1BrZ1JlYWxpc2F0aW9uUHJvamV0cy9yZWFsaXNhdGlvblByb2pldHM/YXBwcmVuYW50X2lkPTE1JnBhZ2U9MSI7fXM6NjoiX2ZsYXNoIjthOjI6e3M6Mzoib2xkIjthOjA6e31zOjM6Im5ldyI7YTowOnt9fX0=',1740999109),('VpqE1WpPIgck8DdlPvWLRWp5zLWGrVsZzeTpqypq',13,'192.168.1.47','Mozilla/5.0 (Windows NT 10.0; Win64; x64) AppleWebKit/537.36 (KHTML, like Gecko) Chrome/133.0.0.0 Safari/537.36','YToxMjp7czo2OiJfdG9rZW4iO3M6NDA6IkwzTFg1UDVQelhodzl1QzI0V0ZjSm9qeWg5YTZmbVhVWnFkRW1zTG4iO3M6MzoidXJsIjthOjA6e31zOjk6Il9wcmV2aW91cyI7YToxOntzOjM6InVybCI7czo2MjoiaHR0cHM6Ly8xOTIuMTY4LjEuMjUxL2FkbWluL1BrZ0dlc3Rpb25UYWNoZXMvcmVhbGlzYXRpb25UYWNoZXMiO31zOjY6Il9mbGFzaCI7YToyOntzOjM6Im9sZCI7YTowOnt9czozOiJuZXciO2E6MDp7fX1zOjUwOiJsb2dpbl93ZWJfNTliYTM2YWRkYzJiMmY5NDAxNTgwZjAxNGM3ZjU4ZWE0ZTMwOTg5ZCI7aToxMztzOjQ6ImF1dGgiO2E6MTp7czoyMToicGFzc3dvcmRfY29uZmlybWVkX2F0IjtpOjE3NDA5OTM0MDE7fXM6OToidXNlcl9yb2xlIjtzOjk6ImFwcHJlbmFudCI7czoyMDoidXNlcl9hbm5lZV9mb3JtYXRpb24iO3M6OToiMjAyNC0yMDI1IjtzOjE4OiJhbm5lZV9mb3JtYXRpb25faWQiO2k6MTtzOjc6InVzZXJfaWQiO2k6MTM7czoxMjoiYXBwcmVuYW50X2lkIjtpOjk7czoxMzoiY29udGV4dF9zdGF0ZSI7YToxOntzOjU6InNjb3BlIjthOjE6e3M6NjoiZ2xvYmFsIjthOjE6e3M6MTg6ImFubmVlX2Zvcm1hdGlvbl9pZCI7aToxO319fX0=',1740999383);
/*!40000 ALTER TABLE `sessions` ENABLE KEYS */;
UNLOCK TABLES;

--
-- Table structure for table `specialites`
--

DROP TABLE IF EXISTS `specialites`;
/*!40101 SET @saved_cs_client     = @@character_set_client */;
/*!50503 SET character_set_client = utf8mb4 */;
CREATE TABLE `specialites` (
  `id` bigint unsigned NOT NULL AUTO_INCREMENT,
  `nom` varchar(255) CHARACTER SET utf8mb4 COLLATE utf8mb4_unicode_ci NOT NULL,
  `description` longtext CHARACTER SET utf8mb4 COLLATE utf8mb4_unicode_ci,
  `reference` varchar(255) CHARACTER SET utf8mb4 COLLATE utf8mb4_unicode_ci NOT NULL,
  `created_at` timestamp NULL DEFAULT NULL,
  `updated_at` timestamp NULL DEFAULT NULL,
  PRIMARY KEY (`id`),
  UNIQUE KEY `specialites_reference_unique` (`reference`)
) ENGINE=InnoDB AUTO_INCREMENT=6 DEFAULT CHARSET=utf8mb4 COLLATE=utf8mb4_unicode_ci;
/*!40101 SET character_set_client = @saved_cs_client */;

--
-- Dumping data for table `specialites`
--

LOCK TABLES `specialites` WRITE;
/*!40000 ALTER TABLE `specialites` DISABLE KEYS */;
INSERT INTO `specialites` VALUES (1,'Développement logiciel','Spécialité axée sur la programmation','969929e5-53b3-4b43-94f6-71eea032716c','2025-02-19 06:39:33','2025-02-19 06:39:33'),(2,'Communication efficace','Formation dédiée aux compétences de communication interpersonnelle et professionnelle.','fd1c8fe2-2835-4623-b89c-2c80280f4a22','2025-02-19 06:39:33','2025-02-19 06:39:33'),(3,'Soft skills','Spécialité en développement personnel','4874a91c-4b19-4d5c-a669-0825ae816f0e','2025-02-19 06:39:33','2025-02-19 06:39:33'),(4,'Entrepreneuriat','Formation axée sur la création','6d0dfd2c-b2bb-4663-ae77-0a860c1f9733','2025-02-19 06:39:33','2025-02-19 06:39:33'),(5,'Leadership et management','Spécialité orientée vers la gestion d\'équipe','bd47067c-5faa-4e76-b654-56c284bcb635','2025-02-19 06:39:33','2025-02-19 06:39:33');
/*!40000 ALTER TABLE `specialites` ENABLE KEYS */;
UNLOCK TABLES;

--
-- Table structure for table `sys_colors`
--

DROP TABLE IF EXISTS `sys_colors`;
/*!40101 SET @saved_cs_client     = @@character_set_client */;
/*!50503 SET character_set_client = utf8mb4 */;
CREATE TABLE `sys_colors` (
  `id` bigint unsigned NOT NULL AUTO_INCREMENT,
  `name` varchar(255) CHARACTER SET utf8mb4 COLLATE utf8mb4_unicode_ci NOT NULL,
  `hex` varchar(7) CHARACTER SET utf8mb4 COLLATE utf8mb4_unicode_ci NOT NULL,
  `reference` varchar(255) CHARACTER SET utf8mb4 COLLATE utf8mb4_unicode_ci NOT NULL,
  `created_at` timestamp NULL DEFAULT NULL,
  `updated_at` timestamp NULL DEFAULT NULL,
  PRIMARY KEY (`id`),
  UNIQUE KEY `sys_colors_reference_unique` (`reference`)
) ENGINE=InnoDB AUTO_INCREMENT=22 DEFAULT CHARSET=utf8mb4 COLLATE=utf8mb4_unicode_ci;
/*!40101 SET character_set_client = @saved_cs_client */;

--
-- Dumping data for table `sys_colors`
--

LOCK TABLES `sys_colors` WRITE;
/*!40000 ALTER TABLE `sys_colors` DISABLE KEYS */;
INSERT INTO `sys_colors` VALUES (1,'primary','#007bff','b2db1c1c-9db4-4b1a-b91a-1cdbeeeec5e6','2025-02-19 06:38:56','2025-02-19 06:38:56'),(2,'secondary','#6c757d','2e2c9654-5974-46ea-a3a7-9fb79efc3a81','2025-02-19 06:38:56','2025-02-19 06:38:56'),(3,'success','#28a745','36f4d67b-5074-4132-8858-aff2fa4f98c4','2025-02-19 06:38:56','2025-02-19 06:38:56'),(4,'info','#17a2b8','20f31e91-0c74-48f0-b7f7-9a0ab4a05a52','2025-02-19 06:38:56','2025-02-19 06:38:56'),(5,'warning','#ffc107','4cae567b-fe6c-4f8b-9dd5-22e209c77a41','2025-02-19 06:38:56','2025-02-19 06:38:56'),(6,'danger','#dc3545','486f692f-722f-4a0e-aa94-63a8aecdea8c','2025-02-19 06:38:56','2025-02-19 06:38:56'),(7,'light','#f8f9fa','424246af-28b3-440a-9b83-2f967cde3fab','2025-02-19 06:38:56','2025-02-19 06:38:56'),(8,'dark','#343a40','1c958e65-8ec8-4a8a-9522-66e4a018d014','2025-02-19 06:38:56','2025-02-19 06:38:56'),(9,'indigo','#6610f2','f8ac016b-014e-421f-bbe1-7592a9af2afd','2025-02-19 06:38:56','2025-02-19 06:38:56'),(10,'purple','#6f42c1','6d038a3b-391f-409d-88a1-4597b3c2390e','2025-02-19 06:38:56','2025-02-19 06:38:56'),(11,'pink','#e83e8c','1159b69a-46bb-4a99-9d0f-ebe506b39236','2025-02-19 06:38:56','2025-02-19 06:38:56'),(12,'red','#ff0000','3c729170-7714-4564-8407-ca64c35470bb','2025-02-19 06:38:56','2025-02-19 06:38:56'),(13,'orange','#fd7e14','488ab486-9165-4182-924f-ccd842eaa65b','2025-02-19 06:38:56','2025-02-19 06:38:56'),(14,'yellow','#ffc107','d59cb337-439d-4b78-b643-a4eabc5d1cd2','2025-02-19 06:38:56','2025-02-19 06:38:56'),(15,'green','#28a745','26caaa49-ad6b-4b61-80a3-69429d0d22ef','2025-02-19 06:38:56','2025-02-19 06:38:56'),(16,'teal','#20c997','7081cd2c-1e4d-40ac-975a-d887b39dcf6f','2025-02-19 06:38:56','2025-02-19 06:38:56'),(17,'cyan','#17a2b8','cf8c8e1d-afb9-488d-a96d-99b0f942f15d','2025-02-19 06:38:56','2025-02-19 06:38:56'),(18,'white','#ffffff','ac1c2180-eb1a-4ce7-9cd7-0011c4e4a015','2025-02-19 06:38:56','2025-02-19 06:38:56'),(19,'gray','#6c757d','c9125b65-2c26-44be-b849-41c71bebcd44','2025-02-19 06:38:56','2025-02-19 06:38:56'),(20,'gray-dark','#343a40','f3ebd5dd-a72c-42fd-b05a-de0a5c84eeff','2025-02-19 06:38:56','2025-02-19 06:38:56'),(21,'blue','#007bff','a299fa47-1411-4fa1-8d24-c5bf8c1f9d0e','2025-02-19 06:38:56','2025-02-19 06:38:56');
/*!40000 ALTER TABLE `sys_colors` ENABLE KEYS */;
UNLOCK TABLES;

--
-- Table structure for table `sys_controllers`
--

DROP TABLE IF EXISTS `sys_controllers`;
/*!40101 SET @saved_cs_client     = @@character_set_client */;
/*!50503 SET character_set_client = utf8mb4 */;
CREATE TABLE `sys_controllers` (
  `id` bigint unsigned NOT NULL AUTO_INCREMENT,
  `sys_module_id` bigint unsigned NOT NULL,
  `name` varchar(255) CHARACTER SET utf8mb4 COLLATE utf8mb4_unicode_ci NOT NULL,
  `slug` varchar(255) CHARACTER SET utf8mb4 COLLATE utf8mb4_unicode_ci NOT NULL,
  `description` longtext CHARACTER SET utf8mb4 COLLATE utf8mb4_unicode_ci,
  `is_active` tinyint(1) NOT NULL DEFAULT '1',
  `reference` varchar(255) CHARACTER SET utf8mb4 COLLATE utf8mb4_unicode_ci NOT NULL,
  `created_at` timestamp NULL DEFAULT NULL,
  `updated_at` timestamp NULL DEFAULT NULL,
  PRIMARY KEY (`id`),
  UNIQUE KEY `sys_controllers_name_unique` (`name`),
  UNIQUE KEY `sys_controllers_slug_unique` (`slug`),
  UNIQUE KEY `sys_controllers_reference_unique` (`reference`),
  KEY `sys_controllers_sys_module_id_foreign` (`sys_module_id`),
  CONSTRAINT `sys_controllers_sys_module_id_foreign` FOREIGN KEY (`sys_module_id`) REFERENCES `sys_modules` (`id`) ON DELETE CASCADE
) ENGINE=InnoDB AUTO_INCREMENT=55 DEFAULT CHARSET=utf8mb4 COLLATE=utf8mb4_unicode_ci;
/*!40101 SET character_set_client = @saved_cs_client */;

--
-- Dumping data for table `sys_controllers`
--

LOCK TABLES `sys_controllers` WRITE;
/*!40000 ALTER TABLE `sys_controllers` DISABLE KEYS */;
INSERT INTO `sys_controllers` VALUES (1,2,'RoleController','rolecontroller','Controller for Role',1,'61c246c6-84d8-4a80-ad82-bb59cfbe80bb','2025-02-19 06:38:56','2025-02-19 06:38:56'),(2,2,'UserController','usercontroller','Controller for User',1,'9639105b-cf2b-4d6c-8330-e1b3d57a73e5','2025-02-19 06:38:58','2025-02-19 06:38:58'),(3,2,'PermissionController','permissioncontroller','Controller for Permission',1,'210f546c-c5f2-4f6f-874b-99742269649e','2025-02-19 06:38:58','2025-02-19 06:38:58'),(4,1,'SysColorController','syscolorcontroller','Controller for SysColor',1,'388c1f86-2534-45d3-bc5a-f949406433d7','2025-02-19 06:38:58','2025-02-19 06:38:58'),(5,1,'SysModuleController','sysmodulecontroller','Controller for SysModule',1,'631272ea-48d7-4e67-bd11-6a1474132751','2025-02-19 06:38:59','2025-02-19 06:38:59'),(6,1,'SysControllerController','syscontrollercontroller','Controller for SysController',1,'3845f947-4df9-41f9-a267-0243dc8bce57','2025-02-19 06:38:59','2025-02-19 06:38:59'),(7,1,'FeatureDomainController','featuredomaincontroller','Controller for FeatureDomain',1,'d1449f50-174e-4a6a-96f9-a982c45e60be','2025-02-19 06:38:59','2025-02-19 06:38:59'),(8,1,'FeatureController','featurecontroller','Controller for Feature',1,'7d7506d3-5d2a-4c1b-8dcb-fddea0830198','2025-02-19 06:39:00','2025-02-19 06:39:00'),(9,8,'ApprenantKonosyController','apprenantkonosycontroller','Controller for ApprenantKonosy',1,'b5f85902-6daa-4746-becb-c35d3830d20f','2025-02-19 06:39:26','2025-02-19 06:39:26'),(10,9,'FiliereController','filierecontroller','Controller for Filiere',1,'bf219d07-2781-4306-8dfb-d175b1ce6dbe','2025-02-19 06:39:27','2025-02-19 06:39:27'),(11,9,'ModuleController','modulecontroller','Controller for Module',1,'a174333e-7918-4bd0-b109-0e08894f9427','2025-02-19 06:39:27','2025-02-19 06:39:27'),(12,4,'CategoryTechnologyController','categorytechnologycontroller','Controller for CategoryTechnology',1,'b2dfd301-229d-4961-a37a-2fb73e6af0aa','2025-02-19 06:39:28','2025-02-19 06:39:28'),(13,4,'CompetenceController','competencecontroller','Controller for Competence',1,'6f2475af-4589-4286-b4d6-9b68ffbe88c9','2025-02-19 06:39:28','2025-02-19 06:39:28'),(14,4,'NiveauCompetenceController','niveaucompetencecontroller','Controller for NiveauCompetence',1,'c9a49ac6-7344-466c-9be2-7807c79f703d','2025-02-19 06:39:29','2025-02-19 06:39:29'),(15,4,'TechnologyController','technologycontroller','Controller for Technology',1,'f2305a6c-66d4-4d72-9fee-610ececbf5fc','2025-02-19 06:39:30','2025-02-19 06:39:30'),(16,8,'NiveauxScolaireController','niveauxscolairecontroller','Controller for NiveauxScolaire',1,'00267105-e6be-4272-965e-538d2b7cca5a','2025-02-19 06:39:30','2025-02-19 06:39:30'),(17,8,'VilleController','villecontroller','Controller for Ville',1,'ddb04f2f-9dfc-4fa1-a745-aa133dae52af','2025-02-19 06:39:31','2025-02-19 06:39:31'),(18,8,'NationaliteController','nationalitecontroller','Controller for Nationalite',1,'f48ad3ba-28e6-448b-964d-82cbbbd9b092','2025-02-19 06:39:31','2025-02-19 06:39:31'),(19,9,'AnneeFormationController','anneeformationcontroller','Controller for AnneeFormation',1,'4464b6b3-c004-4c44-b670-826c75f542c8','2025-02-19 06:39:32','2025-02-19 06:39:32'),(20,8,'GroupeController','groupecontroller','Controller for Groupe',1,'d0a172b5-d081-4df3-b5dc-9cffe908c21a','2025-02-19 06:39:32','2025-02-19 06:39:32'),(21,8,'ApprenantController','apprenantcontroller','Controller for Apprenant',1,'ff80e806-5864-4221-9036-f7fe73031824','2025-02-19 06:39:32','2025-02-19 06:39:32'),(22,9,'SpecialiteController','specialitecontroller','Controller for Specialite',1,'aded0c56-93f5-448f-9a58-77986d044975','2025-02-19 06:39:33','2025-02-19 06:39:33'),(23,1,'SysModelController','sysmodelcontroller','Controller for SysModel',1,'b26ea525-ccd3-4432-a8ea-554dddfe3dc1','2025-02-19 06:39:35','2025-02-19 06:39:35'),(24,9,'FormateurController','formateurcontroller','Controller for Formateur',1,'e0ddcd20-af5a-4951-a76d-f5111839a76c','2025-02-19 06:39:37','2025-02-19 06:39:37'),(25,5,'WidgetTypeController','widgettypecontroller','Controller for WidgetType',1,'a8ed0b15-c7c2-4a66-86ef-589f4ae1b2ab','2025-02-19 06:39:37','2025-02-19 06:39:37'),(26,5,'WidgetOperationController','widgetoperationcontroller','Controller for WidgetOperation',1,'0a6ec51c-6dd4-43f0-9b48-deccf57c8c70','2025-02-19 06:39:38','2025-02-19 06:39:38'),(27,5,'WidgetController','widgetcontroller','Controller for Widget',1,'c122f912-0976-4ba4-a1b1-05e151d4ddca','2025-02-19 06:39:38','2025-02-19 06:39:38'),(28,4,'NiveauDifficulteController','niveaudifficultecontroller','Controller for NiveauDifficulte',1,'545adeba-df68-40b2-b019-3b790e785fa1','2025-02-19 06:39:39','2025-02-19 06:39:39'),(29,6,'NatureLivrableController','naturelivrablecontroller','Controller for NatureLivrable',1,'70c046fa-fb2a-44b4-a4e3-613b0b2a1f4f','2025-02-19 06:39:39','2025-02-19 06:39:39'),(30,6,'ProjetController','projetcontroller','Controller for Projet',1,'2a8209e9-2258-47d6-8fe0-73470b0e2332','2025-02-19 06:39:40','2025-02-19 06:39:40'),(31,6,'ResourceController','resourcecontroller','Controller for Resource',1,'ced5da14-df63-4c3a-9247-dcb8392f1856','2025-02-19 06:39:40','2025-02-19 06:39:40'),(32,6,'LivrableController','livrablecontroller','Controller for Livrable',1,'f8d6860a-dec7-43a8-9a0e-4359eed2cb70','2025-02-19 06:39:41','2025-02-19 06:39:41'),(33,6,'TransfertCompetenceController','transfertcompetencecontroller','Controller for TransfertCompetence',1,'e815f046-02f4-4981-93e7-a1d551bf1b40','2025-02-19 06:39:41','2025-02-19 06:39:41'),(34,7,'EMetadataDefinitionController','emetadatadefinitioncontroller','Controller for EMetadataDefinition',1,'2d35c00f-e01f-4806-9078-8e07a46b0049','2025-02-19 06:39:42','2025-02-19 06:39:42'),(35,7,'EPackageController','epackagecontroller','Controller for EPackage',1,'8103596a-30cc-4d6d-9f1a-1ec55331d5c3','2025-02-19 06:39:42','2025-02-19 06:39:42'),(36,7,'EModelController','emodelcontroller','Controller for EModel',1,'8d2db979-2f89-4fbd-83d4-dc70e1977b5a','2025-02-19 06:39:42','2025-02-19 06:39:42'),(37,7,'ERelationshipController','erelationshipcontroller','Controller for ERelationship',1,'1147687d-6d29-4eec-a2c0-9233490d77f2','2025-02-19 06:39:43','2025-02-19 06:39:43'),(38,7,'EDataFieldController','edatafieldcontroller','Controller for EDataField',1,'25d8cb93-23ee-48f2-a916-626684768962','2025-02-19 06:39:43','2025-02-19 06:39:43'),(39,7,'EMetadatumController','emetadatumcontroller','Controller for EMetadatum',1,'88a0238f-1e19-48e5-9c19-d45690e2bd93','2025-02-19 06:39:44','2025-02-19 06:39:44'),(40,10,'EtatsRealisationProjetController','etatsrealisationprojetcontroller','Controller for EtatsRealisationProjet',1,'4e8a690f-66e7-4757-9145-1909c625c3db','2025-02-19 06:39:44','2025-02-19 06:39:44'),(41,10,'AffectationProjetController','affectationprojetcontroller','Controller for AffectationProjet',1,'dc0a459d-85d6-44e3-b559-f2aaac65f7ea','2025-02-19 06:39:45','2025-02-19 06:39:45'),(42,10,'RealisationProjetController','realisationprojetcontroller','Controller for RealisationProjet',1,'51cbb084-aadb-402c-8406-0507603c331b','2025-02-19 06:39:45','2025-02-19 06:39:45'),(43,10,'LivrablesRealisationController','livrablesrealisationcontroller','Controller for LivrablesRealisation',1,'92c953e2-4598-4ec6-bfc2-e0e2a85669a4','2025-02-19 06:39:46','2025-02-19 06:39:46'),(44,10,'ValidationController','validationcontroller','Controller for Validation',1,'df8724b4-1c56-4201-934a-6f9dd834a159','2025-02-19 06:39:46','2025-02-19 06:39:46'),(45,2,'ProfileController','profilecontroller','Controller for Profile',1,'0d863bce-534f-4991-b8d5-d0e54782d7a6','2025-02-19 06:39:46','2025-02-19 06:39:46'),(46,11,'CommentaireRealisationTacheController','commentairerealisationtachecontroller','Controller for CommentaireRealisationTache',1,'d989e137-38a4-46f2-b4d2-1500af031ff5','2025-03-03 09:37:55','2025-03-03 09:37:55'),(47,11,'DependanceTacheController','dependancetachecontroller','Controller for DependanceTache',1,'421a6b2d-d6ca-4c6d-ad90-22242e21b238','2025-03-03 09:38:10','2025-03-03 09:38:10'),(48,11,'EtatRealisationTacheController','etatrealisationtachecontroller','Controller for EtatRealisationTache',1,'11190e1f-f13a-4c88-9000-bef647977765','2025-03-03 09:38:11','2025-03-03 09:38:11'),(49,11,'HistoriqueRealisationTacheController','historiquerealisationtachecontroller','Controller for HistoriqueRealisationTache',1,'a7323c81-254b-4021-bca5-d1ab581d18a1','2025-03-03 09:38:21','2025-03-03 09:38:21'),(50,11,'LabelRealisationTacheController','labelrealisationtachecontroller','Controller for LabelRealisationTache',1,'a3d24113-b886-4d40-9913-365cec10bacb','2025-03-03 09:38:22','2025-03-03 09:38:22'),(51,11,'PrioriteTacheController','prioritetachecontroller','Controller for PrioriteTache',1,'2fe5165f-1ee1-450d-8c3c-d034c96532a6','2025-03-03 09:38:22','2025-03-03 09:38:22'),(52,11,'RealisationTacheController','realisationtachecontroller','Controller for RealisationTache',1,'018945f5-b88f-4614-9f1e-8da4b4a2ad84','2025-03-03 09:38:23','2025-03-03 09:38:23'),(53,11,'TacheController','tachecontroller','Controller for Tache',1,'0ebe06d9-fef0-4258-ba99-5beb8d3d6bee','2025-03-03 09:38:24','2025-03-03 09:38:24'),(54,11,'TypeDependanceTacheController','typedependancetachecontroller','Controller for TypeDependanceTache',1,'43b8aa5e-3130-4bb9-9912-34df04d7f9f8','2025-03-03 09:38:24','2025-03-03 09:38:24');
/*!40000 ALTER TABLE `sys_controllers` ENABLE KEYS */;
UNLOCK TABLES;

--
-- Table structure for table `sys_models`
--

DROP TABLE IF EXISTS `sys_models`;
/*!40101 SET @saved_cs_client     = @@character_set_client */;
/*!50503 SET character_set_client = utf8mb4 */;
CREATE TABLE `sys_models` (
  `id` bigint unsigned NOT NULL AUTO_INCREMENT,
  `name` varchar(255) CHARACTER SET utf8mb4 COLLATE utf8mb4_unicode_ci NOT NULL,
  `model` varchar(255) CHARACTER SET utf8mb4 COLLATE utf8mb4_unicode_ci NOT NULL,
  `description` longtext CHARACTER SET utf8mb4 COLLATE utf8mb4_unicode_ci,
  `sys_module_id` bigint unsigned NOT NULL,
  `sys_color_id` bigint unsigned DEFAULT NULL,
  `reference` varchar(255) CHARACTER SET utf8mb4 COLLATE utf8mb4_unicode_ci NOT NULL,
  `created_at` timestamp NULL DEFAULT NULL,
  `updated_at` timestamp NULL DEFAULT NULL,
  PRIMARY KEY (`id`),
  UNIQUE KEY `sys_models_reference_unique` (`reference`),
  KEY `sys_models_sys_module_id_foreign` (`sys_module_id`),
  KEY `sys_models_sys_color_id_foreign` (`sys_color_id`),
  CONSTRAINT `sys_models_sys_color_id_foreign` FOREIGN KEY (`sys_color_id`) REFERENCES `sys_colors` (`id`) ON DELETE CASCADE,
  CONSTRAINT `sys_models_sys_module_id_foreign` FOREIGN KEY (`sys_module_id`) REFERENCES `sys_modules` (`id`) ON DELETE CASCADE
) ENGINE=InnoDB AUTO_INCREMENT=93 DEFAULT CHARSET=utf8mb4 COLLATE=utf8mb4_unicode_ci;
/*!40101 SET character_set_client = @saved_cs_client */;

--
-- Dumping data for table `sys_models`
--

LOCK TABLES `sys_models` WRITE;
/*!40000 ALTER TABLE `sys_models` DISABLE KEYS */;
INSERT INTO `sys_models` VALUES (1,'Livrable','Modules\\PkgCreationProjet\\Models\\Livrable','Automatically added for model Modules\\PkgCreationProjet\\Models\\Livrable',6,NULL,'9612c085-a6af-446b-84dd-1fe75732f4b0','2025-02-19 06:39:33','2025-02-19 06:39:33'),(2,'NatureLivrable','Modules\\PkgCreationProjet\\Models\\NatureLivrable','Automatically added for model Modules\\PkgCreationProjet\\Models\\NatureLivrable',6,NULL,'5cd50a3d-6d91-485f-a5d4-8c9cefb169c0','2025-02-19 06:39:33','2025-02-19 06:39:33'),(3,'Resource','Modules\\PkgCreationProjet\\Models\\Resource','Automatically added for model Modules\\PkgCreationProjet\\Models\\Resource',6,NULL,'a804d0ab-31ee-4067-ad7d-de862f38db99','2025-02-19 06:39:33','2025-02-19 06:39:33'),(4,'BaseResource','Modules\\PkgCreationProjet\\Models\\Base\\BaseResource','Automatically added for model Modules\\PkgCreationProjet\\Models\\Base\\BaseResource',6,NULL,'425c5ece-9f96-48df-b15e-ac11be1e12a5','2025-02-19 06:39:33','2025-02-19 06:39:33'),(5,'BaseTransfertCompetence','Modules\\PkgCreationProjet\\Models\\Base\\BaseTransfertCompetence','Automatically added for model Modules\\PkgCreationProjet\\Models\\Base\\BaseTransfertCompetence',6,NULL,'e54af082-f007-458b-9503-69511b70d07a','2025-02-19 06:39:33','2025-02-19 06:39:33'),(6,'BaseLivrable','Modules\\PkgCreationProjet\\Models\\Base\\BaseLivrable','Automatically added for model Modules\\PkgCreationProjet\\Models\\Base\\BaseLivrable',6,NULL,'0eba5d20-59e0-45ca-bf13-01bc514a1dd1','2025-02-19 06:39:33','2025-02-19 06:39:33'),(7,'BaseProjet','Modules\\PkgCreationProjet\\Models\\Base\\BaseProjet','Automatically added for model Modules\\PkgCreationProjet\\Models\\Base\\BaseProjet',6,NULL,'3e922923-491c-476f-b323-acf92826aba5','2025-02-19 06:39:33','2025-02-19 06:39:33'),(8,'BaseNatureLivrable','Modules\\PkgCreationProjet\\Models\\Base\\BaseNatureLivrable','Automatically added for model Modules\\PkgCreationProjet\\Models\\Base\\BaseNatureLivrable',6,NULL,'f3895c98-fdd4-4589-8cf7-88fc34ae332b','2025-02-19 06:39:33','2025-02-19 06:39:33'),(9,'TransfertCompetence','Modules\\PkgCreationProjet\\Models\\TransfertCompetence','Automatically added for model Modules\\PkgCreationProjet\\Models\\TransfertCompetence',6,NULL,'c1c8e80e-2755-49b1-a6cc-7b271b2fae49','2025-02-19 06:39:33','2025-02-19 06:39:33'),(10,'Projet','Modules\\PkgCreationProjet\\Models\\Projet','Automatically added for model Modules\\PkgCreationProjet\\Models\\Projet',6,NULL,'4658928e-d237-4512-82a6-d6d8326efc1e','2025-02-19 06:39:33','2025-02-19 06:39:33'),(11,'Apprenant','Modules\\PkgApprenants\\Models\\Apprenant','Automatically added for model Modules\\PkgApprenants\\Models\\Apprenant',8,NULL,'6260eaca-8a02-4446-adbb-66477c768f36','2025-02-19 06:39:33','2025-02-19 06:39:33'),(12,'BaseNationalite','Modules\\PkgApprenants\\Models\\Base\\BaseNationalite','Automatically added for model Modules\\PkgApprenants\\Models\\Base\\BaseNationalite',8,NULL,'d07e79c1-2523-4086-b071-41a29a8de51f','2025-02-19 06:39:33','2025-02-19 06:39:33'),(13,'BaseApprenant','Modules\\PkgApprenants\\Models\\Base\\BaseApprenant','Automatically added for model Modules\\PkgApprenants\\Models\\Base\\BaseApprenant',8,NULL,'a8ba6ed3-524e-4fb9-b3a5-02e16187c13c','2025-02-19 06:39:33','2025-02-19 06:39:33'),(14,'BaseVille','Modules\\PkgApprenants\\Models\\Base\\BaseVille','Automatically added for model Modules\\PkgApprenants\\Models\\Base\\BaseVille',8,NULL,'d80c6c4a-2173-4f20-b8c3-f68cdff80979','2025-02-19 06:39:33','2025-02-19 06:39:33'),(15,'BaseNiveauxScolaire','Modules\\PkgApprenants\\Models\\Base\\BaseNiveauxScolaire','Automatically added for model Modules\\PkgApprenants\\Models\\Base\\BaseNiveauxScolaire',8,NULL,'6ca0a883-9234-4d0f-a639-8b9473c3b685','2025-02-19 06:39:33','2025-02-19 06:39:33'),(16,'BaseGroupe','Modules\\PkgApprenants\\Models\\Base\\BaseGroupe','Automatically added for model Modules\\PkgApprenants\\Models\\Base\\BaseGroupe',8,NULL,'83e9e999-d388-4016-a29f-415265b1c8fc','2025-02-19 06:39:33','2025-02-19 06:39:33'),(17,'BaseApprenantKonosy','Modules\\PkgApprenants\\Models\\Base\\BaseApprenantKonosy','Automatically added for model Modules\\PkgApprenants\\Models\\Base\\BaseApprenantKonosy',8,NULL,'3fbb7258-c256-41fd-b6d0-a07101ab3d16','2025-02-19 06:39:33','2025-02-19 06:39:33'),(18,'Nationalite','Modules\\PkgApprenants\\Models\\Nationalite','Automatically added for model Modules\\PkgApprenants\\Models\\Nationalite',8,NULL,'6229519a-bc00-4153-b432-575d820e295c','2025-02-19 06:39:33','2025-02-19 06:39:33'),(19,'NiveauxScolaire','Modules\\PkgApprenants\\Models\\NiveauxScolaire','Automatically added for model Modules\\PkgApprenants\\Models\\NiveauxScolaire',8,NULL,'baeaef33-616f-481a-a885-5af409977ec0','2025-02-19 06:39:34','2025-02-19 06:39:34'),(20,'Ville','Modules\\PkgApprenants\\Models\\Ville','Automatically added for model Modules\\PkgApprenants\\Models\\Ville',8,NULL,'5e887129-f8e9-4f10-8303-0153c9a8961f','2025-02-19 06:39:34','2025-02-19 06:39:34'),(21,'ApprenantKonosy','Modules\\PkgApprenants\\Models\\ApprenantKonosy','Automatically added for model Modules\\PkgApprenants\\Models\\ApprenantKonosy',8,NULL,'6ac7624c-74c8-4fa9-9dc1-596d2b15319a','2025-02-19 06:39:34','2025-02-19 06:39:34'),(22,'Groupe','Modules\\PkgApprenants\\Models\\Groupe','Automatically added for model Modules\\PkgApprenants\\Models\\Groupe',8,NULL,'2745d85e-4f89-455c-bccf-382a95659158','2025-02-19 06:39:34','2025-02-19 06:39:34'),(23,'Role','Modules\\PkgAutorisation\\Models\\Role','Automatically added for model Modules\\PkgAutorisation\\Models\\Role',2,NULL,'9bd9bf46-cf9a-4221-ade7-e14e26b8a3c4','2025-02-19 06:39:34','2025-02-19 06:39:34'),(24,'Profile','Modules\\PkgAutorisation\\Models\\Profile','Automatically added for model Modules\\PkgAutorisation\\Models\\Profile',2,NULL,'6801fb3a-3881-4062-b33e-a9146be513fb','2025-02-19 06:39:34','2025-02-19 06:39:34'),(25,'Permission','Modules\\PkgAutorisation\\Models\\Permission','Automatically added for model Modules\\PkgAutorisation\\Models\\Permission',2,NULL,'71f2fdfe-a5e0-4295-87de-36e0e794fe07','2025-02-19 06:39:34','2025-02-19 06:39:34'),(26,'User','Modules\\PkgAutorisation\\Models\\User','Automatically added for model Modules\\PkgAutorisation\\Models\\User',2,NULL,'64437682-d0f8-45fe-8217-92e9c69c13ae','2025-02-19 06:39:34','2025-02-19 06:39:34'),(27,'BaseRole','Modules\\PkgAutorisation\\Models\\Base\\BaseRole','Automatically added for model Modules\\PkgAutorisation\\Models\\Base\\BaseRole',2,NULL,'b988fa3e-8674-4dfe-b198-017166fd0b64','2025-02-19 06:39:34','2025-02-19 06:39:34'),(28,'BasePermission','Modules\\PkgAutorisation\\Models\\Base\\BasePermission','Automatically added for model Modules\\PkgAutorisation\\Models\\Base\\BasePermission',2,NULL,'2ea2baac-85ab-46b3-b098-fd8ffd3e717d','2025-02-19 06:39:34','2025-02-19 06:39:34'),(29,'BaseUser','Modules\\PkgAutorisation\\Models\\Base\\BaseUser','Automatically added for model Modules\\PkgAutorisation\\Models\\Base\\BaseUser',2,NULL,'4c4a531e-d96e-42c8-9796-fbc85a1ef785','2025-02-19 06:39:34','2025-02-19 06:39:34'),(30,'BaseProfile','Modules\\PkgAutorisation\\Models\\Base\\BaseProfile','Automatically added for model Modules\\PkgAutorisation\\Models\\Base\\BaseProfile',2,NULL,'1b3994fe-fcad-44dd-b5f3-5dc18f31110c','2025-02-19 06:39:34','2025-02-19 06:39:34'),(31,'SysModule','Modules\\Core\\Models\\SysModule','Automatically added for model Modules\\Core\\Models\\SysModule',1,NULL,'8cf7ba48-28f2-4cd1-af0f-0663b5b12102','2025-02-19 06:39:34','2025-02-19 06:39:34'),(32,'FeatureDomain','Modules\\Core\\Models\\FeatureDomain','Automatically added for model Modules\\Core\\Models\\FeatureDomain',1,NULL,'59ce5640-563d-4851-bbb0-8f3060521a8f','2025-02-19 06:39:34','2025-02-19 06:39:34'),(33,'SysColor','Modules\\Core\\Models\\SysColor','Automatically added for model Modules\\Core\\Models\\SysColor',1,NULL,'48c87693-849e-4f85-97cf-2325e33c8752','2025-02-19 06:39:34','2025-02-19 06:39:34'),(34,'SysController','Modules\\Core\\Models\\SysController','Automatically added for model Modules\\Core\\Models\\SysController',1,NULL,'0ff15947-799c-4645-8d68-b04233350d4d','2025-02-19 06:39:34','2025-02-19 06:39:34'),(35,'BaseFeatureDomain','Modules\\Core\\Models\\Base\\BaseFeatureDomain','Automatically added for model Modules\\Core\\Models\\Base\\BaseFeatureDomain',1,NULL,'e3e08ce9-8cbe-43f5-8772-3b808a9ab106','2025-02-19 06:39:34','2025-02-19 06:39:34'),(36,'BaseSysController','Modules\\Core\\Models\\Base\\BaseSysController','Automatically added for model Modules\\Core\\Models\\Base\\BaseSysController',1,NULL,'b77d986a-5793-47c2-861e-7808aeadd445','2025-02-19 06:39:34','2025-02-19 06:39:34'),(37,'BaseSysModule','Modules\\Core\\Models\\Base\\BaseSysModule','Automatically added for model Modules\\Core\\Models\\Base\\BaseSysModule',1,NULL,'c0a7d6a7-f968-43d8-afc0-3e1559ff06aa','2025-02-19 06:39:34','2025-02-19 06:39:34'),(38,'BaseSysModel','Modules\\Core\\Models\\Base\\BaseSysModel','Automatically added for model Modules\\Core\\Models\\Base\\BaseSysModel',1,NULL,'359e574c-4aff-41a8-8bf5-b119a9e6aba6','2025-02-19 06:39:34','2025-02-19 06:39:34'),(39,'BaseSysColor','Modules\\Core\\Models\\Base\\BaseSysColor','Automatically added for model Modules\\Core\\Models\\Base\\BaseSysColor',1,NULL,'6adc6225-b6ac-4fa2-af0f-21102cabb623','2025-02-19 06:39:34','2025-02-19 06:39:34'),(40,'BaseFeature','Modules\\Core\\Models\\Base\\BaseFeature','Automatically added for model Modules\\Core\\Models\\Base\\BaseFeature',1,NULL,'5bc7462c-55e6-493e-b6f9-70965f417ca7','2025-02-19 06:39:34','2025-02-19 06:39:34'),(41,'BaseModel','Modules\\Core\\Models\\BaseModel','Automatically added for model Modules\\Core\\Models\\BaseModel',1,NULL,'ceb60050-b48a-4472-9165-48afbca5dfbd','2025-02-19 06:39:34','2025-02-19 06:39:34'),(42,'Feature','Modules\\Core\\Models\\Feature','Automatically added for model Modules\\Core\\Models\\Feature',1,NULL,'e96f53da-bd45-4f8f-a29c-0e933d2176a4','2025-02-19 06:39:34','2025-02-19 06:39:34'),(43,'SysModel','Modules\\Core\\Models\\SysModel','Automatically added for model Modules\\Core\\Models\\SysModel',1,NULL,'2cae3739-a84b-4f4f-b695-258664e99a21','2025-02-19 06:39:34','2025-02-19 06:39:34'),(44,'WidgetType','Modules\\PkgWidgets\\Models\\WidgetType','Automatically added for model Modules\\PkgWidgets\\Models\\WidgetType',5,NULL,'e57f851d-d7b2-481c-8b18-abcaf7c376c1','2025-02-19 06:39:34','2025-02-19 06:39:34'),(45,'BaseWidgetType','Modules\\PkgWidgets\\Models\\Base\\BaseWidgetType','Automatically added for model Modules\\PkgWidgets\\Models\\Base\\BaseWidgetType',5,NULL,'de328487-baa2-43a8-921d-bbb27f054240','2025-02-19 06:39:34','2025-02-19 06:39:34'),(46,'BaseWidgetOperation','Modules\\PkgWidgets\\Models\\Base\\BaseWidgetOperation','Automatically added for model Modules\\PkgWidgets\\Models\\Base\\BaseWidgetOperation',5,NULL,'f3031ea3-e610-4beb-8306-c5cf907d5925','2025-02-19 06:39:34','2025-02-19 06:39:34'),(47,'BaseWidget','Modules\\PkgWidgets\\Models\\Base\\BaseWidget','Automatically added for model Modules\\PkgWidgets\\Models\\Base\\BaseWidget',5,NULL,'b2ef5f75-e828-4d45-8602-f41b3bc2dbe8','2025-02-19 06:39:34','2025-02-19 06:39:34'),(48,'WidgetOperation','Modules\\PkgWidgets\\Models\\WidgetOperation','Automatically added for model Modules\\PkgWidgets\\Models\\WidgetOperation',5,NULL,'b1c3d19d-c2f6-4f1d-8ed5-a7b653ff8c04','2025-02-19 06:39:34','2025-02-19 06:39:34'),(49,'Widget','Modules\\PkgWidgets\\Models\\Widget','Automatically added for model Modules\\PkgWidgets\\Models\\Widget',5,NULL,'e38f0e2d-b2ed-40f4-8b24-e856181329d4','2025-02-19 06:39:34','2025-02-19 06:39:34'),(50,'EMetadatum','Modules\\PkgGapp\\Models\\EMetadatum','Automatically added for model Modules\\PkgGapp\\Models\\EMetadatum',7,NULL,'000dc988-cb0d-45f1-aed0-cca6c58d68e1','2025-02-19 06:39:34','2025-02-19 06:39:34'),(51,'EPackage','Modules\\PkgGapp\\Models\\EPackage','Automatically added for model Modules\\PkgGapp\\Models\\EPackage',7,NULL,'c7368e47-0c96-4d32-a7f4-caa0c7469af7','2025-02-19 06:39:34','2025-02-19 06:39:34'),(52,'EMetadataDefinition','Modules\\PkgGapp\\Models\\EMetadataDefinition','Automatically added for model Modules\\PkgGapp\\Models\\EMetadataDefinition',7,NULL,'d5d09aa5-ed83-4be8-98c6-a902ef45c15d','2025-02-19 06:39:34','2025-02-19 06:39:34'),(53,'EDataField','Modules\\PkgGapp\\Models\\EDataField','Automatically added for model Modules\\PkgGapp\\Models\\EDataField',7,NULL,'c1a3a85b-88c6-4466-bc2b-1cdcc05689ce','2025-02-19 06:39:34','2025-02-19 06:39:34'),(54,'EModel','Modules\\PkgGapp\\Models\\EModel','Automatically added for model Modules\\PkgGapp\\Models\\EModel',7,NULL,'2bce1949-fead-47ef-aa8a-25fffb775839','2025-02-19 06:39:34','2025-02-19 06:39:34'),(55,'BaseEMetadatum','Modules\\PkgGapp\\Models\\Base\\BaseEMetadatum','Automatically added for model Modules\\PkgGapp\\Models\\Base\\BaseEMetadatum',7,NULL,'00a03f74-9906-4233-b064-8475c56640d9','2025-02-19 06:39:34','2025-02-19 06:39:34'),(56,'BaseEDataField','Modules\\PkgGapp\\Models\\Base\\BaseEDataField','Automatically added for model Modules\\PkgGapp\\Models\\Base\\BaseEDataField',7,NULL,'d43c82e3-128e-437c-bdee-133253005bcd','2025-02-19 06:39:34','2025-02-19 06:39:34'),(57,'BaseEPackage','Modules\\PkgGapp\\Models\\Base\\BaseEPackage','Automatically added for model Modules\\PkgGapp\\Models\\Base\\BaseEPackage',7,NULL,'bf86720c-43d8-496d-af85-98b5262238ff','2025-02-19 06:39:34','2025-02-19 06:39:34'),(58,'BaseERelationship','Modules\\PkgGapp\\Models\\Base\\BaseERelationship','Automatically added for model Modules\\PkgGapp\\Models\\Base\\BaseERelationship',7,NULL,'a040dd93-9cd6-4554-95f7-0de233a04788','2025-02-19 06:39:34','2025-02-19 06:39:34'),(59,'BaseEModel','Modules\\PkgGapp\\Models\\Base\\BaseEModel','Automatically added for model Modules\\PkgGapp\\Models\\Base\\BaseEModel',7,NULL,'03077e7b-7bce-4698-b505-eef689a8b875','2025-02-19 06:39:34','2025-02-19 06:39:34'),(60,'BaseEMetadataDefinition','Modules\\PkgGapp\\Models\\Base\\BaseEMetadataDefinition','Automatically added for model Modules\\PkgGapp\\Models\\Base\\BaseEMetadataDefinition',7,NULL,'67c0f810-b4bc-4bc9-867d-44806047bca6','2025-02-19 06:39:34','2025-02-19 06:39:34'),(61,'ERelationship','Modules\\PkgGapp\\Models\\ERelationship','Automatically added for model Modules\\PkgGapp\\Models\\ERelationship',7,NULL,'8d2feee0-d3d6-47fa-8e8b-180b737cf9aa','2025-02-19 06:39:34','2025-02-19 06:39:34'),(62,'Technology','Modules\\PkgCompetences\\Models\\Technology','Automatically added for model Modules\\PkgCompetences\\Models\\Technology',4,NULL,'fb936d26-679d-4062-8967-3f588fae4bca','2025-02-19 06:39:34','2025-02-19 06:39:34'),(63,'Competence','Modules\\PkgCompetences\\Models\\Competence','Automatically added for model Modules\\PkgCompetences\\Models\\Competence',4,NULL,'916f9d88-5d3c-48d0-b43f-c3ef3548bb62','2025-02-19 06:39:34','2025-02-19 06:39:34'),(64,'NiveauDifficulte','Modules\\PkgCompetences\\Models\\NiveauDifficulte','Automatically added for model Modules\\PkgCompetences\\Models\\NiveauDifficulte',4,NULL,'13a138bd-cce3-45c1-b7e0-f545cadbb3db','2025-02-19 06:39:34','2025-02-19 06:39:34'),(65,'CategoryTechnology','Modules\\PkgCompetences\\Models\\CategoryTechnology','Automatically added for model Modules\\PkgCompetences\\Models\\CategoryTechnology',4,NULL,'22a07014-95bf-4882-83ce-9132c86c04ac','2025-02-19 06:39:34','2025-02-19 06:39:34'),(66,'BaseNiveauCompetence','Modules\\PkgCompetences\\Models\\Base\\BaseNiveauCompetence','Automatically added for model Modules\\PkgCompetences\\Models\\Base\\BaseNiveauCompetence',4,NULL,'911e17c2-c57b-4e5f-b48b-aba56ae79036','2025-02-19 06:39:34','2025-02-19 06:39:34'),(67,'BaseNiveauDifficulte','Modules\\PkgCompetences\\Models\\Base\\BaseNiveauDifficulte','Automatically added for model Modules\\PkgCompetences\\Models\\Base\\BaseNiveauDifficulte',4,NULL,'5b24a3d6-531e-4488-8d84-a8c0ace833b0','2025-02-19 06:39:34','2025-02-19 06:39:34'),(68,'BaseCompetence','Modules\\PkgCompetences\\Models\\Base\\BaseCompetence','Automatically added for model Modules\\PkgCompetences\\Models\\Base\\BaseCompetence',4,NULL,'bea4b971-3abe-4de0-964d-f51ea981da47','2025-02-19 06:39:34','2025-02-19 06:39:34'),(69,'BaseCategoryTechnology','Modules\\PkgCompetences\\Models\\Base\\BaseCategoryTechnology','Automatically added for model Modules\\PkgCompetences\\Models\\Base\\BaseCategoryTechnology',4,NULL,'c6f9dfe7-caf2-4f26-ab81-6b2b2f4fbdf1','2025-02-19 06:39:34','2025-02-19 06:39:34'),(70,'BaseAppreciation','Modules\\PkgCompetences\\Models\\Base\\BaseAppreciation','Automatically added for model Modules\\PkgCompetences\\Models\\Base\\BaseAppreciation',4,NULL,'a7a3e39b-571c-4c5f-a5ed-669b846b374c','2025-02-19 06:39:34','2025-02-19 06:39:34'),(71,'BaseTechnology','Modules\\PkgCompetences\\Models\\Base\\BaseTechnology','Automatically added for model Modules\\PkgCompetences\\Models\\Base\\BaseTechnology',4,NULL,'4a6c5a6e-4e6a-4f6d-8f9e-0f282b09de59','2025-02-19 06:39:34','2025-02-19 06:39:34'),(72,'NiveauCompetence','Modules\\PkgCompetences\\Models\\NiveauCompetence','Automatically added for model Modules\\PkgCompetences\\Models\\NiveauCompetence',4,NULL,'82ac474b-c0db-4803-900b-a7527f292e89','2025-02-19 06:39:34','2025-02-19 06:39:34'),(73,'Formateur','Modules\\PkgFormation\\Models\\Formateur','Automatically added for model Modules\\PkgFormation\\Models\\Formateur',9,NULL,'79d62fdf-96bf-4033-9073-677927fce814','2025-02-19 06:39:34','2025-02-19 06:39:34'),(74,'Filiere','Modules\\PkgFormation\\Models\\Filiere','Automatically added for model Modules\\PkgFormation\\Models\\Filiere',9,NULL,'9620d7f4-a79a-4cb9-86ce-12802e179562','2025-02-19 06:39:34','2025-02-19 06:39:34'),(75,'BaseSpecialite','Modules\\PkgFormation\\Models\\Base\\BaseSpecialite','Automatically added for model Modules\\PkgFormation\\Models\\Base\\BaseSpecialite',9,NULL,'4f001983-89c9-4b5b-ad71-57d5fc896418','2025-02-19 06:39:34','2025-02-19 06:39:34'),(76,'BaseAnneeFormation','Modules\\PkgFormation\\Models\\Base\\BaseAnneeFormation','Automatically added for model Modules\\PkgFormation\\Models\\Base\\BaseAnneeFormation',9,NULL,'f8fbc90a-d7cd-4e89-a79b-51bb9f57b204','2025-02-19 06:39:34','2025-02-19 06:39:34'),(77,'BaseModule','Modules\\PkgFormation\\Models\\Base\\BaseModule','Automatically added for model Modules\\PkgFormation\\Models\\Base\\BaseModule',9,NULL,'1bc50f8f-329f-4b0d-ad2d-0ba4313a7766','2025-02-19 06:39:34','2025-02-19 06:39:34'),(78,'BaseFiliere','Modules\\PkgFormation\\Models\\Base\\BaseFiliere','Automatically added for model Modules\\PkgFormation\\Models\\Base\\BaseFiliere',9,NULL,'bdb64d13-6910-4131-afea-83f01ad26e55','2025-02-19 06:39:34','2025-02-19 06:39:34'),(79,'BaseFormateur','Modules\\PkgFormation\\Models\\Base\\BaseFormateur','Automatically added for model Modules\\PkgFormation\\Models\\Base\\BaseFormateur',9,NULL,'32c87124-13c7-4a58-8c9e-54ac38b5a50d','2025-02-19 06:39:34','2025-02-19 06:39:34'),(80,'Specialite','Modules\\PkgFormation\\Models\\Specialite','Automatically added for model Modules\\PkgFormation\\Models\\Specialite',9,NULL,'34723ee0-9739-410a-8223-0cb7a6caf7b0','2025-02-19 06:39:34','2025-02-19 06:39:34'),(81,'Module','Modules\\PkgFormation\\Models\\Module','Automatically added for model Modules\\PkgFormation\\Models\\Module',9,NULL,'e4f562a5-fc7c-4eef-bc9e-fb199243c664','2025-02-19 06:39:34','2025-02-19 06:39:34'),(82,'AnneeFormation','Modules\\PkgFormation\\Models\\AnneeFormation','Automatically added for model Modules\\PkgFormation\\Models\\AnneeFormation',9,NULL,'683b93ba-e910-4e89-ae93-60ddd3b72297','2025-02-19 06:39:34','2025-02-19 06:39:34'),(83,'Validation','Modules\\PkgRealisationProjets\\Models\\Validation','Automatically added for model Modules\\PkgRealisationProjets\\Models\\Validation',10,NULL,'b7744535-c043-4681-b6ef-4b70487e44a5','2025-02-19 06:39:34','2025-02-19 06:39:34'),(84,'EtatsRealisationProjet','Modules\\PkgRealisationProjets\\Models\\EtatsRealisationProjet','Automatically added for model Modules\\PkgRealisationProjets\\Models\\EtatsRealisationProjet',10,NULL,'fc0e5fec-c62e-4d9c-85ac-95c754b4300a','2025-02-19 06:39:34','2025-02-19 06:39:34'),(85,'AffectationProjet','Modules\\PkgRealisationProjets\\Models\\AffectationProjet','Automatically added for model Modules\\PkgRealisationProjets\\Models\\AffectationProjet',10,NULL,'4d54a3e8-04a2-4bca-8605-262ae42de025','2025-02-19 06:39:34','2025-02-19 06:39:34'),(86,'LivrablesRealisation','Modules\\PkgRealisationProjets\\Models\\LivrablesRealisation','Automatically added for model Modules\\PkgRealisationProjets\\Models\\LivrablesRealisation',10,NULL,'d43eb0cc-05d9-4d81-9cc5-25109101ce71','2025-02-19 06:39:34','2025-02-19 06:39:34'),(87,'BaseAffectationProjet','Modules\\PkgRealisationProjets\\Models\\Base\\BaseAffectationProjet','Automatically added for model Modules\\PkgRealisationProjets\\Models\\Base\\BaseAffectationProjet',10,NULL,'52c14507-bd01-4a3a-9908-30f2816c8d8b','2025-02-19 06:39:35','2025-02-19 06:39:35'),(88,'BaseValidation','Modules\\PkgRealisationProjets\\Models\\Base\\BaseValidation','Automatically added for model Modules\\PkgRealisationProjets\\Models\\Base\\BaseValidation',10,NULL,'bff7af9b-901f-4415-a369-34295b3a42ef','2025-02-19 06:39:35','2025-02-19 06:39:35'),(89,'BaseLivrablesRealisation','Modules\\PkgRealisationProjets\\Models\\Base\\BaseLivrablesRealisation','Automatically added for model Modules\\PkgRealisationProjets\\Models\\Base\\BaseLivrablesRealisation',10,NULL,'42434a92-5acc-4fc5-b483-2223f2fe815c','2025-02-19 06:39:35','2025-02-19 06:39:35'),(90,'BaseEtatsRealisationProjet','Modules\\PkgRealisationProjets\\Models\\Base\\BaseEtatsRealisationProjet','Automatically added for model Modules\\PkgRealisationProjets\\Models\\Base\\BaseEtatsRealisationProjet',10,NULL,'32fee0f9-1c9e-4550-80d4-325de2776e4f','2025-02-19 06:39:35','2025-02-19 06:39:35'),(91,'BaseRealisationProjet','Modules\\PkgRealisationProjets\\Models\\Base\\BaseRealisationProjet','Automatically added for model Modules\\PkgRealisationProjets\\Models\\Base\\BaseRealisationProjet',10,NULL,'a0198f1a-5c59-4f09-a79b-49b36782b947','2025-02-19 06:39:35','2025-02-19 06:39:35'),(92,'RealisationProjet','Modules\\PkgRealisationProjets\\Models\\RealisationProjet','Automatically added for model Modules\\PkgRealisationProjets\\Models\\RealisationProjet',10,NULL,'36610d55-fde3-4c5e-a279-fe6a3387c954','2025-02-19 06:39:35','2025-02-19 06:39:35');
/*!40000 ALTER TABLE `sys_models` ENABLE KEYS */;
UNLOCK TABLES;

--
-- Table structure for table `sys_modules`
--

DROP TABLE IF EXISTS `sys_modules`;
/*!40101 SET @saved_cs_client     = @@character_set_client */;
/*!50503 SET character_set_client = utf8mb4 */;
CREATE TABLE `sys_modules` (
  `id` bigint unsigned NOT NULL AUTO_INCREMENT,
  `name` varchar(255) CHARACTER SET utf8mb4 COLLATE utf8mb4_unicode_ci NOT NULL,
  `slug` varchar(255) CHARACTER SET utf8mb4 COLLATE utf8mb4_unicode_ci NOT NULL,
  `description` longtext CHARACTER SET utf8mb4 COLLATE utf8mb4_unicode_ci,
  `is_active` int NOT NULL,
  `order` int NOT NULL,
  `version` varchar(255) CHARACTER SET utf8mb4 COLLATE utf8mb4_unicode_ci NOT NULL,
  `sys_color_id` bigint unsigned NOT NULL,
  `reference` varchar(255) CHARACTER SET utf8mb4 COLLATE utf8mb4_unicode_ci NOT NULL,
  `created_at` timestamp NULL DEFAULT NULL,
  `updated_at` timestamp NULL DEFAULT NULL,
  PRIMARY KEY (`id`),
  UNIQUE KEY `sys_modules_reference_unique` (`reference`),
  KEY `sys_modules_sys_color_id_foreign` (`sys_color_id`),
  CONSTRAINT `sys_modules_sys_color_id_foreign` FOREIGN KEY (`sys_color_id`) REFERENCES `sys_colors` (`id`) ON DELETE CASCADE
) ENGINE=InnoDB AUTO_INCREMENT=12 DEFAULT CHARSET=utf8mb4 COLLATE=utf8mb4_unicode_ci;
/*!40101 SET character_set_client = @saved_cs_client */;

--
-- Dumping data for table `sys_modules`
--

LOCK TABLES `sys_modules` WRITE;
/*!40000 ALTER TABLE `sys_modules` DISABLE KEYS */;
INSERT INTO `sys_modules` VALUES (1,'Core','Core','Contient les tables principales du système',1,1,'1',1,'4ee86c90-a520-46d6-8b8f-a3062019d496','2025-02-19 06:38:56','2025-03-03 09:36:52'),(2,'PkgAutorisation','PkgAutorisation','Contient les tables liées aux autorisations',1,2,'1',2,'4e7d352f-684c-49b8-8ef9-dc1686711381','2025-02-19 06:38:56','2025-03-03 09:36:52'),(3,'PkgUtilisateurs','PkgUtilisateurs','Contient les tables liées aux utilisateurs et leurs données associées',1,3,'1',3,'1572a274-5fc4-462f-9177-8c2a23cf4010','2025-02-19 06:38:56','2025-03-03 09:36:52'),(4,'PkgCompetences','PkgCompetences','Contient les tables liées aux compétences et technologies',1,4,'1',4,'125c867e-a085-4223-91ea-feef8e8561a3','2025-02-19 06:38:56','2025-03-03 09:36:52'),(5,'PkgWidgets','PkgWidgets','Contient les tables liées aux widgets',1,5,'1',5,'f2306eea-11c5-4030-82eb-34825fcaa253','2025-02-19 06:38:56','2025-03-03 09:36:52'),(6,'PkgCreationProjet','PkgCreationProjet','Contient les tables liées aux création des projets',1,6,'1',6,'b9456eaf-55d3-4f29-99f2-8aedb3d97ace','2025-02-19 06:38:56','2025-03-03 09:36:52'),(7,'PkgGapp','PkgGapp','Contient les tables liées aux création des PkgGapp',1,7,'1',6,'61235217-2c6d-4a65-9210-f4508b2e42d9','2025-02-19 06:38:56','2025-03-03 09:36:52'),(8,'PkgApprenants','PkgApprenants','Contient les tables PkgApprenants ',1,8,'1',6,'4da694ed-3edb-47e8-b97a-8ce2b5c143ca','2025-02-19 06:38:56','2025-03-03 09:36:52'),(9,'PkgFormation','PkgFormation','Contient les tables PkgApprenants ',1,9,'1',6,'6dd47801-8a7a-4d53-949d-a41bdbd3956d','2025-02-19 06:38:56','2025-03-03 09:36:52'),(10,'PkgRealisationProjets','PkgRealisationProjets','Contient les tables',1,10,'1',6,'19e4b9be-4ec7-407d-90e9-387e659c603f','2025-02-19 06:38:56','2025-03-03 09:36:52'),(11,'PkgGestionTaches','PkgGestionTaches','Contient les tables PkgGestionTaches',1,11,'1',6,'PkgGestionTaches','2025-03-03 09:36:52','2025-03-03 09:36:52');
/*!40000 ALTER TABLE `sys_modules` ENABLE KEYS */;
UNLOCK TABLES;

--
-- Table structure for table `taches`
--

DROP TABLE IF EXISTS `taches`;
/*!40101 SET @saved_cs_client     = @@character_set_client */;
/*!50503 SET character_set_client = utf8mb4 */;
CREATE TABLE `taches` (
  `id` bigint unsigned NOT NULL AUTO_INCREMENT,
  `titre` varchar(255) COLLATE utf8mb4_unicode_ci NOT NULL,
  `description` longtext COLLATE utf8mb4_unicode_ci,
  `dateDebut` datetime DEFAULT NULL,
  `dateFin` datetime DEFAULT NULL,
  `reference` varchar(255) COLLATE utf8mb4_unicode_ci NOT NULL,
  `projet_id` bigint unsigned NOT NULL,
  `priorite_tache_id` bigint unsigned DEFAULT NULL,
  `created_at` timestamp NULL DEFAULT NULL,
  `updated_at` timestamp NULL DEFAULT NULL,
  PRIMARY KEY (`id`),
  UNIQUE KEY `taches_reference_unique` (`reference`),
  KEY `taches_projet_id_foreign` (`projet_id`),
  KEY `taches_priorite_tache_id_foreign` (`priorite_tache_id`),
  CONSTRAINT `taches_priorite_tache_id_foreign` FOREIGN KEY (`priorite_tache_id`) REFERENCES `priorite_taches` (`id`) ON DELETE SET NULL,
  CONSTRAINT `taches_projet_id_foreign` FOREIGN KEY (`projet_id`) REFERENCES `projets` (`id`) ON DELETE CASCADE
) ENGINE=InnoDB AUTO_INCREMENT=7 DEFAULT CHARSET=utf8mb4 COLLATE=utf8mb4_unicode_ci;
/*!40101 SET character_set_client = @saved_cs_client */;

--
-- Dumping data for table `taches`
--

LOCK TABLES `taches` WRITE;
/*!40000 ALTER TABLE `taches` DISABLE KEYS */;
INSERT INTO `taches` VALUES (1,'Analyse technique',NULL,NULL,NULL,'70fecf3e-303f-491f-8220-cc01299d438c',21,1,'2025-03-03 09:49:26','2025-03-03 09:49:26'),(2,'Conception générique',NULL,NULL,NULL,'89eb27af-310d-4549-a1a8-be8a7ab63040',21,1,'2025-03-03 10:02:17','2025-03-03 10:02:17'),(3,'Prototype',NULL,NULL,NULL,'0242e68b-a290-4b08-aa8f-f3d30ff6e007',21,2,'2025-03-03 10:02:54','2025-03-03 10:02:54'),(4,'Diagramme de cas d\'utilisation',NULL,NULL,NULL,'72e7a341-e3f9-44c6-8377-97a4eb0fbfd8',21,3,'2025-03-03 10:04:41','2025-03-03 10:04:41'),(5,'Diagramme de classe',NULL,NULL,NULL,'aecb0191-84fe-47f2-9743-fa661f996121',21,4,'2025-03-03 10:05:05','2025-03-03 10:05:05'),(6,'Codage Tableau de bord',NULL,NULL,NULL,'ae865477-b287-4dbe-9526-7b949058e7ed',21,4,'2025-03-03 10:06:15','2025-03-03 10:06:15');
/*!40000 ALTER TABLE `taches` ENABLE KEYS */;
UNLOCK TABLES;

--
-- Table structure for table `technologies`
--

DROP TABLE IF EXISTS `technologies`;
/*!40101 SET @saved_cs_client     = @@character_set_client */;
/*!50503 SET character_set_client = utf8mb4 */;
CREATE TABLE `technologies` (
  `id` bigint unsigned NOT NULL AUTO_INCREMENT,
  `nom` varchar(255) CHARACTER SET utf8mb4 COLLATE utf8mb4_unicode_ci NOT NULL,
  `description` longtext CHARACTER SET utf8mb4 COLLATE utf8mb4_unicode_ci,
  `created_at` timestamp NULL DEFAULT NULL,
  `updated_at` timestamp NULL DEFAULT NULL,
  `category_technology_id` bigint unsigned NOT NULL,
  `reference` varchar(255) CHARACTER SET utf8mb4 COLLATE utf8mb4_unicode_ci NOT NULL,
  PRIMARY KEY (`id`),
  UNIQUE KEY `technologies_reference_unique` (`reference`),
  KEY `technologies_category_technology_id_foreign` (`category_technology_id`),
  CONSTRAINT `technologies_category_technology_id_foreign` FOREIGN KEY (`category_technology_id`) REFERENCES `category_technologies` (`id`)
) ENGINE=InnoDB AUTO_INCREMENT=69 DEFAULT CHARSET=utf8mb4 COLLATE=utf8mb4_unicode_ci;
/*!40101 SET character_set_client = @saved_cs_client */;

--
-- Dumping data for table `technologies`
--

LOCK TABLES `technologies` WRITE;
/*!40000 ALTER TABLE `technologies` DISABLE KEYS */;
INSERT INTO `technologies` VALUES (1,'HTML','Langage de balisage pour structurer le contenu des pages web.','2025-02-19 06:39:29','2025-02-19 06:39:29',1,'71829957-5985-482a-b7a4-c09dd46eb050'),(2,'XML','Langage de balisage extensible utilisé pour stocker et transporter des données.','2025-02-19 06:39:29','2025-02-19 06:39:29',1,'954e84dc-1e3e-49c5-8934-e97418c1cdc7'),(3,'Markdown','Langage de balisage léger utilisé pour formater du texte.','2025-02-19 06:39:29','2025-02-19 06:39:29',1,'8f8afb1b-17ad-452f-9950-df89e64dc2e6'),(4,'CSS','Langage de style pour la mise en page et le design des sites web.','2025-02-19 06:39:29','2025-02-19 06:39:29',1,'46717386-57c2-45e1-a68c-0477f2322da4'),(5,'SASS','Préprocesseur CSS qui ajoute des fonctionnalités avancées comme des variables et des mixins.','2025-02-19 06:39:29','2025-02-19 06:39:29',1,'0bafc9aa-7c37-4403-a035-2604dd4fcd22'),(6,'LESS','Préprocesseur CSS permettant une écriture plus dynamique des styles.','2025-02-19 06:39:29','2025-02-19 06:39:29',1,'0859641d-4572-4679-b1a5-9526e7b1e7fc'),(7,'JavaScript','Langage de programmation frontend pour dynamiser les pages web.','2025-02-19 06:39:29','2025-02-19 06:39:29',1,'dfa49bf4-cfb3-47fd-a560-c0cb440766a2'),(8,'TypeScript','Surcouche de JavaScript qui ajoute le typage statique.','2025-02-19 06:39:29','2025-02-19 06:39:29',1,'d998d2f4-9e7c-40e5-8c6a-70d9801f3645'),(9,'Dart','Langage frontend utilisé principalement avec Flutter.','2025-02-19 06:39:29','2025-02-19 06:39:29',1,'900b6543-448b-43ea-8d53-5bc0333ea35b'),(10,'PHP','Langage de programmation backend utilisé pour créer des applications dynamiques.','2025-02-19 06:39:29','2025-02-19 06:39:29',1,'e79c3753-f094-41a5-9fc7-61560fff6a51'),(11,'Python','Langage backend polyvalent utilisé pour le web, les données et l\'IA.','2025-02-19 06:39:29','2025-02-19 06:39:29',1,'33d1b6f6-8d91-4fc9-90ad-5fbe56545357'),(12,'Ruby','Langage backend simple et élégant pour le développement d\'applications.','2025-02-19 06:39:29','2025-02-19 06:39:29',1,'9642b55f-d36b-42ea-915a-056d8e019942'),(13,'Node.js','Environnement backend basé sur JavaScript pour créer des applications côté serveur.','2025-02-19 06:39:29','2025-02-19 06:39:29',1,'79fb68b4-8751-4e53-ac30-4b3eee3db376'),(14,'Bootstrap','Framework CSS populaire pour un design réactif et rapide.','2025-02-19 06:39:29','2025-02-19 06:39:29',2,'de0b98c1-5647-48ac-9b3b-4e09d6c28813'),(15,'Tailwind CSS','Framework CSS utilitaire pour créer des designs personnalisés rapidement.','2025-02-19 06:39:29','2025-02-19 06:39:29',2,'f229bfe4-727f-40b3-908d-63040cb88ad2'),(16,'Foundation','Framework CSS pour développer des sites responsifs.','2025-02-19 06:39:29','2025-02-19 06:39:29',2,'2b055ae5-ba98-4a67-aece-6297c4a3de07'),(17,'Laravel','Framework PHP pour développer des applications web robustes.','2025-02-19 06:39:29','2025-02-19 06:39:29',2,'56de38e2-6b02-460f-9a3c-f7d83ab9c44c'),(18,'Symfony','Framework PHP modulaire pour le développement backend.','2025-02-19 06:39:29','2025-02-19 06:39:29',2,'6aee0bb2-b39f-40d6-b345-a1c619985b1d'),(19,'Django','Framework Python pour développer rapidement des applications sécurisées.','2025-02-19 06:39:29','2025-02-19 06:39:29',2,'b4997bdd-e645-4965-a7c1-d8e4f2479946'),(20,'Flask','Microframework Python pour des projets backend légers.','2025-02-19 06:39:29','2025-02-19 06:39:29',2,'871c8df5-2a2e-4880-831f-2d2ea9e32b35'),(21,'React','Bibliothèque JavaScript pour construire des interfaces utilisateur dynamiques.','2025-02-19 06:39:29','2025-02-19 06:39:29',2,'8727c30d-e3bc-40d8-a001-5cebc3df6bb1'),(22,'Vue.js','Framework JavaScript progressif pour développer des interfaces utilisateur.','2025-02-19 06:39:29','2025-02-19 06:39:29',2,'315ed7a5-210e-4287-b645-74148136dbdf'),(23,'Angular','Framework complet pour développer des applications frontend.','2025-02-19 06:39:29','2025-02-19 06:39:29',2,'27120fbd-6597-4039-8eec-348eb7b677d4'),(24,'Svelte','Framework JavaScript léger et performant pour les applications frontend.','2025-02-19 06:39:29','2025-02-19 06:39:29',2,'b0fd9d92-61b4-483f-91c1-652e2aa92724'),(25,'MySQL','Système de gestion de bases de données relationnelles.','2025-02-19 06:39:29','2025-02-19 06:39:29',3,'ec97d21b-8970-41df-a99b-49baf5c551ac'),(26,'PostgreSQL','Système de gestion de bases de données avancé et open-source.','2025-02-19 06:39:29','2025-02-19 06:39:29',3,'ecb9b831-5202-48a9-ba27-96a393bd7152'),(27,'MongoDB','Base de données NoSQL orientée documents.','2025-02-19 06:39:29','2025-02-19 06:39:29',3,'9fa7a358-080a-45dd-8bf6-cc6e10dcac60'),(28,'SQLite','Base de données légère et intégrée pour des applications embarquées.','2025-02-19 06:39:29','2025-02-19 06:39:29',3,'c71fd729-2c2a-4c7a-9f93-5bc095d3ccd0'),(29,'REST','Standard d\'API basé sur le protocole HTTP.','2025-02-19 06:39:29','2025-02-19 06:39:29',3,'59b67ceb-6292-4ebc-bf9a-80aadd7b5c16'),(30,'GraphQL','Langage de requête pour les API offrant flexibilité et efficacité.','2025-02-19 06:39:29','2025-02-19 06:39:29',3,'cf77fda7-8311-46e9-847b-bb29e04b0c69'),(31,'SOAP','Protocole d\'API structuré basé sur XML.','2025-02-19 06:39:29','2025-02-19 06:39:29',3,'c2785112-e1cc-4d9d-a8d1-6d0ea54016fc'),(32,'Git','Outil de gestion de version pour suivre les modifications du code.','2025-02-19 06:39:29','2025-02-19 06:39:29',4,'5b32728e-5699-47ae-93ab-d64a4776fb96'),(33,'GitHub','Plateforme pour héberger, collaborer et gérer des projets Git.','2025-02-19 06:39:29','2025-02-19 06:39:29',4,'bf7c1f99-a98a-4ce8-befb-dd9159452a53'),(34,'GitLab','Plateforme DevOps intégrée pour héberger et gérer des projets Git.','2025-02-19 06:39:29','2025-02-19 06:39:29',4,'982542c2-4366-4522-b5dd-571851130620'),(35,'Docker','Outil pour containeriser les applications et leurs dépendances.','2025-02-19 06:39:29','2025-02-19 06:39:29',4,'bf82f2a3-ecb0-49e1-bd5a-7728fbc32117'),(36,'Jenkins','Outil d\'intégration continue pour automatiser les workflows.','2025-02-19 06:39:29','2025-02-19 06:39:29',4,'54de31ce-e7c7-4b87-a857-3aa7b46de718'),(37,'Kubernetes','Outil pour orchestrer les conteneurs à grande échelle.','2025-02-19 06:39:29','2025-02-19 06:39:29',4,'e6325295-73e8-4d02-a985-68a9ec86e1e3'),(38,'Apache','Serveur web utilisé pour héberger des applications et des sites.','2025-02-19 06:39:29','2025-02-19 06:39:29',5,'2cd9afcc-0834-403e-8d76-2958a3f25fd2'),(39,'Nginx','Serveur web performant pour gérer des applications modernes.','2025-02-19 06:39:29','2025-02-19 06:39:29',5,'d9c8981b-af71-45ee-9388-8e85d51ebf8b'),(40,'Microsoft IIS','Serveur web pour les environnements Windows.','2025-02-19 06:39:29','2025-02-19 06:39:29',5,'095def10-ffd9-4125-beee-9381ced3cc7e'),(41,'AWS','Plateforme cloud pour héberger et gérer des applications.','2025-02-19 06:39:29','2025-02-19 06:39:29',5,'7f9ceae2-4114-4b99-8dc2-0012f9970e0d'),(42,'Azure','Solution cloud de Microsoft pour hébergement et services cloud.','2025-02-19 06:39:29','2025-02-19 06:39:29',5,'9f16872d-2435-44b5-a331-fea2fd9da2fe'),(43,'Google Cloud','Services cloud pour hébergement, calcul et données.','2025-02-19 06:39:30','2025-02-19 06:39:30',5,'ada675fa-eebc-4ae9-8f6e-33ec8aa25b48'),(44,'Netlify','Plateforme pour héberger et déployer des applications web statiques.','2025-02-19 06:39:30','2025-02-19 06:39:30',5,'0f1c3618-9601-4b0a-a646-889f11dbb101'),(45,'VS Code','Éditeur de code populaire et extensible.','2025-02-19 06:39:30','2025-02-19 06:39:30',6,'d26c8495-8d90-40c3-bbb6-7760e92ba48b'),(46,'WebStorm','IDE puissant pour le développement JavaScript.','2025-02-19 06:39:30','2025-02-19 06:39:30',6,'e16d00ec-aefe-432d-b5dc-19a5f9f602e8'),(47,'PhpStorm','IDE spécialisé pour le développement PHP.','2025-02-19 06:39:30','2025-02-19 06:39:30',6,'5a838a2b-a0e9-48dd-94ba-32713f03189c'),(48,'Sublime Text','Éditeur de texte léger et rapide pour coder.','2025-02-19 06:39:30','2025-02-19 06:39:30',6,'a3d483ac-11df-48b6-951f-1f4c717c87ba'),(49,'WordPress','CMS populaire pour créer des sites web sans coder.','2025-02-19 06:39:30','2025-02-19 06:39:30',6,'1b5ef3a7-923e-4244-b7dd-71f6a2949626'),(50,'Joomla','CMS open-source pour créer des sites web et des portails.','2025-02-19 06:39:30','2025-02-19 06:39:30',6,'9c06145c-8e68-48db-a418-cdcae8459b7d'),(51,'Drupal','CMS flexible pour les sites complexes et les applications.','2025-02-19 06:39:30','2025-02-19 06:39:30',6,'edc27b22-f7cf-4f68-981f-47dc67d8c2e6'),(52,'Magento','CMS spécialisé pour le commerce électronique.','2025-02-19 06:39:30','2025-02-19 06:39:30',6,'4fa6cd57-8fc0-4455-9756-f8893a36e5c7'),(53,'Flutter','Framework pour développer des applications mobiles et web avec un seul codebase.','2025-02-19 06:39:30','2025-02-19 06:39:30',6,'f08c52c9-2a60-411a-8098-1fc138d4ef0c'),(54,'React Native','Framework pour créer des applications mobiles avec JavaScript.','2025-02-19 06:39:30','2025-02-19 06:39:30',6,'bab130e7-465b-46e4-8697-d5e627719c92'),(55,'Ionic','Framework mobile basé sur HTML, CSS et JavaScript.','2025-02-19 06:39:30','2025-02-19 06:39:30',6,'43ea2931-5e33-4e2c-86a2-2dd3de2d97f8'),(56,'Swift','Langage de programmation pour les applications iOS.','2025-02-19 06:39:30','2025-02-19 06:39:30',6,'8830565a-35ca-4483-ac93-7c8ce75e105e'),(57,'Jest','Framework de test JavaScript pour tester les applications frontend.','2025-02-19 06:39:30','2025-02-19 06:39:30',7,'45f6ba56-30f9-4e73-b126-aaa5144e3613'),(58,'Mocha','Framework JavaScript pour les tests côté serveur.','2025-02-19 06:39:30','2025-02-19 06:39:30',7,'130adc55-a30e-4dc2-ba4b-a4bdd246c5df'),(59,'PHPUnit','Framework pour les tests unitaires en PHP.','2025-02-19 06:39:30','2025-02-19 06:39:30',7,'105d1b85-6581-4188-a9a1-4aca1c9a4034'),(60,'Selenium','Outil pour tester les applications web de manière automatisée.','2025-02-19 06:39:30','2025-02-19 06:39:30',7,'87a087f9-0d39-4d11-a9db-bcebab347cd5'),(61,'OAuth','Protocole pour gérer l\'autorisation sécurisée des utilisateurs.','2025-02-19 06:39:30','2025-02-19 06:39:30',7,'eab49366-8ddc-4bdd-accb-9928716c911a'),(62,'JWT','Standard pour représenter les données d\'identité en toute sécurité.','2025-02-19 06:39:30','2025-02-19 06:39:30',7,'42c4ff77-8f92-4564-8f81-b977c1df73b8'),(63,'OWASP','Groupe de directives pour la sécurité des applications web.','2025-02-19 06:39:30','2025-02-19 06:39:30',7,'e6ccb173-7faa-42ff-8d77-d7b0ab2dc468'),(64,'HTTPS','Protocole sécurisé pour protéger les données échangées sur le web.','2025-02-19 06:39:30','2025-02-19 06:39:30',7,'74b8d26c-e3fa-4412-a377-35df163ff37d'),(65,'Figma','Outil de conception collaborative pour UI/UX.','2025-02-19 06:39:30','2025-02-19 06:39:30',8,'80164d89-e631-4556-9da2-3911b96800eb'),(66,'Adobe XD','Logiciel de conception pour la création d\'interfaces utilisateur.','2025-02-19 06:39:30','2025-02-19 06:39:30',8,'bf7008e9-e496-4766-aa76-f4170e6358ce'),(67,'Sketch','Application de conception graphique pour le design UI/UX.','2025-02-19 06:39:30','2025-02-19 06:39:30',8,'29474a60-f2b2-441b-846d-586adea22ffb'),(68,'Axure','Outil de prototypage pour les applications et sites web.','2025-02-19 06:39:30','2025-02-19 06:39:30',8,'c907bb75-87f2-4684-bae6-4dda7309bd15');
/*!40000 ALTER TABLE `technologies` ENABLE KEYS */;
UNLOCK TABLES;

--
-- Table structure for table `technology_transfert_competence`
--

DROP TABLE IF EXISTS `technology_transfert_competence`;
/*!40101 SET @saved_cs_client     = @@character_set_client */;
/*!50503 SET character_set_client = utf8mb4 */;
CREATE TABLE `technology_transfert_competence` (
  `technology_id` bigint unsigned NOT NULL,
  `transfert_competence_id` bigint unsigned NOT NULL,
  `created_at` timestamp NULL DEFAULT NULL,
  `updated_at` timestamp NULL DEFAULT NULL,
  KEY `technology_transfert_competence_technology_id_foreign` (`technology_id`),
  KEY `technology_transfert_competence_transfert_competence_id_foreign` (`transfert_competence_id`),
  CONSTRAINT `technology_transfert_competence_technology_id_foreign` FOREIGN KEY (`technology_id`) REFERENCES `technologies` (`id`) ON DELETE CASCADE,
  CONSTRAINT `technology_transfert_competence_transfert_competence_id_foreign` FOREIGN KEY (`transfert_competence_id`) REFERENCES `transfert_competences` (`id`) ON DELETE CASCADE
) ENGINE=InnoDB DEFAULT CHARSET=utf8mb4 COLLATE=utf8mb4_unicode_ci;
/*!40101 SET character_set_client = @saved_cs_client */;

--
-- Dumping data for table `technology_transfert_competence`
--

LOCK TABLES `technology_transfert_competence` WRITE;
/*!40000 ALTER TABLE `technology_transfert_competence` DISABLE KEYS */;
INSERT INTO `technology_transfert_competence` VALUES (1,4,NULL,NULL),(4,4,NULL,NULL),(25,5,NULL,NULL),(33,11,NULL,NULL),(1,12,NULL,NULL),(4,12,NULL,NULL),(7,12,NULL,NULL),(65,12,NULL,NULL),(1,13,NULL,NULL),(4,13,NULL,NULL),(1,14,NULL,NULL),(4,14,NULL,NULL),(10,15,NULL,NULL),(25,15,NULL,NULL);
/*!40000 ALTER TABLE `technology_transfert_competence` ENABLE KEYS */;
UNLOCK TABLES;

--
-- Table structure for table `transfert_competences`
--

DROP TABLE IF EXISTS `transfert_competences`;
/*!40101 SET @saved_cs_client     = @@character_set_client */;
/*!50503 SET character_set_client = utf8mb4 */;
CREATE TABLE `transfert_competences` (
  `id` bigint unsigned NOT NULL AUTO_INCREMENT,
  `note` double DEFAULT NULL,
  `question` longtext CHARACTER SET utf8mb4 COLLATE utf8mb4_unicode_ci,
  `projet_id` bigint unsigned NOT NULL,
  `competence_id` bigint unsigned NOT NULL,
  `niveau_difficulte_id` bigint unsigned NOT NULL,
  `reference` varchar(255) CHARACTER SET utf8mb4 COLLATE utf8mb4_unicode_ci NOT NULL,
  `created_at` timestamp NULL DEFAULT NULL,
  `updated_at` timestamp NULL DEFAULT NULL,
  PRIMARY KEY (`id`),
  UNIQUE KEY `transfert_competences_reference_unique` (`reference`),
  KEY `transfert_competences_projet_id_foreign` (`projet_id`),
  KEY `transfert_competences_competence_id_foreign` (`competence_id`),
  KEY `transfert_competences_niveau_difficulte_id_foreign` (`niveau_difficulte_id`),
  CONSTRAINT `transfert_competences_competence_id_foreign` FOREIGN KEY (`competence_id`) REFERENCES `competences` (`id`) ON DELETE RESTRICT,
  CONSTRAINT `transfert_competences_niveau_difficulte_id_foreign` FOREIGN KEY (`niveau_difficulte_id`) REFERENCES `niveau_difficultes` (`id`),
  CONSTRAINT `transfert_competences_projet_id_foreign` FOREIGN KEY (`projet_id`) REFERENCES `projets` (`id`) ON DELETE CASCADE
) ENGINE=InnoDB AUTO_INCREMENT=19 DEFAULT CHARSET=utf8mb4 COLLATE=utf8mb4_unicode_ci;
/*!40101 SET character_set_client = @saved_cs_client */;

--
-- Dumping data for table `transfert_competences`
--

LOCK TABLES `transfert_competences` WRITE;
/*!40000 ALTER TABLE `transfert_competences` DISABLE KEYS */;
INSERT INTO `transfert_competences` VALUES (4,5,'Utilisation de Design thinking , Création des maquettes en HTML et CSS',21,1,3,'80aa7dde-ec26-4aea-8de9-4148c2ed4e6d','2025-02-19 10:09:52','2025-02-19 10:12:08'),(5,5,'Mysql SQL&nbsp;',21,2,3,'dec27e1d-500d-472c-bcf3-f2c69da5c00c','2025-02-19 10:10:14','2025-02-19 10:12:13'),(11,5,NULL,23,7,2,'91a631df-b34f-4759-8765-99a4e1143d27','2025-02-20 11:48:44','2025-02-20 11:48:44'),(12,20,'attachement JSON figma et css html&nbsp;',25,3,7,'46fbb4a7-3f5e-4e44-a6c9-760e2be270be','2025-02-21 09:58:32','2025-02-21 09:58:32'),(13,5,'<br>',21,1,1,'659a3bc0-c010-4ad0-bd71-72a490c956a0','2025-02-25 12:47:41','2025-02-25 12:47:41'),(14,0,NULL,26,9,11,'72a951dc-d5ce-48c9-8709-25146d30d0e1','2025-02-25 12:53:53','2025-02-25 12:53:53'),(15,20,'Connecter la base données à l\'authentification',27,13,17,'c0333c11-6f8c-4897-b5d0-101d1ee3aded','2025-02-25 14:50:07','2025-02-25 14:50:07'),(16,0,NULL,28,2,3,'14d86d27-2438-4c00-979b-304b724f7a67','2025-02-27 12:58:41','2025-02-27 12:58:41'),(17,0,NULL,28,3,3,'b7d7c6c6-a610-478c-ace4-dbc099117181','2025-02-27 12:58:48','2025-02-27 12:58:48'),(18,0,NULL,28,6,1,'a1b368de-c73d-46de-a2ab-646c3962d20a','2025-02-27 12:59:36','2025-02-27 12:59:36');
/*!40000 ALTER TABLE `transfert_competences` ENABLE KEYS */;
UNLOCK TABLES;

--
-- Table structure for table `type_dependance_taches`
--

DROP TABLE IF EXISTS `type_dependance_taches`;
/*!40101 SET @saved_cs_client     = @@character_set_client */;
/*!50503 SET character_set_client = utf8mb4 */;
CREATE TABLE `type_dependance_taches` (
  `id` bigint unsigned NOT NULL AUTO_INCREMENT,
  `titre` varchar(255) COLLATE utf8mb4_unicode_ci NOT NULL,
  `description` longtext COLLATE utf8mb4_unicode_ci,
  `reference` varchar(255) COLLATE utf8mb4_unicode_ci NOT NULL,
  `created_at` timestamp NULL DEFAULT NULL,
  `updated_at` timestamp NULL DEFAULT NULL,
  PRIMARY KEY (`id`),
  UNIQUE KEY `type_dependance_taches_reference_unique` (`reference`)
) ENGINE=InnoDB AUTO_INCREMENT=5 DEFAULT CHARSET=utf8mb4 COLLATE=utf8mb4_unicode_ci;
/*!40101 SET character_set_client = @saved_cs_client */;

--
-- Dumping data for table `type_dependance_taches`
--

LOCK TABLES `type_dependance_taches` WRITE;
/*!40000 ALTER TABLE `type_dependance_taches` DISABLE KEYS */;
INSERT INTO `type_dependance_taches` VALUES (1,'Début après la fin d’une autre tâche (FS)','Une tâche B ne peut commencer que lorsque la tâche A est terminée.','Finish-to-Start','2025-03-03 09:38:24','2025-03-03 09:38:24'),(2,'Début simultané de deux tâches (SS)','Deux tâches doivent commencer en même temps, mais peuvent finir séparément.','Start-to-Start','2025-03-03 09:38:24','2025-03-03 09:38:24'),(3,'Fin simultanée de deux tâches (FF)','Une tâche ne peut être terminée que si une autre l’est aussi.','Finish-to-Finish','2025-03-03 09:38:24','2025-03-03 09:38:24'),(4,'Fin après le début d’une autre tâche (SF)','Une tâche B ne peut être terminée que si une autre tâche A a commencé.','Start-to-Finish','2025-03-03 09:38:24','2025-03-03 09:38:24');
/*!40000 ALTER TABLE `type_dependance_taches` ENABLE KEYS */;
UNLOCK TABLES;

--
-- Table structure for table `users`
--

DROP TABLE IF EXISTS `users`;
/*!40101 SET @saved_cs_client     = @@character_set_client */;
/*!50503 SET character_set_client = utf8mb4 */;
CREATE TABLE `users` (
  `id` bigint unsigned NOT NULL AUTO_INCREMENT,
  `name` varchar(255) CHARACTER SET utf8mb4 COLLATE utf8mb4_unicode_ci NOT NULL,
  `email` varchar(255) CHARACTER SET utf8mb4 COLLATE utf8mb4_unicode_ci NOT NULL,
  `email_verified_at` timestamp NULL DEFAULT NULL,
  `password` varchar(255) CHARACTER SET utf8mb4 COLLATE utf8mb4_unicode_ci NOT NULL,
  `must_change_password` tinyint(1) NOT NULL DEFAULT '1',
  `remember_token` varchar(100) CHARACTER SET utf8mb4 COLLATE utf8mb4_unicode_ci DEFAULT NULL,
  `reference` varchar(255) CHARACTER SET utf8mb4 COLLATE utf8mb4_unicode_ci NOT NULL,
  `created_at` timestamp NULL DEFAULT NULL,
  `updated_at` timestamp NULL DEFAULT NULL,
  PRIMARY KEY (`id`),
  UNIQUE KEY `users_email_unique` (`email`),
  UNIQUE KEY `users_reference_unique` (`reference`)
) ENGINE=InnoDB AUTO_INCREMENT=107 DEFAULT CHARSET=utf8mb4 COLLATE=utf8mb4_unicode_ci;
/*!40101 SET character_set_client = @saved_cs_client */;

--
-- Dumping data for table `users`
--

LOCK TABLES `users` WRITE;
/*!40000 ALTER TABLE `users` DISABLE KEYS */;
INSERT INTO `users` VALUES (1,'root','root@ofppt-edu.ma',NULL,'$2y$12$TMMLpdaUh/6YkbdqQIO2Yuo1o6ntwGSn96uWybnRJGo8iNGNnWON6',0,'mKUWkB0s8Zx1Rpm3Quq4n4UzmLf1ywdj7Sf2PxicwMjhEZvSitogZojzdyAP','a8ec419e-92f6-4a8d-adea-74c834c15763','2025-02-19 06:38:57','2025-02-19 06:43:46'),(2,'gapp','gapp@ofppt-edu.ma',NULL,'$2y$12$ft35bco7aaPXCpshWPxHaewAKZSRfZwUluLPTS7kVRvfke.32mzmG',0,NULL,'928c432c-0cef-4538-90d1-2fe303fe5b23','2025-02-19 06:38:57','2025-03-03 10:57:53'),(3,'admin','admin@ofppt-edu.ma',NULL,'$2y$12$r14YrDsXHnPW/RDsv3haYOdxkxI57lUzWkq/tfq6yqVLiOwxPXZEC',0,NULL,'1b5976c4-12c4-458a-b33e-8ba196777a0e','2025-02-19 06:38:57','2025-02-19 11:54:51'),(4,'membre','membre@ofppt-edu.ma',NULL,'$2y$12$9QT.Snf8h94d3vKTv/60deUdZyJsAQiBgRdc4wMyaZZX/Z73R8Huu',1,NULL,'0763eac9-5a78-4193-8135-262a1671ea56','2025-02-19 06:38:58','2025-02-19 06:38:58'),(5,'El bakali.Ayoub','2001071700534@ofppt-edu.ma',NULL,'$2y$12$gMQnXsojcY.Hfg68WvMNvO0/6Uu..MoXXjTOQjHXwd3q.g.1RbsEa',0,NULL,'1a42094a-c344-40c9-af05-7031207e6c9a','2025-02-19 06:39:00','2025-02-20 07:49:22'),(6,'El mrabet.Abderrafie','2002091500518@ofppt-edu.ma',NULL,'$2y$12$gBk6Zfv.paFTV24v9VWriuDvyponqDr.am6YPGumK2fAj.znyi/km',0,'DxzK8MZu8Y5yy0HPjXh5Mqu4L6SB05nSj3QGMNwCanAoEXcaNTYScZ0pIFdb','77c99842-8c49-4a0f-b1d3-0d67c0d5397e','2025-02-19 06:39:01','2025-02-26 12:00:48'),(7,'Tamraoui.Abdelouahab','2000121100478@ofppt-edu.ma',NULL,'$2y$12$e2U415o9.54HDyDzC0oemupYJKQAZWaKpeWQBqECDIRsh/KUt/K4K',0,'wIA4HBeIWlaChRCIVRmqBSYYC5NsJYGmxV3dwbTLfoLYhgI1omV1ivYXV7wq','3e8237e6-f622-4424-a565-80c76aeddc56','2025-02-19 06:39:01','2025-02-19 10:00:30'),(8,'Boussakla.Yahya','2004111400137@ofppt-edu.ma',NULL,'$2y$12$o5gc6tRZn8s1NXJJeMds.uUh8W9/WTZjokxL1Q1jmbP1yud.t7UFm',0,NULL,'ac74c2d3-50e0-4e33-8e1a-e02c22d0a5b2','2025-02-19 06:39:01','2025-02-20 07:46:21'),(9,'El bouzidi.Ayoub','2003101000330@ofppt-edu.ma',NULL,'$2y$12$CX2T3ayuiGjt2HuD5BFeaupoLtVDjiHlaikRhfbNIfQgjeGtbbS66',0,NULL,'23cb535c-bc1a-4dcf-8a94-d1b03c2e37c1','2025-02-19 06:39:01','2025-02-26 09:18:45'),(10,'Chabbah.Aymen','2003102500428@ofppt-edu.ma',NULL,'$2y$12$NBdEJucCOdIk7cBvEminFeg2N6sCs2.CAgAWxYd0o/qFPti/MfXFu',0,'snYctVmeTHvS6TSFuczW0R4qfmf3g5u794E6r6qT3RqNOlJc2ZARPi8rdu42','e95db599-45e0-40f9-8170-f2638be1536f','2025-02-19 06:39:02','2025-02-19 10:00:50'),(11,'Aoulad amar.Samir','2003103100364@ofppt-edu.ma',NULL,'$2y$12$RhDX1Sz3gANGUQc19kQ/1.aT9/SwIPilLLN5hlCV4/6LJ21.iiocy',0,NULL,'72abdbfc-351b-4a4a-be05-6f30fd969cc7','2025-02-19 06:39:02','2025-02-27 09:25:03'),(12,'Bougtoub.Samia','1995022200188@ofppt-edu.ma',NULL,'$2y$12$xWGT.PLYcWjOsbW1zpx5HeLadpeVgANMNNqmYfWDDVNJouPQepsPy',0,'ivITg98jpA8bIsuIJcdXWEeEslN6bICyVXjE6Fgex3n4A9MwMm8e1T3Tffne','12ecd4fe-4cd5-4e10-96fb-5815c95d5a64','2025-02-19 06:39:02','2025-02-20 08:08:01'),(13,'Tribak el yedri.Ayoub','2001020300395@ofppt-edu.ma',NULL,'$2y$12$ymr5K43/AXLYvX8Q2mmJk.RL24sHO/C1lips6DIdesasKg2ep7lvq',0,NULL,'85c29622-393c-426a-b481-a83791cf2ab1','2025-02-19 06:39:03','2025-02-20 07:46:36'),(14,'Dehbi.Dina','2005033100082@ofppt-edu.ma',NULL,'$2y$12$y1sEqMc.5j7GYP9DySAn1.oBFDrroNGBjzOIfv08RsetbA4Hwj61K',0,'kqAnpHMFc4ZNLsJMznBgwGTAFuNNGNc0m3GgqaZl0n3EBMFtN36im8pHo1yR','d43e453a-5e04-4ffb-82d5-97e385af5f3b','2025-02-19 06:39:03','2025-02-24 15:32:47'),(15,'Amazu.Ayoub','1999111900447@ofppt-edu.ma',NULL,'$2y$12$.I/i0qZ71YZSyA6rte3h5uYsCacui7H2IQTbbYjP.TOuVYc2CzO1q',0,NULL,'7c89ec3a-e022-4190-a5c0-e812f84a7407','2025-02-19 06:39:03','2025-02-27 09:26:37'),(16,'Bardich.Oussama-mouad','2001072700235@ofppt-edu.ma',NULL,'$2y$12$CLOExlvzUlIwULE3/m9vku9Vjv71d4.ICc/iYqbFjwvOe9aYTKf8q',0,'e2hD5VPr8V5q1qR4goPpI2oAA7SLKAgor5yNSf2HVgGHCrVexmkIFWYemHS4','342ebdeb-8967-4bb6-99aa-fc9db55685f5','2025-02-19 06:39:03','2025-02-19 10:19:26'),(17,'Bennani kabchi.Mohammed amine','2005020600263@ofppt-edu.ma',NULL,'$2y$12$PhNnDbL.Vns8/ZpiTRpk5.eZUb.OWPVX4ffnXCRVsFIM0Kkl4KRrS',0,NULL,'5d532f04-f397-401d-9108-5027544cffd9','2025-02-19 06:39:04','2025-02-20 07:45:46'),(18,'Suirita.Fahd','2004092600325@ofppt-edu.ma',NULL,'$2y$12$iMkt3DYU5fQB7Ca4kqUAieUooMpDYGc2c4gKQLvVVhsIOAnknOYaa',0,'7hCnL3CpT0Fh4GM2Lieu2WpPyf6x0bcHA7qty11BlQUXSy7B6AQO1eV13FME','ccdd3918-fd5f-4bb3-8151-5e6423fa9f99','2025-02-19 06:39:04','2025-02-20 07:47:21'),(19,'Zoubair.Douae','2004101300111@ofppt-edu.ma',NULL,'$2y$12$LZ5KvrskBbmQXY4/nJFfzeHLVtjxLypm9tdaao5xyB05DQHvzZdli',0,'6vMt6AS5qmzjS5F6wrf0MuPW5ASN0s6WQ3kIoGt6ZZYqpcAnErRsYIlbFTc7','a13c5cb3-439e-4b5c-a7d2-bf0938ab48f7','2025-02-19 06:39:04','2025-02-19 10:35:57'),(20,'Azizi.Zakaria','2005061300261@ofppt-edu.ma',NULL,'$2y$12$xSwuJ5QvlVFeo3fTtgHrA.YDZ7R3NHZAr91WUYXO1M5z78J2zX6n2',0,NULL,'ebb7a344-456d-409f-9c0b-2298c31ae7a2','2025-02-19 06:39:04','2025-02-20 08:01:19'),(21,'Jaber.Fatima zohra','199208010257@ofppt-edu.ma',NULL,'$2y$12$3Kro3Jgf1btiEaYHEyY4..ymGpTHdsRdujTRgyi.ODl3ERE5LvkGW',1,NULL,'c99a307a-f1a9-47f0-ac43-797db24aae87','2025-02-19 06:39:05','2025-02-19 06:39:05'),(22,'Aboulmajd.Kenza','2000091000575@ofppt-edu.ma',NULL,'$2y$12$9pEj8x3BSYFyrEy6H9ELBeD8UF43HU1063HGz2Q9USDmyprbqpT4m',1,NULL,'52ba2676-5754-4c49-aaa4-2b28ddc8b507','2025-02-19 06:39:05','2025-02-19 06:39:05'),(23,'Mezgueldi.Tasnim','2005080200411@ofppt-edu.ma',NULL,'$2y$12$GaycwqFBA6nLjCPugeFA1eyHJKoqRNWvZVOObAKJaE5lkrIti2g.C',1,NULL,'e7e68ece-734c-4342-b172-a249ccb5154e','2025-02-19 06:39:05','2025-02-19 06:39:05'),(24,'Benmouna.Safae','2003091500522@ofppt-edu.ma',NULL,'$2y$12$FutmNLJJ2RrBVaEKz0AiLO/NTfXTuoQnhr4cWH.qC6MOoWZrAtJCC',1,NULL,'0f0f5b61-a781-4a23-8a1c-16d0cc5c1db9','2025-02-19 06:39:06','2025-02-19 06:39:06'),(25,'Srifi.Firdaous','2002062000595@ofppt-edu.ma',NULL,'$2y$12$WkiANjxqkCtX3.OrD1OPhOdyhh6NjTTXeCnbRo4ukbhlyjkNokbCm',1,NULL,'7cb5581b-f2df-4b8d-be75-88c3757bcba5','2025-02-19 06:39:06','2025-02-19 06:39:06'),(26,'El hadiq.Farah','2005030700237@ofppt-edu.ma',NULL,'$2y$12$tPLiQatxPUeGkToKNjz2C.TnT1LA70kAsyBc.AGtUnAflbzNnL2cy',1,NULL,'58306975-7103-4a48-b099-117edd36df66','2025-02-19 06:39:06','2025-02-19 06:39:06'),(27,'El malki.Hafsa','2006060500234@ofppt-edu.ma',NULL,'$2y$12$iH24UUxHlrZVXQ338VUwH.5OFPVuDrrXT4RX09XOUXsMsMcMZL0Jm',1,NULL,'c9e4a772-244f-4a1e-84de-404165b4e2a3','2025-02-19 06:39:06','2025-02-19 06:39:06'),(28,'Tahayekt.Mariam','2005091300370@ofppt-edu.ma',NULL,'$2y$12$vIeDnMwWk3.sr0RmNj6qyOiBrktFx3PlrDOLSMW7BwyQsi08RJeM2',1,NULL,'fa13834e-8349-4df2-aee3-b8d2451e5289','2025-02-19 06:39:07','2025-02-19 06:39:07'),(29,'Snabi.Hafssa','2004070800377@ofppt-edu.ma',NULL,'$2y$12$udIuBwKMenPdL.Qx3WBpp.t7WBoN/8lBgsMH7GWIm0iDFmZy4I/Cy',1,NULL,'ef0fe969-920a-4071-a36f-b0a553b89cc1','2025-02-19 06:39:07','2025-02-19 06:39:07'),(30,'El aissaoui.Hafsa','2002070700490@ofppt-edu.ma',NULL,'$2y$12$AEbrlaTan07mpADVEwDxyOchFbhncT9OxwW.wft0LkxfMRJpIIene',1,NULL,'8910c815-5632-452e-9695-22627e846e0b','2025-02-19 06:39:07','2025-02-19 06:39:07'),(31,'El ghoual.Fatin','2003092300431@ofppt-edu.ma',NULL,'$2y$12$jO5Pa4vhKTsj1DIME9nt0.xnnnGn3oNG/OVeuDqCy2yBuSSmJWjn.',1,NULL,'621f785b-4d50-4221-ae3a-c0b2bb0197eb','2025-02-19 06:39:08','2025-02-19 06:39:08'),(32,'Kesksu.Salma','2006112500208@ofppt-edu.ma',NULL,'$2y$12$WbT5GZYYA8XpMBCPE3xZQepEXRohVjJSslf2B2vDLj34MHxS0TkFO',1,NULL,'e99c61b4-dccb-4098-8519-59d787a4abc6','2025-02-19 06:39:08','2025-02-19 06:39:08'),(33,'Izman.Khouloud','2005033100084@ofppt-edu.ma',NULL,'$2y$12$AJuXx4uEIlPWfDyIvYPTWONFdvPKx3.ulG8VFzSktKwgbgDwDLyem',1,NULL,'200c8d54-3409-4200-87e4-8fb8b9f13e8b','2025-02-19 06:39:08','2025-02-19 06:39:08'),(34,'Griyech.Ikram','2004032900285@ofppt-edu.ma',NULL,'$2y$12$k0nG22NtvDDpzqIy3Zl3f.WeO33a0lykZLsHM4tk0EONDQjsIJnwS',1,NULL,'36f957ef-f217-4d65-acf6-1bdc95ca9cb7','2025-02-19 06:39:08','2025-02-19 06:39:08'),(35,'Alimi.Chourouk','2004071200353@ofppt-edu.ma',NULL,'$2y$12$Qx7sJSdXlYRpx/AvIop5xOLJrf0NDgXmWUVj1/xF0K9mpQB5109OO',1,NULL,'9173dae8-cdb9-4c36-927a-f2ce2fbff232','2025-02-19 06:39:09','2025-02-19 06:39:09'),(36,' bakkali.Oumaima','2003101300193@ofppt-edu.ma',NULL,'$2y$12$zkZSOK07rh28xUi.GwFm2.xHfbJ3N0vqt6pM3ioWhAHsiUHF016jW',1,NULL,'3d62abc3-4e31-4953-ad00-496b42665775','2025-02-19 06:39:09','2025-02-19 06:39:09'),(37,'Had-dad.Yasmine','2000082400499@ofppt-edu.ma',NULL,'$2y$12$.K7jpX7ATuxh3Ve8K7aGh.D8lqAbszz923JbYQdnN5eDPmKme9QKO',1,NULL,'ae522d78-745b-473f-a145-9f48d8d1bd80','2025-02-19 06:39:09','2025-02-19 06:39:09'),(38,'Jarane.Hamza','2003102600434@ofppt-edu.ma',NULL,'$2y$12$gO/ucgCFDo9pihm4k.BYKuCZcUxjN6Hps64S0d3MHDb4UjF3Tcu2y',0,NULL,'c86abf69-850d-48f0-893a-32e7575dca20','2025-02-19 06:39:09','2025-02-21 07:19:52'),(39,'Chaddade.Maroua','2006122800190@ofppt-edu.ma',NULL,'$2y$12$JANlUr2COnY1Gn6ldX.2vuDagdUxrcl.g5LelmMpGtoeS7LXKTZ1G',1,NULL,'423258ea-10c4-4aad-b9c3-239e435fe0f4','2025-02-19 06:39:10','2025-02-19 06:39:10'),(40,'Dellal.Fatima zahrae','2003062400115@ofppt-edu.ma',NULL,'$2y$12$e.MCGiaNmyUoVknX1cRLOuqLi28uCHP5IpyIx0fOku8mwK3uzGpHe',1,NULL,'09acb7e1-013f-45b5-9b18-13b842949382','2025-02-19 06:39:10','2025-02-19 06:39:10'),(41,'Sahsah.Dekra','2003081600401@ofppt-edu.ma',NULL,'$2y$12$P.iTzNl9ZFUSwwzkpTeLxOn0lJil.XgPyrrRFGC6q7bRJKHlzfbNK',1,NULL,'ad9b0940-cf2c-4aee-b054-e05bb292a99c','2025-02-19 06:39:10','2025-02-19 06:39:10'),(42,'Amjar.Khadija','2005012100388@ofppt-edu.ma',NULL,'$2y$12$9D62Job0yaVmVyyo3eVuA.3Y0omcoiDwHZhBS44GrsTSXl8ppmp66',1,NULL,'7d02ce29-d7c6-46a5-a80a-16f701695bbb','2025-02-19 06:39:11','2025-02-19 06:39:11'),(43,'Bouzine.Rokaya','2002082000188@ofppt-edu.ma',NULL,'$2y$12$QF.Bterqx7N7wUC1jeTZe.H2s8w5b7FvYwz6p4o6qkBbBayUhuPGi',1,NULL,'88705830-ae62-4485-9695-b6ce53936bc6','2025-02-19 06:39:11','2025-02-19 06:39:11'),(44,'El alami.Jamila','2002072200491@ofppt-edu.ma',NULL,'$2y$12$Qh00icevzZOyynuLJtZhc.12t1JXljMBVDmcz8o./cAVppJBGx.v6',1,NULL,'3a64e46a-90a5-4f84-97f8-d752f07c0f1c','2025-02-19 06:39:11','2025-02-19 06:39:11'),(45,'Khallouk.Narjis','2005080900382@ofppt-edu.ma',NULL,'$2y$12$440B3YX2Mtoo/OfweAoUVeIMzxmL4jlFOBdlw9N81tYr1zvY2Yqru',1,NULL,'e5afbcba-fbf9-45c4-b25f-70f0d2509c12','2025-02-19 06:39:11','2025-02-19 06:39:11'),(46,'Ibouha.Mohamed amine','2002020200313@ofppt-edu.ma',NULL,'$2y$12$zPivasFF5CGbuln6F6avrudhwU.pY60jde0CamZ.GuaHISR81GXUG',1,NULL,'a3673ff3-0308-4ea3-bcfb-d53637615550','2025-02-19 06:39:12','2025-02-19 06:39:12'),(47,'El achiri.Mohamed aymane','2006012400147@ofppt-edu.ma',NULL,'$2y$12$PDPlN.h3R7mzbrvs1SH9YOOfL01H0OxfwJaEUamatEKRotmsgwPxO',1,NULL,'2175d6d2-33fe-4649-ba77-f4d27acc3a40','2025-02-19 06:39:12','2025-02-19 06:39:12'),(48,'El-marnysy.Monir','2003082800517@ofppt-edu.ma',NULL,'$2y$12$HtgKRtafbddLSuMC0YibPueUNxZIz1Lr4HCNk6pAH7KiYpQZJmuqu',1,NULL,'ff14feb0-b2b6-4053-99f6-ab000e1898d4','2025-02-19 06:39:12','2025-02-19 06:39:12'),(49,'Satou.Mohamedamine','2002080500022@ofppt-edu.ma',NULL,'$2y$12$lyMFoa/HAUgZweEyvmSXtO1BbZPfprNa39e3Q4yNgiK7.uWvks/vq',1,NULL,'112dd42c-725a-4392-b29c-feaa0e111f75','2025-02-19 06:39:13','2025-02-19 06:39:13'),(50,'Boulaich azifi.Mohamed larbi','2005041700169@ofppt-edu.ma',NULL,'$2y$12$hjUxlhthg/97T3EvMOj6FuqXc6eWFdhbKD4th.iniLX9slrvNg1k6',1,NULL,'e4c794c5-ab07-4ded-9ce5-382059bdfcdc','2025-02-19 06:39:13','2025-02-19 06:39:13'),(51,'El emrani.Bilal','2006053000194@ofppt-edu.ma',NULL,'$2y$12$hEEPqwgyh1Xn8Qg7faFQv.XBCXHikWmr04pjD9M5IX5CdQAUlZHYq',1,NULL,'1299f615-9191-48b0-a736-ad52860ac2f1','2025-02-19 06:39:13','2025-02-19 06:39:13'),(52,'Machraa.Soukayna','2001063000326@ofppt-edu.ma',NULL,'$2y$12$LFRAOZ/UDIDyD1Fnus1rPudbrFTyUA6HPJ6NBRRqlkaZysM6V46HO',1,NULL,'f82dcc19-2859-4c21-8c44-05d1a87d9094','2025-02-19 06:39:13','2025-02-19 06:39:13'),(53,'Belhadj.Yahya','2004100500309@ofppt-edu.ma',NULL,'$2y$12$d9.mUVbzztPt/6rWcMQww.Dh9GQ9s1XcgiEvFQZICXDlVJjlfF7DS',1,NULL,'c63cfbf4-1742-4ed5-b935-876c5471dd76','2025-02-19 06:39:14','2025-02-19 06:39:14'),(54,'El khobzi.Zaid','2000111700200@ofppt-edu.ma',NULL,'$2y$12$jDS7/kpNYadBVPw6WQ8l1OT8uOKhSncVYKr/Y4vgMisuVKyTkih0e',1,NULL,'f2753753-a216-47cb-bb7f-8c2f73699b92','2025-02-19 06:39:14','2025-02-19 06:39:14'),(55,'El aouami badissi.Youssef','2005070900328@ofppt-edu.ma',NULL,'$2y$12$ysRK4IWIrZ1fFRpf1pCAsOToEA0YI8PtQnm5YJqR2h6H9ZDxQFWAa',1,NULL,'50b014b0-2d46-45cf-b0ff-a25764f5a93d','2025-02-19 06:39:14','2025-02-19 06:39:14'),(56,'Aziz.Soufiane','2004062300205@ofppt-edu.ma',NULL,'$2y$12$X5vlTLfsuk/iCESP4dJnouX2Y2ZDvncfC3n69Mvg0GthGA1Dnhj2.',1,NULL,'bd2a5ee9-5bce-4376-97ae-e1957c0368d0','2025-02-19 06:39:14','2025-02-19 06:39:14'),(57,'Benali.Ilyes','2002052000565@ofppt-edu.ma',NULL,'$2y$12$BCIS.5jKEKd6Oi52pA0TUOAoU/3UkKRorrbS26WozwJWNs86aUfFu',1,NULL,'60133ba3-7aff-4bb2-8804-a63e7dfa85ef','2025-02-19 06:39:15','2025-02-19 06:39:15'),(58,'Jalyta.Ayoub','2001062100454@ofppt-edu.ma',NULL,'$2y$12$KvjVLlM0qFThkqXuutEIye48CNW1A02CyhYcyE29gyoM3aPg6OxQ2',1,NULL,'33f110f6-a378-4a4b-9a42-71b06a678f98','2025-02-19 06:39:15','2025-02-19 06:39:15'),(59,'Haltout.Mohamed','2000030200512@ofppt-edu.ma',NULL,'$2y$12$21csbF1UOYz570y.2jtJH.1iteLWNCs.moX0QgUUSAkc1sCiQdLv.',1,NULL,'1db67ef0-3bd7-4141-947f-63af6473af21','2025-02-19 06:39:15','2025-02-19 06:39:15'),(60,'Ait brahim.Soufyan','2001110100697@ofppt-edu.ma',NULL,'$2y$12$L75e1zpobBvScbB2AdjI/eB3hb047Gi1xUI6A2ZWop60A1XdfU2YO',1,NULL,'232f756f-e2f4-4749-8e30-c913d9d12071','2025-02-19 06:39:15','2025-02-19 06:39:15'),(61,'Afilal.Mohammed','2001010800600@ofppt-edu.ma',NULL,'$2y$12$0fCZnhMgE.cQXkwH0ziXluTAiY0a3AVCUI9XvtjrZzaE3ZjmOj2IC',1,NULL,'cec4b105-4e65-42a2-9614-33e9922816cd','2025-02-19 06:39:16','2025-02-19 06:39:16'),(62,'Aoulad el hadj.Azeddine','1999091200359@ofppt-edu.ma',NULL,'$2y$12$AiAHUYzXLbOJPJtu5WfnM.uxqvVJch3Q5YsbsPX4rAzD075RWWwDC',1,NULL,'4379a701-69c2-4070-9e46-df7495b2e1db','2025-02-19 06:39:16','2025-02-19 06:39:16'),(63,'Ait benalla.Hichame','2003060300207@ofppt-edu.ma',NULL,'$2y$12$JkXlpX3Hala0COZz5ai42eGvGFCzPXw6zN.sohVN1GoN90dObxUC.',1,NULL,'15b6a385-9dbf-4351-89b1-4b904ee2e7a4','2025-02-19 06:39:16','2025-02-19 06:39:16'),(64,'Gharrafi.Ayoub','2003031800469@ofppt-edu.ma',NULL,'$2y$12$CrYH39d4F62FDGDbXXrmEOKMEOok8qcpt5pL7QdqsKtwvsm0am5OO',1,NULL,'59fe07b1-02c4-46ea-a03c-949c031d2c73','2025-02-19 06:39:16','2025-02-19 06:39:16'),(65,'Laantit.Omar','2002070100527@ofppt-edu.ma',NULL,'$2y$12$PvwAPGRXdPuZTm1lh3O1euq0qQLNJ/zMiwIx0eXS4VnN5lgdnQFmy',1,NULL,'46ea5dac-9380-4109-aa17-2c4b5b4071fb','2025-02-19 06:39:17','2025-02-19 06:39:17'),(66,'Ben yekhlef.Anouar','2003110300494@ofppt-edu.ma',NULL,'$2y$12$iyL7m5MofVkTxl6Bg2fkLOP/ZaGwAKmC3UerqyQidaQwGSxY8LUoG',1,NULL,'e3e26e62-d7c2-45dd-97e2-cfbb81c2eee7','2025-02-19 06:39:17','2025-02-19 06:39:17'),(67,'El bakhti.Mostafa','2004022600411@ofppt-edu.ma',NULL,'$2y$12$3.hjWkuRymeSTMUCUkeF1uJAd.7o5hd2J8hj.FJNvtFKv4xqSQSO6',1,NULL,'3b88a781-e1d6-4525-a99b-45505239af70','2025-02-19 06:39:17','2025-02-19 06:39:17'),(68,'Boulhak.Taha','2002111900253@ofppt-edu.ma',NULL,'$2y$12$YT9FF/3mKQh2.4Yf.lY0zup5s07DtH47yMWkb/c3BIWyCg877l9fW',1,NULL,'02ff28b3-6cff-450f-b8ba-af3c81825c8d','2025-02-19 06:39:17','2025-02-19 06:39:17'),(69,'Assefri.Mohamed el habib','2004100400424@ofppt-edu.ma',NULL,'$2y$12$r70z3s.SERYrpmomGgU2rulKpCVlbMHalVAvuDWVFd5ZlWXXqEibu',1,NULL,'f956d31c-1d12-4818-8230-5eb8a3474d19','2025-02-19 06:39:18','2025-02-19 06:39:18'),(70,'Mallouli.Abdelhay','2006020500252@ofppt-edu.ma',NULL,'$2y$12$J0gS2jsNgdO5fWKSGIWTz.SddxIU7iXJRh7XSjdsk.sAp1BRdhpai',1,NULL,'9ba22e1e-d287-4a60-85d8-81d812602432','2025-02-19 06:39:18','2025-02-19 06:39:18'),(71,'El cadi.Mohammad','2004060300401@ofppt-edu.ma',NULL,'$2y$12$4zcUTKLJ8/aBvaxO0BxoXuUccx958Dl7aAnLwRfj6bfUE8Zjnmn.2',1,NULL,'1d849b7d-3d52-446a-83b1-5a11cd8e8e96','2025-02-19 06:39:18','2025-02-19 06:39:18'),(72,'Belcaid.Yassir','2005042700308@ofppt-edu.ma',NULL,'$2y$12$OP4PJEX8zQFaTEPXRb.D5uwljV0mUKiglyMeITmKItzVr9k8Ab9Bi',1,NULL,'5a7e71d4-e99c-416b-88b8-edc8fb49e6c2','2025-02-19 06:39:19','2025-02-19 06:39:19'),(73,'Gattoa.Yassir','2002071400245@ofppt-edu.ma',NULL,'$2y$12$1qz1FIvqQs.T6dAubh/AS.KLVKkWz62MvYndTHZW5Ucve7GtY2AJy',1,NULL,'607f79d4-4401-414c-ad24-79d2e85613c2','2025-02-19 06:39:19','2025-02-19 06:39:19'),(74,'Bouzine.Adam','2006011300310@ofppt-edu.ma',NULL,'$2y$12$xXFqB2XBp0L17YdI/MDwBuJHgylsNk9eVldIxfU.ttjk3IvKHejqS',1,NULL,'0c409a37-8a68-4e61-9920-9a9f22765b46','2025-02-19 06:39:19','2025-02-19 06:39:19'),(75,'Karkich.Mohammed jalal','2005081500441@ofppt-edu.ma',NULL,'$2y$12$Wjs6IwHxFpDHfwUuFVB0j.yoK4v/kwSfacOXFsGx5nJ7AmcbHSqie',1,NULL,'252eca86-f8e3-4ac5-b64d-536e83e7070f','2025-02-19 06:39:19','2025-02-19 06:39:19'),(76,'El meayouf.Mohammed','2005121600129@ofppt-edu.ma',NULL,'$2y$12$ipmeaHy1zBmutYqNLRdie.qAyS5Nu45.1udUst3GjflB1AF2QrUYm',1,NULL,'d59fa59e-6bb0-4f86-86f1-9e1b82a5f38c','2025-02-19 06:39:20','2025-02-19 06:39:20'),(77,'Zouheir.Mohammed amine','2004053100124@ofppt-edu.ma',NULL,'$2y$12$2bv4ZAlhsTcC1MObWp287uRws/BKECCHSGpKh4uiI8EyW7aOeH3Jm',1,NULL,'8c781e62-00b2-4cf1-8068-816498ede31a','2025-02-19 06:39:20','2025-02-19 06:39:20'),(78,'Goum.Ilias','2003040200523@ofppt-edu.ma',NULL,'$2y$12$V7fbkSwHgu4lasnxnodvr.QvCL34UaC9aQ8uZKKlNlstYiw/BQ1Ya',1,NULL,'ea1c2c51-1694-417d-9650-6f31f0de579c','2025-02-19 06:39:20','2025-02-19 06:39:20'),(79,'Daouib.Yassine','2003020200494@ofppt-edu.ma',NULL,'$2y$12$SZvth/j2FlHtVCc8.IXm3OyUi4MevCterRspcHrLVrLWeHQ.klNaq',1,NULL,'5867b25a-4e15-40fb-9ac5-497cbd3d5679','2025-02-19 06:39:20','2025-02-19 06:39:20'),(80,'Ouskour.Abdelali','2001062700220@ofppt-edu.ma',NULL,'$2y$12$YXrhGR359E/Rc2hPpP1C4.Z8HsXUHZiKf9axxnB1QK1dw3KxeaSiC',1,NULL,'af936e61-ccd0-4304-93ba-68d4d220ce13','2025-02-19 06:39:21','2025-02-19 06:39:21'),(81,'El ouahabi.Ali','2003111200520@ofppt-edu.ma',NULL,'$2y$12$74opKWwkNvs7.0TVPZiFJOhsy7vyebeA7yBBqr9Zxcf1HXgE9KZBa',1,NULL,'52b00050-4ab0-4571-a209-6f368dcff8f8','2025-02-19 06:39:21','2025-02-19 06:39:21'),(82,'Talhi.Saad','2003060900458@ofppt-edu.ma',NULL,'$2y$12$zWvraPKXHdL0LZszAeFp7.CRottWL.RapVjS09stiUAWD93kMh9qu',1,NULL,'0e729dde-7f32-4aaa-91b5-54ae9d0e30ca','2025-02-19 06:39:21','2025-02-19 06:39:21'),(83,'Mezziane.Mohamed','2001061800423@ofppt-edu.ma',NULL,'$2y$12$qs3vhooiF8Fk8BRVzBKH5eL9rXRrOy0ZbQxTHv..G0Lznv6nN3qm6',0,NULL,'8daaa1e5-75e5-40bc-ba4d-7d8d2cccb91c','2025-02-19 06:39:22','2025-02-20 07:46:25'),(84,'Kharbach.Basma','2005021800362@ofppt-edu.ma',NULL,'$2y$12$cmbXWuHJPQjFQY.ySPD4IeySKk09tQkaVl1Sky2kes3Yd271.H/m6',1,NULL,'caa4f4e8-0565-48e0-b0c1-56d3470ab2db','2025-02-19 06:39:22','2025-02-19 06:39:22'),(85,'Ech-charyf.Nour','2006122000219@ofppt-edu.ma',NULL,'$2y$12$h/u07zg2neqs9bzytUUOh.JTgli2517iHvGHlupEfycmUbD0umbM2',1,NULL,'085f3e0b-9bf7-47b9-99b8-7503227fc1c2','2025-02-19 06:39:22','2025-02-19 06:39:22'),(86,'Mohamed abouamasha.Amin','2003032100431@ofppt-edu.ma',NULL,'$2y$12$g5Mmy.i4FrUf2HurA6W2l.zLVCE7CRj4HoCpSxgSR9RNqBP4ewKwy',1,NULL,'77840c9a-267f-45ba-8e77-6d50a5293584','2025-02-19 06:39:22','2025-02-19 06:39:22'),(87,'El afia.Aymane','2005071000199@ofppt-edu.ma',NULL,'$2y$12$DShLiQuCto.to0ZGbYkbp.A.leDA3FZnO4koTjrWBoR1OprCXZKqq',1,NULL,'eb9d39bd-877c-4893-ad54-395bdc46e90b','2025-02-19 06:39:23','2025-02-19 06:39:23'),(88,'Ez ziyani.Mohamed','2002031500411@ofppt-edu.ma',NULL,'$2y$12$ic2i02KsLuGZLNsNcnj1B.ovqs2Vn/zD4ktmY349pHwjzE1AjdZWy',1,NULL,'71f54bd8-a65a-4d89-aa46-c024d689a4be','2025-02-19 06:39:23','2025-02-19 06:39:23'),(89,'Basri.Yahya','2004081900451@ofppt-edu.ma',NULL,'$2y$12$.RX.Wq7tegN0QBk.XZERZO9Pw1TRTXFXPAUakn/zSqYXDxLAsPx6.',0,'3xzqNtJXNgVXYxWVSYX731SWV5EJNLRSIMD3gg9Jfcf6ftOSUhMT6YDbenr3','0c3f561f-562f-44f5-a949-85afc2a6f6f4','2025-02-19 06:39:23','2025-02-19 10:04:19'),(90,'Johrati.Hamza','2004082600364@ofppt-edu.ma',NULL,'$2y$12$y8bQmdP88GmNh5/cETFhBOQv0OH7Pa20AIP5zpxZ9.NVxJb3TTj7e',1,NULL,'d9a57b34-6102-4469-9b9f-d7c6fd62d26f','2025-02-19 06:39:23','2025-02-19 06:39:23'),(91,'Chalkhoune.Hamza','2005031700141@ofppt-edu.ma',NULL,'$2y$12$d.Jr7WCNxTxJQ17KiZr5auLaUKu8E9aZF8UC61A6X2Exj/r3wO5vy',1,NULL,'8d199cb5-3806-4979-adc5-d24d59bc0b99','2025-02-19 06:39:24','2025-02-19 06:39:24'),(92,'Alilech.Assia','2003092500486@ofppt-edu.ma',NULL,'$2y$12$W.hLe0uLq7NAe.KpIibbKOeHA8MB2VcV4pZZscgybfmD0xUvbuH4y',1,NULL,'b3265ba1-59b3-4e73-affb-0a40700fece9','2025-02-19 06:39:24','2025-02-19 06:39:24'),(93,'Es-saoudy.Salah eddine','2003041800456@ofppt-edu.ma',NULL,'$2y$12$UnYeHxmRz3lmPldQ0yT4QedaSKvxw6Xbcd5DQh8YgQ.NMWTkGn2dS',1,NULL,'e4aa660d-3647-4edb-b346-4d749c972502','2025-02-19 06:39:24','2025-02-19 06:39:24'),(94,'Chekkour.Hamida','2004030400296@ofppt-edu.ma',NULL,'$2y$12$8QN4eSt5kzOLAskVfRKgq.QJyqQ/KElSJCDnJ5E8Ol.CTS55cFGD6',1,NULL,'f2538d0b-22da-41fd-bebd-be8133b0d489','2025-02-19 06:39:24','2025-02-19 06:39:24'),(95,'Sentoussi.Mohamed karam','2000121300148@ofppt-edu.ma',NULL,'$2y$12$499WijunS614c8n0ZzvtCe.XeVeifTzoJd.MArOV7QAiszVwYR2wy',1,NULL,'6669e2df-a698-4fa3-93c0-ee48c2194e0d','2025-02-19 06:39:25','2025-02-19 06:39:25'),(96,'Boulaich azifi.Ikram','2006072000243@ofppt-edu.ma',NULL,'$2y$12$z2h12Ju.c5PA82ar3eQtuureh9xNHryXM7M4jvLjEQBbkxEpG1hhG',1,NULL,'dbc4b01f-ae0d-4614-bcd0-00d948c2577a','2025-02-19 06:39:25','2025-02-19 06:39:25'),(97,'Berrak.Khansae','2005110600345@ofppt-edu.ma',NULL,'$2y$12$DICb12wieA25MKomZZcjmOUxbw/pN7ZcJ4y5dXTGfN3ILP1dCROYS',1,NULL,'b8272ee4-ddc5-45b0-997c-5ccfb4c7605e','2025-02-19 06:39:25','2025-02-19 06:39:25'),(98,'Ranbok.Imane','2002050100315@ofppt-edu.ma',NULL,'$2y$12$bRPk83.EiVskoeE6ThDShebHdWwwLUr4FT4sYa0TH.MdT/gYw.oPO',1,NULL,'fbee0bdc-c350-457b-8f13-5b7b00696b0b','2025-02-19 06:39:25','2025-02-19 06:39:25'),(99,'El haouari.Yaacoub','2004113000260@ofppt-edu.ma',NULL,'$2y$12$pnc/US5P/.gOqJmejQbdXefE0wetWIrYCaYe7tri7tmgEfd/.V4VG',1,NULL,'585f4dd5-1516-4663-be11-3672c97dda28','2025-02-19 06:39:26','2025-02-19 06:39:26'),(100,'El khouraib.Zaynab','2004010600347@ofppt-edu.ma',NULL,'$2y$12$6j0Lj001kTrp6iSZINSG3OMohqIi35PO6RcmxL82aO56aCifjm3ly',1,NULL,'595b4f60-d1bd-4dec-a02f-3007c667bef5','2025-02-19 06:39:26','2025-02-19 06:39:26'),(101,'Kesksu.Adnane','2005080900373@ofppt-edu.ma',NULL,'$2y$12$RWtzlApncRdzQ3MbDr6yvu84xFT7iApNS/31iYrRheXgK34WwleVW',1,NULL,'a97f077f-1792-4eac-a577-91ba6699746e','2025-02-19 06:39:26','2025-02-19 06:39:26'),(102,'ESSARRAJ Fouad','fouad.essarraj@ofppt-edu.ma',NULL,'$2y$12$qi45miksX60wtr8NUmz57utuHlZvTF5Eb1JA7VFKm7em3.d.ooccS',0,'KwOaoHSfY7BntwqvWwq2WM2E3AO6Q9X8q9GuzdjpOENSx0wEjTtR1e6RrR2M','c293557e-0302-4d10-a2ba-4d7a87ebcf7b','2025-02-19 06:39:35','2025-02-19 06:49:21'),(103,'CHEBAB FATIN','fatin.chebab@ofppt-edu.ma',NULL,'$2y$12$1qZndDBf/xtWHx73IDr2yO0vVyz9SSCOLDZd.P5zFnN0oooV5xUC6',1,NULL,'19fdb33a-ba83-4c29-8193-589579d0e164','2025-02-19 06:39:36','2025-02-19 06:39:36'),(104,'BOUZIANE IMANE','imane.bouziane@ofppt-edu.ma',NULL,'$2y$12$0RuuvtJG2QZlmsU0hErpG.Y0qeuJOM9.DtvQt6wU7jy/TEdJ7fSg2',0,NULL,'95ca359b-cfa2-4850-b98c-450c3f3cf28a','2025-02-19 06:39:36','2025-02-25 12:52:13'),(105,'SOKLABI ABDELLATIF','abdellatif.soklabi@ofppt-edu.ma',NULL,'$2y$12$AoRyMIJetaxh3q6VSMYYDumB17LKUbA3XBZEPOEu9LCIFTzIUhWhW',0,'98ghvmYq2WrasKFGOYxEsw9MTEKhaYWu7Et7ncKy7wquNlIRxFGoVNecrnZM','9346150d-f001-4390-9c9a-7e092364b341','2025-02-19 06:39:36','2025-02-21 09:52:57'),(106,'EL MASOUDI EL MASOUDI','abelouahab.elmasoudi@ofppt-edu.ma',NULL,'$2y$12$RwpDAV/n3jmFD1uNQJ0NHOEcjlAFL2X0YcFuDrJGPhjscbgtaoVlK',1,NULL,'1635d7fb-5d03-4a71-947a-2a4694dcd219','2025-02-19 06:39:37','2025-02-19 06:39:37');
/*!40000 ALTER TABLE `users` ENABLE KEYS */;
UNLOCK TABLES;

--
-- Table structure for table `validations`
--

DROP TABLE IF EXISTS `validations`;
/*!40101 SET @saved_cs_client     = @@character_set_client */;
/*!50503 SET character_set_client = utf8mb4 */;
CREATE TABLE `validations` (
  `id` bigint unsigned NOT NULL AUTO_INCREMENT,
  `note` float DEFAULT NULL,
  `message` longtext CHARACTER SET utf8mb4 COLLATE utf8mb4_unicode_ci,
  `is_valide` tinyint(1) NOT NULL DEFAULT '0',
  `transfert_competence_id` bigint unsigned NOT NULL,
  `realisation_projet_id` bigint unsigned NOT NULL,
  `reference` varchar(255) CHARACTER SET utf8mb4 COLLATE utf8mb4_unicode_ci NOT NULL,
  `created_at` timestamp NULL DEFAULT NULL,
  `updated_at` timestamp NULL DEFAULT NULL,
  PRIMARY KEY (`id`),
  UNIQUE KEY `validations_reference_unique` (`reference`),
  KEY `validations_transfert_competence_id_foreign` (`transfert_competence_id`),
  KEY `validations_realisation_projet_id_foreign` (`realisation_projet_id`),
  CONSTRAINT `validations_realisation_projet_id_foreign` FOREIGN KEY (`realisation_projet_id`) REFERENCES `realisation_projets` (`id`) ON DELETE CASCADE,
  CONSTRAINT `validations_transfert_competence_id_foreign` FOREIGN KEY (`transfert_competence_id`) REFERENCES `transfert_competences` (`id`) ON DELETE CASCADE
) ENGINE=InnoDB AUTO_INCREMENT=5 DEFAULT CHARSET=utf8mb4 COLLATE=utf8mb4_unicode_ci;
/*!40101 SET character_set_client = @saved_cs_client */;

--
-- Dumping data for table `validations`
--

LOCK TABLES `validations` WRITE;
/*!40000 ALTER TABLE `validations` DISABLE KEYS */;
INSERT INTO `validations` VALUES (3,0,NULL,1,4,36,'20255115-a954-4d70-9cc4-b03dee046ec7','2025-02-25 12:36:02','2025-02-25 12:36:10'),(4,12,NULL,1,15,134,'b72c5009-6dc9-4c97-9df4-81c86f4ec0f0','2025-02-25 14:55:41','2025-02-25 14:55:41');
/*!40000 ALTER TABLE `validations` ENABLE KEYS */;
UNLOCK TABLES;

--
-- Table structure for table `villes`
--

DROP TABLE IF EXISTS `villes`;
/*!40101 SET @saved_cs_client     = @@character_set_client */;
/*!50503 SET character_set_client = utf8mb4 */;
CREATE TABLE `villes` (
  `id` bigint unsigned NOT NULL AUTO_INCREMENT,
  `nom` varchar(255) CHARACTER SET utf8mb4 COLLATE utf8mb4_unicode_ci NOT NULL,
  `reference` varchar(255) CHARACTER SET utf8mb4 COLLATE utf8mb4_unicode_ci NOT NULL,
  `created_at` timestamp NULL DEFAULT NULL,
  `updated_at` timestamp NULL DEFAULT NULL,
  PRIMARY KEY (`id`),
  UNIQUE KEY `villes_reference_unique` (`reference`)
) ENGINE=InnoDB AUTO_INCREMENT=11 DEFAULT CHARSET=utf8mb4 COLLATE=utf8mb4_unicode_ci;
/*!40101 SET character_set_client = @saved_cs_client */;

--
-- Dumping data for table `villes`
--

LOCK TABLES `villes` WRITE;
/*!40000 ALTER TABLE `villes` DISABLE KEYS */;
INSERT INTO `villes` VALUES (1,'Casablanca','89627e01-8d87-4895-9c48-0890f27c797b','2025-02-19 06:39:31','2025-02-19 06:39:31'),(2,'Rabat','1564b1b3-1870-49f8-9b5d-f5e8423064d0','2025-02-19 06:39:31','2025-02-19 06:39:31'),(3,'Marrakech','40365d8a-9b69-4a34-a0ef-49bc8fb9564b','2025-02-19 06:39:31','2025-02-19 06:39:31'),(4,'Fès','eae408a6-f334-434b-a940-07d377a4cb33','2025-02-19 06:39:31','2025-02-19 06:39:31'),(5,'Tanger','223a9931-1374-4823-9cde-9838401827e3','2025-02-19 06:39:31','2025-02-19 06:39:31'),(6,'Agadir','33b66e6d-eb6b-4da4-ac43-c4efa5e5e154','2025-02-19 06:39:31','2025-02-19 06:39:31'),(7,'Meknès','50759859-922a-4d96-8778-09b776f543f5','2025-02-19 06:39:31','2025-02-19 06:39:31'),(8,'Oujda','18a2bc7d-6d5b-4c42-a61f-57d30c91931b','2025-02-19 06:39:31','2025-02-19 06:39:31'),(9,'Tetouan','69c00705-c739-4b21-9690-23eb1bfe48c0','2025-02-19 06:39:31','2025-02-19 06:39:31'),(10,'Kenitra','0025c08f-5183-428f-80e0-ab11757bfa3b','2025-02-19 06:39:31','2025-02-19 06:39:31');
/*!40000 ALTER TABLE `villes` ENABLE KEYS */;
UNLOCK TABLES;

--
-- Table structure for table `widget_operations`
--

DROP TABLE IF EXISTS `widget_operations`;
/*!40101 SET @saved_cs_client     = @@character_set_client */;
/*!50503 SET character_set_client = utf8mb4 */;
CREATE TABLE `widget_operations` (
  `id` bigint unsigned NOT NULL AUTO_INCREMENT,
  `operation` varchar(255) CHARACTER SET utf8mb4 COLLATE utf8mb4_unicode_ci NOT NULL,
  `description` longtext CHARACTER SET utf8mb4 COLLATE utf8mb4_unicode_ci,
  `reference` varchar(255) CHARACTER SET utf8mb4 COLLATE utf8mb4_unicode_ci NOT NULL,
  `created_at` timestamp NULL DEFAULT NULL,
  `updated_at` timestamp NULL DEFAULT NULL,
  PRIMARY KEY (`id`),
  UNIQUE KEY `widget_operations_reference_unique` (`reference`)
) ENGINE=InnoDB AUTO_INCREMENT=8 DEFAULT CHARSET=utf8mb4 COLLATE=utf8mb4_unicode_ci;
/*!40101 SET character_set_client = @saved_cs_client */;

--
-- Dumping data for table `widget_operations`
--

LOCK TABLES `widget_operations` WRITE;
/*!40000 ALTER TABLE `widget_operations` DISABLE KEYS */;
INSERT INTO `widget_operations` VALUES (1,'count','Compter les enregistrements','2cdc0623-db64-4efc-8ce8-ba6424601196','2025-02-19 06:39:38','2025-02-19 06:39:38'),(2,'sum','Calculer la somme d\'une colonne','796eac10-f75d-4b5d-9b4d-ef4fba3cc576','2025-02-19 06:39:38','2025-02-19 06:39:38'),(3,'getGroupedByColumn','Grouper les résultats par une colonne','85cf9950-f97e-472d-9c4b-161765bffe52','2025-02-19 06:39:38','2025-02-19 06:39:38'),(4,'average','Calculer la moyenne d\'une colonne','c934b68a-0be1-4b79-b9a8-09479f2810ae','2025-02-19 06:39:38','2025-02-19 06:39:38'),(5,'min','Trouver la valeur minimale d\'une colonne','b97a901b-5719-4718-bc83-dba87d35ad9e','2025-02-19 06:39:38','2025-02-19 06:39:38'),(6,'max','Trouver la valeur maximale d\'une colonne','56788d46-6d56-484f-9799-b44e2e6f94ef','2025-02-19 06:39:38','2025-02-19 06:39:38'),(7,'distinct','Compter les valeurs distinctes d\'une colonne','e3c4c590-d4a7-49b9-8ab9-acb8c4baf20b','2025-02-19 06:39:38','2025-02-19 06:39:38');
/*!40000 ALTER TABLE `widget_operations` ENABLE KEYS */;
UNLOCK TABLES;

--
-- Table structure for table `widget_types`
--

DROP TABLE IF EXISTS `widget_types`;
/*!40101 SET @saved_cs_client     = @@character_set_client */;
/*!50503 SET character_set_client = utf8mb4 */;
CREATE TABLE `widget_types` (
  `id` bigint unsigned NOT NULL AUTO_INCREMENT,
  `type` varchar(255) CHARACTER SET utf8mb4 COLLATE utf8mb4_unicode_ci NOT NULL,
  `description` longtext CHARACTER SET utf8mb4 COLLATE utf8mb4_unicode_ci,
  `reference` varchar(255) CHARACTER SET utf8mb4 COLLATE utf8mb4_unicode_ci NOT NULL,
  `created_at` timestamp NULL DEFAULT NULL,
  `updated_at` timestamp NULL DEFAULT NULL,
  PRIMARY KEY (`id`),
  UNIQUE KEY `widget_types_reference_unique` (`reference`)
) ENGINE=InnoDB AUTO_INCREMENT=6 DEFAULT CHARSET=utf8mb4 COLLATE=utf8mb4_unicode_ci;
/*!40101 SET character_set_client = @saved_cs_client */;

--
-- Dumping data for table `widget_types`
--

LOCK TABLES `widget_types` WRITE;
/*!40000 ALTER TABLE `widget_types` DISABLE KEYS */;
INSERT INTO `widget_types` VALUES (1,'card','Widget affichant une carte avec des données synthétiques','312be3c3-50a0-4eca-bd87-84a96814d10c','2025-02-19 06:39:37','2025-02-19 06:39:37'),(2,'chart','Widget affichant un graphique','54fa0ca9-cfae-470b-8732-45bc3650397d','2025-02-19 06:39:37','2025-02-19 06:39:37'),(3,'table','Widget affichant un tableau de données','858e8703-47fd-4e1e-a673-effc8bb747ed','2025-02-19 06:39:37','2025-02-19 06:39:37'),(4,'statistic','Widget affichant une statistique rapide','6c564402-2798-4e16-9773-28f2595e26e6','2025-02-19 06:39:37','2025-02-19 06:39:37'),(5,'progress','Widget affichant une barre de progression','5390f515-bec2-49d9-87a3-ee322bc7b160','2025-02-19 06:39:37','2025-02-19 06:39:37');
/*!40000 ALTER TABLE `widget_types` ENABLE KEYS */;
UNLOCK TABLES;

--
-- Table structure for table `widgets`
--

DROP TABLE IF EXISTS `widgets`;
/*!40101 SET @saved_cs_client     = @@character_set_client */;
/*!50503 SET character_set_client = utf8mb4 */;
CREATE TABLE `widgets` (
  `id` bigint unsigned NOT NULL AUTO_INCREMENT,
  `name` varchar(255) CHARACTER SET utf8mb4 COLLATE utf8mb4_unicode_ci NOT NULL,
  `type_id` bigint unsigned NOT NULL,
  `model_id` bigint unsigned NOT NULL,
  `operation_id` bigint unsigned NOT NULL,
  `color` varchar(255) CHARACTER SET utf8mb4 COLLATE utf8mb4_unicode_ci DEFAULT NULL,
  `icon` varchar(255) CHARACTER SET utf8mb4 COLLATE utf8mb4_unicode_ci DEFAULT NULL,
  `label` varchar(255) CHARACTER SET utf8mb4 COLLATE utf8mb4_unicode_ci DEFAULT NULL,
  `parameters` json DEFAULT NULL,
  `reference` varchar(255) CHARACTER SET utf8mb4 COLLATE utf8mb4_unicode_ci NOT NULL,
  `created_at` timestamp NULL DEFAULT NULL,
  `updated_at` timestamp NULL DEFAULT NULL,
  PRIMARY KEY (`id`),
  UNIQUE KEY `widgets_reference_unique` (`reference`),
  KEY `widgets_type_id_foreign` (`type_id`),
  KEY `widgets_model_id_foreign` (`model_id`),
  KEY `widgets_operation_id_foreign` (`operation_id`),
  CONSTRAINT `widgets_model_id_foreign` FOREIGN KEY (`model_id`) REFERENCES `sys_models` (`id`) ON DELETE CASCADE,
  CONSTRAINT `widgets_operation_id_foreign` FOREIGN KEY (`operation_id`) REFERENCES `widget_operations` (`id`) ON DELETE CASCADE,
  CONSTRAINT `widgets_type_id_foreign` FOREIGN KEY (`type_id`) REFERENCES `widget_types` (`id`) ON DELETE CASCADE
) ENGINE=InnoDB AUTO_INCREMENT=5 DEFAULT CHARSET=utf8mb4 COLLATE=utf8mb4_unicode_ci;
/*!40101 SET character_set_client = @saved_cs_client */;

--
-- Dumping data for table `widgets`
--

LOCK TABLES `widgets` WRITE;
/*!40000 ALTER TABLE `widgets` DISABLE KEYS */;
INSERT INTO `widgets` VALUES (1,'Formateurs',1,18,1,'primary','fa-newspaper','Nombre total des formateur','{}','9cb59026-c805-4678-9c23-f62cddaf6652','2025-02-19 06:39:38','2025-02-19 06:39:38'),(2,'Apprenants',1,16,1,'primary','fa-newspaper','Nombre total des apprenants','{}','e077990b-b35e-4bf0-ba03-2fdf13f2537a','2025-02-19 06:39:38','2025-02-19 06:39:38'),(3,'Groupes',1,19,1,'primary','fa-newspaper','Nombre total des groupes','{}','28046585-e62b-4eb3-8742-3b1afac64b58','2025-02-19 06:39:38','2025-02-19 06:39:38'),(4,'Exemple',1,1,1,'success','fa-check-circle','Exemple','{\"published\": true}','ff008db1-ad9a-4409-a5d5-42b89629217c','2025-02-19 06:39:38','2025-02-19 06:39:38');
/*!40000 ALTER TABLE `widgets` ENABLE KEYS */;
UNLOCK TABLES;
/*!40103 SET TIME_ZONE=@OLD_TIME_ZONE */;

/*!40101 SET SQL_MODE=@OLD_SQL_MODE */;
/*!40014 SET FOREIGN_KEY_CHECKS=@OLD_FOREIGN_KEY_CHECKS */;
/*!40014 SET UNIQUE_CHECKS=@OLD_UNIQUE_CHECKS */;
/*!40101 SET CHARACTER_SET_CLIENT=@OLD_CHARACTER_SET_CLIENT */;
/*!40101 SET CHARACTER_SET_RESULTS=@OLD_CHARACTER_SET_RESULTS */;
/*!40101 SET COLLATION_CONNECTION=@OLD_COLLATION_CONNECTION */;
/*!40111 SET SQL_NOTES=@OLD_SQL_NOTES */;

-- Dump completed on 2025-03-03 10:58:36
